_group,_leagueName,球员ID,球员姓名,球员英文名,球衣号,年龄,sex,球队ID,球队名称,位置,身高,体重,位置(中文),赛事ID,赛事名称,赛季ID,赛季,年份,出场次数,上场时间(秒),上场时间(分钟),位置筛选(全部/按位置),有效命中率百分位排名,有效命中率,篮下频率百分位排名,篮下出手数,篮下命中率百分位排名,篮下命中率,中距离频率百分位排名,中距离出手数,中距离命中率百分位排名,中距离命中率,三分频率百分位排名,三分出手数,三分命中率百分位排名,三分命中率,罚球频率百分位排名,罚球出手数,罚球命中率百分位排名,罚球命中率,底角三分出手数百分位排名,底角三分出手数,底角三分命中率百分位排名,底角三分命中率,非底角三分出手数百分位排名,非底角三分出手数,非底角三分命中率百分位排名,非底角三分命中率,球员短中距离出手数百分位排名,短中距离出手数,球员短中距离命中率百分位排名,短中距离命中率,球员长中距离出手数百分位排名,长中距离出手数,球员长中距离命中率百分位排名,长中距离命中率
CUBAL一级联赛,CUBAL一级联赛,76061,赵婧涵,,,18,,1003320449,北京大学,总和,,,,20005,CUBAL一级联赛,200406,2024-25,2024,28,14869,247.8,true,98.64,0.714286,76.19,32,97.96,0.875,65.99,18,96.6,0.555556,77.55,20,91.16,0.4,74.83,19,89.12,0.842105,0,,0,0,0,,0,0,0,,0,0,0,,0,0
CUBAL一级联赛,CUBAL一级联赛,76061,赵婧涵,Zhao Jinghan,1,18,,1003320449,北京大学,PF,185,73,大前锋,20005,CUBAL一级联赛,200406,2024-25,2024,15,9785,0.658,false,97.97,0.682692,67.57,28,97.3,0.857143,61.49,15,88.51,0.466667,56.76,9,87.16,0.333333,58.11,12,93.24,0.916667,0,0,0,0,61.49,9,83.78,0.333333,72.3,14,87.16,0.5,24.32,1,0,0
CUBAL一级联赛,CUBAL一级联赛,76061,赵婧涵,Zhao Jinghan,1,18,,1003320449,北京大学,SF,185,73,小前锋,20005,CUBAL一级联赛,200406,2024-25,2024,11,4719,0.317,false,100,0.794118,11.56,3,100,1,17.69,3,100,1,36.73,11,96.6,0.454545,46.26,7,72.79,0.714286,24.49,1,100,1,41.5,10,89.8,0.4,24.49,3,100,1,0,0,0,0
CUBAL一级联赛,CUBAL一级联赛,76061,赵婧涵,Zhao Jinghan,1,18,,1003320449,北京大学,C,185,73,中锋,20005,CUBAL一级联赛,200406,2024-25,2024,1,183,0.012,false,100,1,0.69,1,100,1,0,0,0,0,0,0,0,0,0,0,0,0,0,0,0,0,0,0,0,0,0,0,0,0,0,0,0,0
CUBAL一级联赛,CUBAL一级联赛,76061,赵婧涵,Zhao Jinghan,1,18,,1003320449,北京大学,SG,185,73,得分后卫,20005,CUBAL一级联赛,200406,2024-25,2024,1,182,0.012,false,0,0,0,0,0,0,0,0,0,0,0,0,0,0,0,0,0,0,0,0,0,0,0,0,0,0,0,0,0,0,0,0,0,0
CUBAL一级联赛,CUBAL一级联赛,30097,钱媛媛,Qian Yuanyuan,3,18,,1003320449,北京大学,总和,165,60,,20005,CUBAL一级联赛,200406,2024-25,2024,16,16664,277.7,true,91.94,0.54321,64.52,22,91.13,0.727273,42.74,10,79.03,0.4,84.68,49,82.26,0.326531,24.19,4,14.52,0.25,77.42,6,87.1,0.5,83.87,43,74.19,0.302326,44.35,8,74.19,0.375,49.19,2,87.1,0.5
CUBAL一级联赛,CUBAL一级联赛,30097,钱媛媛,Qian Yuanyuan,3,18,,1003320449,北京大学,PG,165,60,控球后卫,20005,CUBAL一级联赛,200406,2024-25,2024,16,16664,1,false,91.2,0.54321,64.8,22,90.4,0.727273,43.2,10,77.6,0.4,84,49,81.6,0.326531,24,4,14.4,0.25,77.6,6,87.2,0.5,83.2,43,73.6,0.302326,43.2,8,74.4,0.375,49.6,2,87.2,0.5
CUBAL一级联赛,CUBAL一级联赛,31999,贾晋文,Jia Jinwen,4,20,,1003320449,北京大学,总和,192,93,,20005,CUBAL一级联赛,200406,2024-25,2024,16,11301,188.4,true,76.92,0.507042,86.71,48,52.45,0.541667,76.22,22,88.11,0.454545,49.65,1,0,0,81.12,21,66.43,0.666667,0,0,0,0,49.65,1,0,0,83.92,20,81.12,0.45,24.48,2,87.41,0.5
CUBAL一级联赛,CUBAL一级联赛,31999,贾晋文,Jia Jinwen,4,20,,1003320449,北京大学,C,192,93,中锋,20005,CUBAL一级联赛,200406,2024-25,2024,16,11301,1,false,76.39,0.507042,86.11,48,52.08,0.541667,77.08,22,87.5,0.454545,49.31,1,0,0,80.56,21,65.97,0.666667,0,0,0,0,49.31,1,0,0,83.33,20,80.56,0.45,24.31,2,86.81,0.5
CUBAL一级联赛,CUBAL一级联赛,31999,贾晋文,,,19,,1003320449,北京大学,总和,,,,20005,CUBAL一级联赛,200267,2023-24,2023,19,18000,300,true,88.79,0.555556,80.17,44,96.55,0.818182,83.62,46,49.14,0.304348,0,0,0,0,76.72,24,36.21,0.5,0,,0,0,0,,0,0,0,,0,0,0,,0,0
CUBAL一级联赛,CUBAL一级联赛,31999,贾晋文,Jia Jinwen,4,19,,1003320449,北京大学,C,192,93,中锋,20005,CUBAL一级联赛,200267,2023-24,2023,12,12678,0.704,false,85.47,0.538462,72.65,34,99.15,0.882353,82.05,44,40.17,0.272727,0,0,0,0,65.81,18,47.01,0.555556,0,0,0,0,0,0,0,0,87.18,36,37.61,0.277778,67.52,8,49.57,0.25
CUBAL一级联赛,CUBAL一级联赛,31999,贾晋文,Jia Jinwen,4,19,,1003320449,北京大学,PF,192,93,大前锋,20005,CUBAL一级联赛,200267,2023-24,2023,7,5322,0.296,false,99.07,0.666667,36.11,10,62.96,0.6,4.63,2,100,1,0,0,0,0,29.63,6,20.37,0.333333,0,0,0,0,0,0,0,0,11.11,2,100,1,0,0,0,0
CUBAL一级联赛,CUBAL一级联赛,31999,贾晋文,,,18,,1003320449,北京大学,总和,,,,20005,CUBAL一级联赛,200069,2022-23,2022,3,543,9.1,true,0,0,0,0,0,0,0,0,0,0,0,0,0,0,27.78,2,44.44,0.5,0,,0,0,0,,0,0,0,,0,0,0,,0,0
CUBAL一级联赛,CUBAL一级联赛,31999,贾晋文,Jia Jinwen,4,18,,1003320449,北京大学,C,192,93,中锋,20005,CUBAL一级联赛,200069,2022-23,2022,2,431,0.794,false,0,0,0,0,0,0,0,0,0,0,0,0,0,0,26.32,2,47.37,0.5,0,0,0,0,0,0,0,0,0,0,0,0,0,0,0,0
CUBAL一级联赛,CUBAL一级联赛,31999,贾晋文,Jia Jinwen,4,18,,1003320449,北京大学,PF,192,93,大前锋,20005,CUBAL一级联赛,200069,2022-23,2022,1,112,0.206,false,0,0,0,0,0,0,0,0,0,0,0,0,0,0,0,0,0,0,0,0,0,0,0,0,0,0,0,0,0,0,0,0,0,0
CUBAL一级联赛,CUBAL一级联赛,92972,蔡雨昕,,,20,,1003320449,北京大学,总和,,,,20005,CUBAL一级联赛,200406,2024-25,2024,14,8378,139.6,true,97.83,0.575472,18.84,6,99.28,0.833333,32.61,8,65.22,0.375,73.91,39,94.2,0.384615,17.39,2,29.71,0.5,0,,0,0,0,,0,0,0,,0,0,0,,0,0
CUBAL一级联赛,CUBAL一级联赛,92972,蔡雨昕,Cai Yuxin,5,20,,1003320449,北京大学,SG,168,66,得分后卫,20005,CUBAL一级联赛,200406,2024-25,2024,6,5784,0.69,false,100,0.6625,14.39,5,96.4,0.8,11.51,4,100,0.75,64.75,31,97.12,0.419355,17.99,2,30.22,0.5,80.58,7,86.33,0.428571,62.59,24,96.4,0.416667,17.99,3,96.4,0.666667,24.46,1,100,1
CUBAL一级联赛,CUBAL一级联赛,92972,蔡雨昕,Cai Yuxin,5,20,,1003320449,北京大学,PG,168,66,控球后卫,20005,CUBAL一级联赛,200406,2024-25,2024,8,2594,0.31,false,21.6,0.307692,4.8,1,100,1,17.6,4,0,0,24,8,61.6,0.25,0,0,0,0,49.6,2,0,0,20.8,6,80.8,0.333333,11.2,2,0,0,49.6,2,0,0
CUBAL一级联赛,CUBAL一级联赛,92972,蔡雨昕,Cai Yuxin,15,19,,1003320449,北京大学,总和,167,60,,20005,CUBAL一级联赛,200267,2023-24,2023,1,1170,19.5,true,92.16,0.5,0,0,0,0,3.96,2,100,1,1.98,2,0,0,23.76,4,0,0,36.63,2,0,0,0,0,0,0,7.92,2,100,1,0,0,0,0
CUBAL一级联赛,CUBAL一级联赛,92972,蔡雨昕,Cai Yuxin,15,19,,1003320449,北京大学,PG,167,60,控球后卫,20005,CUBAL一级联赛,200267,2023-24,2023,1,1170,1,false,92.16,0.5,0,0,0,0,4.9,2,100,1,1.96,2,0,0,23.53,4,0,0,36.27,2,0,0,0,0,0,0,7.84,2,100,1,0,0,0,0
CUBAL一级联赛,CUBAL一级联赛,30230,安恒瑶,,,19,,1003320449,北京大学,总和,,,,20005,CUBAL一级联赛,200406,2024-25,2024,12,7346,122.4,true,85.31,0.555556,55.94,22,81.12,0.681818,49.65,14,70.63,0.357143,0,0,0,0,63.64,11,60.84,0.636364,0,,0,0,0,,0,0,0,,0,0,0,,0,0
CUBAL一级联赛,CUBAL一级联赛,30230,安恒瑶,An Hengyao,6,19,,1003320449,北京大学,C,190,115,中锋,20005,CUBAL一级联赛,200406,2024-25,2024,11,7258,0.988,false,84.72,0.555556,55.56,22,80.56,0.681818,49.31,14,70.83,0.357143,0,0,0,0,64.58,11,60.42,0.636364,0,0,0,0,0,0,0,0,61.81,11,81.94,0.454545,49.31,3,0,0
CUBAL一级联赛,CUBAL一级联赛,30230,安恒瑶,An Hengyao,6,19,,1003320449,北京大学,PF,190,115,大前锋,20005,CUBAL一级联赛,200406,2024-25,2024,1,88,0.012,false,0,0,0,0,0,0,0,0,0,0,0,0,0,0,0,0,0,0,0,0,0,0,0,0,0,0,0,0,0,0,0,0,0,0
CUBAL一级联赛,CUBAL一级联赛,30230,安恒瑶,An Hengyao,6,18,,1003320449,北京大学,总和,193,90,,20005,CUBAL一级联赛,200267,2023-24,2023,18,20222,337,true,98.28,0.617021,87.07,58,62.93,0.62069,75.86,36,97.41,0.611111,0,0,0,0,55.17,14,92.24,0.857143,0,0,0,0,0,0,0,0,70.69,22,94.83,0.545455,87.07,14,93.97,0.714286
CUBAL一级联赛,CUBAL一级联赛,30230,安恒瑶,An Hengyao,6,18,,1003320449,北京大学,C,193,90,中锋,20005,CUBAL一级联赛,200267,2023-24,2023,18,20222,1,false,97.44,0.617021,86.32,58,62.39,0.62069,75.21,36,96.58,0.611111,0,0,0,0,55.56,14,91.45,0.857143,0,0,0,0,0,0,0,0,70.94,22,94.02,0.545455,87.18,14,93.16,0.714286
CUBAL一级联赛,CUBAL一级联赛,80548,罗巧梅,,,21,,1003320449,北京大学,总和,,,,20005,CUBAL一级联赛,200406,2024-25,2024,11,7396,123.3,true,43.55,0.37037,8.06,2,100,1,45.97,11,32.26,0.181818,39.52,14,70.16,0.285714,11.29,2,100,1,0,,0,0,0,,0,0,0,,0,0,0,,0,0
CUBAL一级联赛,CUBAL一级联赛,80548,罗巧梅,Luo Qiaomei,7,21,,1003320449,北京大学,PG,173,68,控球后卫,20005,CUBAL一级联赛,200406,2024-25,2024,6,6062,0.82,false,15.2,0.277778,8,2,100,1,30.4,6,0,0,30.4,10,36.8,0.2,11.2,2,100,1,0,0,0,0,35.2,10,36.8,0.2,36.8,6,0,0,0,0,0,0
CUBAL一级联赛,CUBAL一级联赛,80548,罗巧梅,Luo Qiaomei,7,21,,1003320449,北京大学,SG,173,68,得分后卫,20005,CUBAL一级联赛,200406,2024-25,2024,5,1334,0.18,false,94.96,0.555556,0,0,0,0,17.99,5,74.82,0.4,13.67,4,97.84,0.5,0,0,0,0,0,0,0,0,14.39,4,97.12,0.5,17.99,3,55.4,0.333333,36.69,2,87.05,0.5
CUBAL一级联赛,CUBAL一级联赛,80548,罗巧梅,,,20,,1003320449,北京大学,总和,,,,20005,CUBAL一级联赛,200267,2023-24,2023,33,45776,762.9,true,96.52,0.581169,100,156,81.74,0.692308,98.26,108,88.7,0.462963,75.65,44,79.13,0.318182,98.26,80,84.35,0.775,0,,0,0,0,,0,0,0,,0,0,0,,0,0
CUBAL一级联赛,CUBAL一级联赛,80548,罗巧梅,Luo Qiaomei,7,20,,1003320449,北京大学,SG,172,65,得分后卫,20005,CUBAL一级联赛,200267,2023-24,2023,17,31838,0.696,false,98.28,0.626126,98.28,114,87.93,0.719298,94.83,72,93.1,0.5,65.52,36,94.83,0.388889,93.97,50,67.24,0.68,67.24,6,94.83,0.666667,67.24,30,83.62,0.333333,94.83,52,87.93,0.461538,96.55,20,87.07,0.6
CUBAL一级联赛,CUBAL一级联赛,80548,罗巧梅,Luo Qiaomei,7,20,,1003320449,北京大学,PG,172,65,控球后卫,20005,CUBAL一级联赛,200267,2023-24,2023,16,13938,0.304,false,80.39,0.465116,91.18,42,61.76,0.619048,84.31,36,80.39,0.388889,19.61,8,0,0,89.22,30,93.14,0.933333,0,0,0,0,23.53,8,0,0,87.25,34,64.71,0.352941,36.27,2,100,1
CUBAL一级联赛,CUBAL一级联赛,80549,王斯瑶,,,22,,1003320449,北京大学,总和,,,,20005,CUBAL一级联赛,200406,2024-25,2024,24,12007,200.1,true,68.12,0.453333,69.57,25,60.14,0.56,90.58,35,74.64,0.4,32.61,15,68.12,0.266667,77.54,21,95.65,0.904762,0,,0,0,0,,0,0,0,,0,0,0,,0,0
CUBAL一级联赛,CUBAL一级联赛,80549,王斯瑶,Wang Siyao,8,22,,1003320449,北京大学,SG,170,64,得分后卫,20005,CUBAL一级联赛,200406,2024-25,2024,10,4491,0.374,false,71.22,0.461538,27.34,9,94.96,0.777778,49.64,13,66.91,0.384615,13.67,4,0,0,30.22,6,100,1,24.46,1,0,0,12.95,3,0,0,61.87,12,75.54,0.416667,24.46,1,0,0
CUBAL一级联赛,CUBAL一级联赛,80549,王斯瑶,Wang Siyao,8,22,,1003320449,北京大学,SF,170,64,小前锋,20005,CUBAL一级联赛,200406,2024-25,2024,5,3990,0.332,false,91.16,0.537037,36.73,9,33.33,0.444444,46.26,9,95.92,0.666667,30.61,9,80.95,0.333333,49.66,8,100,1,42.86,2,87.07,0.5,30.61,7,68.03,0.285714,49.66,7,93.2,0.714286,49.66,2,87.07,0.5
CUBAL一级联赛,CUBAL一级联赛,80549,王斯瑶,Wang Siyao,8,22,,1003320449,北京大学,PG,170,64,控球后卫,20005,CUBAL一级联赛,200406,2024-25,2024,9,3526,0.294,false,34.4,0.340909,26.4,7,31.2,0.428571,55.2,13,41.6,0.230769,6.4,2,96.8,0.5,43.2,7,74.4,0.714286,0,0,0,0,8,2,93.6,0.5,61.6,12,49.6,0.25,24,1,0,0
CUBAL一级联赛,CUBAL一级联赛,80549,王斯瑶,,,21,,1003320449,北京大学,总和,,,,20005,CUBAL一级联赛,200267,2023-24,2023,14,21472,357.9,true,96.04,0.538462,98.02,58,62.38,0.62069,89.11,52,53.47,0.307692,39.6,20,99.01,0.6,55.45,12,92.08,0.833333,0,,0,0,0,,0,0,0,,0,0,0,,0,0
CUBAL一级联赛,CUBAL一级联赛,80549,王斯瑶,Wang Siyao,8,21,,1003320449,北京大学,PG,168,65,控球后卫,20005,CUBAL一级联赛,200267,2023-24,2023,13,20302,0.946,false,98.04,0.546875,97.06,56,67.65,0.642857,88.24,52,52.94,0.307692,42.16,20,98.04,0.6,42.16,8,80.39,0.75,36.27,2,0,0,47.06,18,96.08,0.666667,94.12,48,51.96,0.291667,49.02,4,87.25,0.5
CUBAL一级联赛,CUBAL一级联赛,80549,王斯瑶,Wang Siyao,8,21,,1003320449,北京大学,SG,168,65,得分后卫,20005,CUBAL一级联赛,200267,2023-24,2023,1,1170,0.054,false,0,0,0,2,0,0,0,0,0,0,0,0,0,0,17.24,4,100,1,0,0,0,0,0,0,0,0,0,0,0,0,0,0,0,0
CUBAL一级联赛,CUBAL一级联赛,32001,王乔睿,,,20,,1003320449,北京大学,总和,,,,20005,CUBAL一级联赛,200406,2024-25,2024,21,10910,181.8,true,78.99,0.488889,39.13,15,91.3,0.733333,49.28,13,67.39,0.384615,39.13,17,56.52,0.235294,23.91,4,80.43,0.75,0,,0,0,0,,0,0,0,,0,0,0,,0,0
CUBAL一级联赛,CUBAL一级联赛,32001,王乔睿,Wang Qiaorui,9,20,,1003320449,北京大学,SG,178,75,得分后卫,20005,CUBAL一级联赛,200406,2024-25,2024,12,6588,0.604,false,66.19,0.45,24.46,8,74.82,0.625,30.22,8,87.05,0.5,27.34,14,48.92,0.214286,24.46,4,80.58,0.75,0,0,0,0,36.69,14,49.64,0.214286,30.22,6,87.05,0.5,36.69,2,87.05,0.5
CUBAL一级联赛,CUBAL一级联赛,32001,王乔睿,Wang Qiaorui,9,20,,1003320449,北京大学,PG,178,75,控球后卫,20005,CUBAL一级联赛,200406,2024-25,2024,8,4303,0.394,false,94.4,0.607143,26.4,7,93.6,0.857143,17.6,4,46.4,0.25,8,3,84,0.333333,0,0,0,0,36.8,1,100,1,8,2,0,0,20.8,3,61.6,0.333333,24,1,0,0
CUBAL一级联赛,CUBAL一级联赛,32001,王乔睿,Wang Qiaorui,9,20,,1003320449,北京大学,SF,178,75,小前锋,20005,CUBAL一级联赛,200406,2024-25,2024,1,19,0.002,false,0,0,0,0,0,0,5.44,1,0,0,0,0,0,0,0,0,0,0,0,0,0,0,0,0,0,0,11.56,1,0,0,0,0,0,0
CUBAL一级联赛,CUBAL一级联赛,32001,王乔睿,,,19,,1003320449,北京大学,总和,,,,20005,CUBAL一级联赛,200267,2023-24,2023,13,11628,193.8,true,45.22,0.359375,24.35,8,89.57,0.75,77.39,26,55.65,0.307692,59.13,30,42.61,0.2,0,0,0,0,0,,0,0,0,,0,0,0,,0,0,0,,0,0
CUBAL一级联赛,CUBAL一级联赛,32001,王乔睿,Wang Qiaorui,9,19,,1003320449,北京大学,SG,178,74,得分后卫,20005,CUBAL一级联赛,200267,2023-24,2023,7,7952,0.684,false,27.59,0.318182,5.17,4,36.21,0.5,55.17,18,67.24,0.333333,47.41,22,32.76,0.181818,0,0,0,0,36.21,2,0,0,51.72,20,45.69,0.2,63.79,16,76.72,0.375,24.14,2,0,0
CUBAL一级联赛,CUBAL一级联赛,32001,王乔睿,Wang Qiaorui,9,19,,1003320449,北京大学,SF,178,74,小前锋,20005,CUBAL一级联赛,200267,2023-24,2023,5,3460,0.298,false,68.85,0.45,8.2,4,100,1,23.77,8,45.9,0.25,23.77,8,58.2,0.25,0,0,0,0,0,0,0,0,29.51,8,58.2,0.25,23.77,6,61.48,0.333333,36.07,2,0,0
CUBAL一级联赛,CUBAL一级联赛,32001,王乔睿,Wang Qiaorui,9,19,,1003320449,北京大学,PG,178,74,控球后卫,20005,CUBAL一级联赛,200267,2023-24,2023,1,216,0.019,false,0,0,0,0,0,0,0,0,0,0,0,0,0,0,0,0,0,0,0,0,0,0,0,0,0,0,0,0,0,0,0,0,0,0
CUBAL一级联赛,CUBAL一级联赛,32001,王乔睿,,,18,,1003320449,北京大学,总和,,,,20005,CUBAL一级联赛,200069,2022-23,2022,4,2432,40.5,true,88.89,0.535714,27.78,4,100,1,44.44,5,77.78,0.4,22.22,5,38.89,0.2,72.22,6,44.44,0.5,0,,0,0,0,,0,0,0,,0,0,0,,0,0
CUBAL一级联赛,CUBAL一级联赛,32001,王乔睿,Wang Qiaorui,6,18,,1003320449,北京大学,SG,178,74,得分后卫,20005,CUBAL一级联赛,200069,2022-23,2022,2,1877,0.772,false,100,0.722222,31.58,4,100,1,26.32,3,73.68,0.333333,10.53,2,100,0.5,21.05,2,100,1,47.37,1,100,1,10.53,1,0,0,31.58,3,63.16,0.333333,0,0,0,0
CUBAL一级联赛,CUBAL一级联赛,32001,王乔睿,Wang Qiaorui,6,18,,1003320449,北京大学,PG,178,74,控球后卫,20005,CUBAL一级联赛,200069,2022-23,2022,2,555,0.228,false,11.11,0.2,0,0,0,0,5.56,2,88.89,0.5,0,3,0,0,50,4,33.33,0.25,16.67,1,0,0,0,2,0,0,16.67,2,72.22,0.5,0,0,0,0
CUBAL一级联赛,CUBAL一级联赛,80550,伍湘琳,,,22,,1003320449,北京大学,总和,,,,20005,CUBAL一级联赛,200406,2024-25,2024,30,19941,332.4,true,54.03,0.392857,83.87,34,49.19,0.5,93.55,40,71.77,0.35,95.16,66,54.03,0.242424,98.39,43,82.26,0.767442,0,,0,0,0,,0,0,0,,0,0,0,,0,0
CUBAL一级联赛,CUBAL一级联赛,80550,伍湘琳,Wu Xianglin,10,22,,1003320449,北京大学,PG,173,75,控球后卫,20005,CUBAL一级联赛,200406,2024-25,2024,15,10098,0.506,false,60,0.40678,36.8,11,22.4,0.363636,71.2,18,51.2,0.277778,64,30,84,0.333333,64.8,14,100,1,61.6,3,0,0,68,27,88,0.37037,43.2,8,74.4,0.375,90.4,10,55.2,0.2
CUBAL一级联赛,CUBAL一级联赛,80550,伍湘琳,Wu Xianglin,10,22,,1003320449,北京大学,SG,173,75,得分后卫,20005,CUBAL一级联赛,200406,2024-25,2024,13,9294,0.466,false,56.12,0.407895,66.19,23,60.43,0.565217,74.82,21,83.45,0.428571,65.47,32,36.69,0.1875,89.93,29,58.27,0.655172,36.69,2,0,0,71.22,30,43.17,0.2,76.26,17,85.61,0.470588,68.35,4,55.4,0.25
CUBAL一级联赛,CUBAL一级联赛,80550,伍湘琳,Wu Xianglin,10,22,,1003320449,北京大学,SF,173,75,小前锋,20005,CUBAL一级联赛,200406,2024-25,2024,2,549,0.028,false,0,0,0,0,0,0,5.44,1,0,0,17.69,4,0,0,0,0,0,0,0,0,0,0,17.69,4,0,0,11.56,1,0,0,0,0,0,0
CUBAL一级联赛,CUBAL一级联赛,80550,伍湘琳,,,21,,1003320449,北京大学,总和,,,,20005,CUBAL一级联赛,200267,2023-24,2023,41,32766,546.1,true,15.65,0.291304,92.17,52,53.04,0.538462,93.91,58,27.83,0.206897,96.52,120,25.22,0.15,80.87,26,83.48,0.769231,0,,0,0,0,,0,0,0,,0,0,0,,0,0
CUBAL一级联赛,CUBAL一级联赛,80550,伍湘琳,Wu Xianglin,10,21,,1003320449,北京大学,SG,173,75,得分后卫,20005,CUBAL一级联赛,200267,2023-24,2023,17,23342,0.712,false,8.62,0.255814,89.66,44,36.21,0.5,85.34,38,14.66,0.105263,93.97,90,20.69,0.133333,67.24,18,84.48,0.777778,87.07,12,0,0,94.83,78,29.31,0.153846,80.17,22,24.14,0.181818,93.1,16,0,0
CUBAL一级联赛,CUBAL一级联赛,80550,伍湘琳,Wu Xianglin,10,21,,1003320449,北京大学,SF,173,75,小前锋,20005,CUBAL一级联赛,200267,2023-24,2023,12,5080,0.155,false,50.82,0.388889,8.2,4,36.07,0.5,39.34,14,91.8,0.428571,44.26,18,48.36,0.222222,32.79,8,77.05,0.75,36.07,2,100,1,47.54,16,26.23,0.125,39.34,10,83.61,0.4,61.48,4,86.89,0.5
CUBAL一级联赛,CUBAL一级联赛,80550,伍湘琳,Wu Xianglin,10,21,,1003320449,北京大学,PG,173,75,控球后卫,20005,CUBAL一级联赛,200267,2023-24,2023,12,4344,0.133,false,59.8,0.409091,10.78,4,100,1,13.73,6,59.8,0.333333,27.45,12,29.41,0.166667,0,0,0,0,0,0,0,0,32.35,12,30.39,0.166667,23.53,6,57.84,0.333333,0,0,0,0
CUBAL一级联赛,CUBAL一级联赛,32005,王家绘,,,22,,1003320449,北京大学,总和,,,,20005,CUBAL一级联赛,200406,2024-25,2024,30,25786,429.8,true,95.89,0.56713,100,114,80.82,0.666667,98.63,63,83.56,0.428571,84.25,39,80.82,0.333333,99.32,53,45.89,0.566038,0,,0,0,0,,0,0,0,,0,0,0,,0,0
CUBAL一级联赛,CUBAL一级联赛,32005,王家绘,Wang Jiahui,11,22,,1003320449,北京大学,SF,183,80,小前锋,20005,CUBAL一级联赛,200406,2024-25,2024,18,22623,0.877,false,94.56,0.558974,99.32,106,76.19,0.660377,97.96,55,84.35,0.436364,76.19,34,65.99,0.294118,97.28,47,51.7,0.595745,74.83,6,58.5,0.166667,78.91,28,74.83,0.321429,99.32,49,82.99,0.44898,80.95,6,74.83,0.333333
CUBAL一级联赛,CUBAL一级联赛,32005,王家绘,Wang Jiahui,11,22,,1003320449,北京大学,PF,183,80,大前锋,20005,CUBAL一级联赛,200406,2024-25,2024,7,2310,0.09,false,85.81,0.53125,17.57,6,83.78,0.666667,36.49,7,86.49,0.428571,34.46,3,87.16,0.333333,36.49,6,17.57,0.333333,49.32,1,0,0,36.49,2,93.24,0.5,43.92,7,81.08,0.428571,0,0,0,0
CUBAL一级联赛,CUBAL一级联赛,32005,王家绘,Wang Jiahui,11,22,,1003320449,北京大学,SG,183,80,得分后卫,20005,CUBAL一级联赛,200406,2024-25,2024,4,671,0.026,false,100,0.833333,2.16,1,100,1,2.16,1,0,0,5.04,1,100,1,0,0,0,0,0,0,0,0,5.04,1,100,1,5.04,1,0,0,0,0,0,0
CUBAL一级联赛,CUBAL一级联赛,32005,王家绘,Wang Jiahui,11,22,,1003320449,北京大学,PG,183,80,控球后卫,20005,CUBAL一级联赛,200406,2024-25,2024,1,182,0.007,false,100,1.25,4.8,1,100,1,0,0,0,0,6.4,1,100,1,0,0,0,0,0,0,0,0,6.4,1,100,1,0,0,0,0,0,0,0,0
CUBAL一级联赛,CUBAL一级联赛,32005,王家绘,,,21,,1003320449,北京大学,总和,,,,20005,CUBAL一级联赛,200267,2023-24,2023,30,49794,829.9,true,97.52,0.544041,99.17,174,55.37,0.574713,98.35,108,98.35,0.518519,97.52,104,90.91,0.346154,99.17,116,35.54,0.517241,0,,0,0,0,,0,0,0,,0,0,0,,0,0
CUBAL一级联赛,CUBAL一级联赛,32005,王家绘,Wang Jiahui,11,21,,1003320449,北京大学,SF,183,80,小前锋,20005,CUBAL一级联赛,200267,2023-24,2023,18,40402,0.811,false,96.72,0.543478,98.36,152,55.74,0.578947,95.08,86,95.9,0.488372,92.62,84,91.8,0.357143,98.36,112,36.07,0.517857,92.62,18,86.07,0.444444,93.44,66,86.89,0.333333,96.72,78,95.08,0.512821,80.33,8,61.48,0.25
CUBAL一级联赛,CUBAL一级联赛,32005,王家绘,Wang Jiahui,11,21,,1003320449,北京大学,PF,183,80,大前锋,20005,CUBAL一级联赛,200267,2023-24,2023,12,9392,0.189,false,97.22,0.546875,59.26,22,47.22,0.545455,59.26,22,100,0.636364,70.37,20,85.19,0.3,24.07,4,36.11,0.5,61.11,2,0,0,74.07,18,87.04,0.333333,67.59,20,94.44,0.6,36.11,2,100,1
CUBAL一级联赛,CUBAL一级联赛,32005,王家绘,,,20,,1003320449,北京大学,总和,,,,20005,CUBAL一级联赛,200069,2022-23,2022,5,5764,96.1,true,38.89,0.296875,94.44,15,61.11,0.533333,83.33,12,0,0,27.78,5,72.22,0.2,88.89,13,88.89,0.615385,0,,0,0,0,,0,0,0,,0,0,0,,0,0
CUBAL一级联赛,CUBAL一级联赛,32005,王家绘,Wang Jiahui,11,20,,1003320449,北京大学,SF,183,80,小前锋,20005,CUBAL一级联赛,200069,2022-23,2022,3,4773,0.828,false,47.37,0.326923,73.68,12,63.16,0.583333,73.68,10,0,0,26.32,4,84.21,0.25,84.21,13,84.21,0.615385,31.58,1,0,0,26.32,3,84.21,0.333333,78.95,10,0,0,0,0,0,0
CUBAL一级联赛,CUBAL一级联赛,32005,王家绘,Wang Jiahui,11,20,,1003320449,北京大学,SG,183,80,得分后卫,20005,CUBAL一级联赛,200069,2022-23,2022,2,991,0.172,false,5.26,0.166667,21.05,3,21.05,0.333333,21.05,2,0,0,0,1,0,0,0,0,0,0,0,0,0,0,10.53,1,0,0,21.05,2,0,0,0,0,0,0
CUBAL一级联赛,CUBAL一级联赛,92136,冯蔡依曼,,,19,,1003320449,北京大学,总和,,,,20005,CUBAL一级联赛,200406,2024-25,2024,13,6771,112.9,true,88.11,0.580645,63.64,24,52.45,0.541667,26.57,7,97.9,0.714286,0,0,0,0,49.65,8,55.94,0.625,0,,0,0,0,,0,0,0,,0,0,0,,0,0
CUBAL一级联赛,CUBAL一级联赛,92136,冯蔡依曼,Feng Caiyiman,12,19,,1003320449,北京大学,C,190,91,中锋,20005,CUBAL一级联赛,200406,2024-25,2024,8,4410,0.651,false,69.44,0.470588,36.81,14,43.06,0.5,11.81,3,61.81,0.333333,0,0,0,0,43.06,6,36.81,0.5,0,0,0,0,0,0,0,0,11.81,2,89.58,0.5,18.06,1,0,0
CUBAL一级联赛,CUBAL一级联赛,92136,冯蔡依曼,Feng Caiyiman,12,19,,1003320449,北京大学,PF,190,91,大前锋,20005,CUBAL一级联赛,200406,2024-25,2024,5,2361,0.349,false,97.97,0.714286,30.41,10,76.35,0.6,17.57,4,100,1,0,0,0,0,11.49,2,100,1,0,0,0,0,0,0,0,0,30.41,4,100,1,0,0,0,0
CUBAL一级联赛,CUBAL一级联赛,92136,冯蔡依曼,Feng Caiyiman,12,18,,1003320449,北京大学,总和,190,91,,20005,CUBAL一级联赛,200267,2023-24,2023,1,2462,41,true,59.81,0.428571,18.69,6,80.37,0.666667,27.1,8,36.45,0.25,0,0,0,0,0,0,0,0,0,0,0,0,0,0,0,0,27.1,6,64.49,0.333333,36.45,2,0,0
CUBAL一级联赛,CUBAL一级联赛,92136,冯蔡依曼,Feng Caiyiman,12,18,,1003320449,北京大学,PF,190,91,大前锋,20005,CUBAL一级联赛,200267,2023-24,2023,1,2462,1,false,59.26,0.428571,20.37,6,80.56,0.666667,26.85,8,36.11,0.25,0,0,0,0,0,0,0,0,0,0,0,0,0,0,0,0,26.85,6,63.89,0.333333,36.11,2,0,0
CUBAL一级联赛,CUBAL一级联赛,32006,李美潼,,,22,,1003320449,北京大学,总和,,,,20005,CUBAL一级联赛,200406,2024-25,2024,25,19683,328.1,true,89.12,0.549107,96.6,64,76.19,0.59375,95.92,43,94.56,0.511628,42.86,5,55.78,0.2,100,64,78.23,0.703125,0,,0,0,0,,0,0,0,,0,0,0,,0,0
CUBAL一级联赛,CUBAL一级联赛,32006,李美潼,Li Meitong,13,22,,1003320449,北京大学,PF,186,78,大前锋,20005,CUBAL一级联赛,200406,2024-25,2024,18,18145,0.922,false,85.14,0.529126,92.57,57,70.95,0.578947,94.59,41,90.54,0.487805,42.57,5,55.41,0.2,99.32,58,79.05,0.706897,80.41,4,74.32,0.25,24.32,1,0,0,94.59,35,85.81,0.485714,74.32,6,87.16,0.5
CUBAL一级联赛,CUBAL一级联赛,32006,李美潼,Li Meitong,13,22,,1003320449,北京大学,C,186,78,中锋,20005,CUBAL一级联赛,200406,2024-25,2024,6,1356,0.069,false,100,0.857143,15.97,5,96.53,0.8,5.56,2,100,1,0,0,0,0,43.06,6,65.97,0.666667,0,0,0,0,0,0,0,0,11.81,2,100,1,0,0,0,0
CUBAL一级联赛,CUBAL一级联赛,32006,李美潼,Li Meitong,13,22,,1003320449,北京大学,SF,186,78,小前锋,20005,CUBAL一级联赛,200406,2024-25,2024,1,182,0.009,false,83.67,0.5,5.44,2,49.66,0.5,0,0,0,0,0,0,0,0,0,0,0,0,0,0,0,0,0,0,0,0,0,0,0,0,0,0,0,0
CUBAL一级联赛,CUBAL一级联赛,32006,李美潼,,,21,,1003320449,北京大学,总和,,,,20005,CUBAL一级联赛,200267,2023-24,2023,36,47822,797,true,92.52,0.521186,100,142,71.03,0.633803,97.2,90,68.22,0.333333,39.25,4,96.26,0.5,100,116,72.9,0.706897,0,,0,0,0,,0,0,0,,0,0,0,,0,0
CUBAL一级联赛,CUBAL一级联赛,32006,李美潼,Li Meitong,13,21,,1003320449,北京大学,PF,186,74,大前锋,20005,CUBAL一级联赛,200267,2023-24,2023,18,29210,0.611,false,65.74,0.447761,96.3,78,52.78,0.564103,87.96,54,55.56,0.296296,36.11,2,0,0,98.15,74,85.19,0.783784,0,0,0,0,36.11,2,0,0,94.44,50,63.89,0.32,49.07,4,0,0
CUBAL一级联赛,CUBAL一级联赛,32006,李美潼,Li Meitong,13,21,,1003320449,北京大学,C,186,74,中锋,20005,CUBAL一级联赛,200267,2023-24,2023,17,17678,0.37,false,91.45,0.568182,84.62,52,78.63,0.692308,75.21,36,74.36,0.388889,0,0,0,0,91.45,38,52.99,0.578947,0,0,0,0,0,0,0,0,80.34,30,67.52,0.4,61.54,6,61.54,0.333333
CUBAL一级联赛,CUBAL一级联赛,32006,李美潼,Li Meitong,13,21,,1003320449,北京大学,SF,186,74,小前锋,20005,CUBAL一级联赛,200267,2023-24,2023,1,934,0.02,false,100,0.928571,36.07,12,93.44,0.833333,0,0,0,0,10.66,2,100,1,17.21,4,29.51,0.5,0,0,0,0,11.48,2,100,1,0,0,0,0,0,0,0,0
CUBAL一级联赛,CUBAL一级联赛,32006,李美潼,,,20,,1003320449,北京大学,总和,,,,20005,CUBAL一级联赛,200069,2022-23,2022,6,4914,81.9,true,60,0.421053,80,9,70,0.666667,55,10,20,0.2,0,0,0,0,90,15,70,0.8,0,,0,0,0,,0,0,0,,0,0,0,,0,0
CUBAL一级联赛,CUBAL一级联赛,32006,李美潼,Li Meitong,13,20,,1003320449,北京大学,PF,186,74,大前锋,20005,CUBAL一级联赛,200069,2022-23,2022,3,3414,0.695,false,90.48,0.545455,33.33,6,90.48,0.833333,33.33,5,19.05,0.2,0,0,0,0,85.71,13,80.95,0.923077,0,0,0,0,0,0,0,0,47.62,5,14.29,0.2,0,0,0,0
CUBAL一级联赛,CUBAL一级联赛,32006,李美潼,Li Meitong,13,20,,1003320449,北京大学,C,186,74,中锋,20005,CUBAL一级联赛,200069,2022-23,2022,3,1500,0.305,false,10.53,0.25,0,3,26.32,0.333333,47.37,5,21.05,0.2,0,0,0,0,26.32,2,0,0,0,0,0,0,0,0,0,0,63.16,4,42.11,0.25,36.84,1,0,0
CUBAL一级联赛,CUBAL一级联赛,32013,王雨桐,,,20,,1003320449,北京大学,总和,,,,20005,CUBAL一级联赛,200406,2024-25,2024,21,17592,293.2,true,90.91,0.585106,95.1,62,80.42,0.677419,86.01,30,86.01,0.433333,55.94,2,0,0,97.9,46,64.34,0.652174,0,,0,0,0,,0,0,0,,0,0,0,,0,0
CUBAL一级联赛,CUBAL一级联赛,32013,王雨桐,Wang Yutong,16,20,,1003320449,北京大学,C,183,130,中锋,20005,CUBAL一级联赛,200406,2024-25,2024,16,16327,0.928,false,91.67,0.595238,93.06,57,81.25,0.684211,81.94,25,86.81,0.44,55.56,2,0,0,95.83,41,60.42,0.634146,0,0,0,0,55.56,2,0,0,89.58,24,83.33,0.458333,18.06,1,0,0
CUBAL一级联赛,CUBAL一级联赛,32013,王雨桐,Wang Yutong,16,20,,1003320449,北京大学,PF,183,130,大前锋,20005,CUBAL一级联赛,200406,2024-25,2024,5,1265,0.072,false,80.41,0.5,14.19,5,76.35,0.6,24.32,5,80.41,0.4,0,0,0,0,33.11,5,85.14,0.8,0,0,0,0,0,0,0,0,36.49,5,74.32,0.4,0,0,0,0
CUBAL一级联赛,CUBAL一级联赛,32013,王雨桐,,,19,,1003320449,北京大学,总和,,,,20005,CUBAL一级联赛,200267,2023-24,2023,24,40106,668.4,true,76.72,0.516026,100,206,60.34,0.61165,99.14,94,60.34,0.340426,76.72,12,67.24,0.166667,99.14,94,85.34,0.787234,0,,0,0,0,,0,0,0,,0,0,0,,0,0
CUBAL一级联赛,CUBAL一级联赛,32013,王雨桐,Wang Yutong,16,19,,1003320449,北京大学,C,183,130,中锋,20005,CUBAL一级联赛,200267,2023-24,2023,18,34944,0.871,false,70.09,0.496503,99.15,188,53.85,0.595745,98.29,88,60.68,0.340909,72.65,10,0,0,98.29,82,83.76,0.780488,0,0,0,0,74.36,10,0,0,98.29,80,54.7,0.35,67.52,8,49.57,0.25
CUBAL一级联赛,CUBAL一级联赛,32013,王雨桐,Wang Yutong,16,19,,1003320449,北京大学,PF,183,130,大前锋,20005,CUBAL一级联赛,200267,2023-24,2023,6,5162,0.129,false,100,0.730769,49.07,18,92.59,0.777778,17.59,6,67.59,0.333333,36.11,2,100,1,61.11,12,87.96,0.833333,0,0,0,0,36.11,2,100,1,11.11,2,100,1,49.07,4,0,0
CUBAL一级联赛,CUBAL一级联赛,32013,王雨桐,,,18,,1003320449,北京大学,总和,,,,20005,CUBAL一级联赛,200069,2022-23,2022,8,2676,44.6,true,5,0.277778,90,10,25,0.4,40,8,10,0.125,0,0,0,0,75,11,80,0.818182,0,,0,0,0,,0,0,0,,0,0,0,,0,0
CUBAL一级联赛,CUBAL一级联赛,32013,王雨桐,Wang Yutong,16,18,,1003320449,北京大学,PF,183,130,大前锋,20005,CUBAL一级联赛,200069,2022-23,2022,3,1434,0.536,false,57.14,0.4,33.33,6,47.62,0.5,23.81,4,28.57,0.25,0,0,0,0,57.14,5,71.43,0.8,0,0,0,0,0,0,0,0,19.05,3,0,0,47.62,1,100,1
CUBAL一级联赛,CUBAL一级联赛,32013,王雨桐,Wang Yutong,16,18,,1003320449,北京大学,SF,183,130,小前锋,20005,CUBAL一级联赛,200069,2022-23,2022,3,668,0.25,false,0,0,31.58,3,0,0,5.26,2,0,0,0,0,0,0,47.37,2,73.68,0.5,0,0,0,0,0,0,0,0,0,0,0,0,73.68,2,0,0
CUBAL一级联赛,CUBAL一级联赛,32013,王雨桐,Wang Yutong,16,18,,1003320449,北京大学,C,183,130,中锋,20005,CUBAL一级联赛,200069,2022-23,2022,2,574,0.214,false,31.58,0.333333,0,1,100,1,5.26,2,0,0,0,0,0,0,47.37,4,100,1,0,0,0,0,0,0,0,0,21.05,2,0,0,0,0,0,0
CUBAL一级联赛,CUBAL一级联赛,80546,陈怡静,,,21,,1003320449,北京大学,总和,,,,20005,CUBAL一级联赛,200406,2024-25,2024,22,12211,203.5,true,88.44,0.54386,63.95,26,58.5,0.538462,77.55,25,87.76,0.44,49.66,6,97.28,0.666667,77.55,20,85.03,0.8,0,,0,0,0,,0,0,0,,0,0,0,,0,0
CUBAL一级联赛,CUBAL一级联赛,80546,陈怡静,Chen Yijing,21,21,,1003320449,北京大学,PF,187,76,大前锋,20005,CUBAL一级联赛,200406,2024-25,2024,13,9546,0.782,false,85.14,0.529412,58.11,23,77.03,0.608696,74.32,24,83.78,0.416667,36.49,4,94.59,0.5,67.57,16,90.54,0.875,80.41,4,87.16,0.5,0,0,0,0,74.32,16,82.43,0.4375,81.08,8,79.05,0.375
CUBAL一级联赛,CUBAL一级联赛,80546,陈怡静,Chen Yijing,21,21,,1003320449,北京大学,C,187,76,中锋,20005,CUBAL一级联赛,200406,2024-25,2024,9,2665,0.218,false,98.61,0.666667,5.56,3,0,0,2.08,1,100,1,55.56,2,100,1,24.31,4,36.81,0.5,0,0,0,0,55.56,2,100,1,0,0,0,0,18.06,1,100,1
CUBAL一级联赛,CUBAL一级联赛,80546,陈怡静,Chen Yijing,21,20,,1003320449,北京大学,总和,186,80,,20005,CUBAL一级联赛,200267,2023-24,2023,3,2082,34.7,true,51.4,0.4,4.67,2,100,1,27.1,8,36.45,0.25,0,0,0,0,0,0,0,0,0,0,0,0,0,0,0,0,27.1,6,64.49,0.333333,36.45,2,0,0
CUBAL一级联赛,CUBAL一级联赛,80546,陈怡静,Chen Yijing,21,20,,1003320449,北京大学,PF,186,80,大前锋,20005,CUBAL一级联赛,200267,2023-24,2023,3,2082,1,false,50.93,0.4,4.63,2,100,1,26.85,8,36.11,0.25,0,0,0,0,0,0,0,0,0,0,0,0,0,0,0,0,26.85,6,63.89,0.333333,36.11,2,0,0
CUBAL一级联赛,CUBAL一级联赛,32012,李若莹,,,21,,1003320449,北京大学,总和,,,,20005,CUBAL一级联赛,200406,2024-25,2024,36,26645,444.1,true,94.93,0.55303,94.93,55,89.86,0.727273,49.28,13,67.39,0.384615,100,130,83.33,0.330769,72.46,17,97.83,0.941176,0,,0,0,0,,0,0,0,,0,0,0,,0,0
CUBAL一级联赛,CUBAL一级联赛,32012,李若莹,Li Ruoying,31,21,,1003320449,北京大学,SG,186,70,得分后卫,20005,CUBAL一级联赛,200406,2024-25,2024,17,15156,0.569,false,70.5,0.458716,76.26,31,80.58,0.645161,22.3,6,87.05,0.5,90.65,72,61.87,0.25,27.34,5,100,1,92.81,14,64.75,0.285714,89.93,58,56.83,0.241379,24.46,4,99.28,0.75,36.69,2,0,0
CUBAL一级联赛,CUBAL一级联赛,32012,李若莹,Li Ruoying,31,21,,1003320449,北京大学,SF,186,70,小前锋,20005,CUBAL一级联赛,200406,2024-25,2024,18,11418,0.429,false,100,0.676136,65.99,24,96.6,0.833333,39.46,7,55.78,0.285714,91.84,57,95.92,0.438596,61.9,12,91.84,0.916667,89.8,10,87.07,0.5,91.84,47,92.52,0.425532,24.49,3,61.9,0.333333,68.03,4,64.63,0.25
CUBAL一级联赛,CUBAL一级联赛,32012,李若莹,Li Ruoying,31,21,,1003320449,北京大学,PG,186,70,控球后卫,20005,CUBAL一级联赛,200406,2024-25,2024,1,71,0.003,false,0,0,0,0,0,0,0,0,0,0,6.4,1,0,0,0,0,0,0,0,0,0,0,6.4,1,0,0,0,0,0,0,0,0,0,0
CUBAL一级联赛,CUBAL一级联赛,32012,李若莹,,,20,,1003320449,北京大学,总和,,,,20005,CUBAL一级联赛,200267,2023-24,2023,26,32066,534.4,true,90.91,0.52518,93.39,58,85.12,0.724138,55.37,18,92.56,0.444444,100,202,84.3,0.316832,74.38,24,49.59,0.583333,0,,0,0,0,,0,0,0,,0,0,0,,0,0
CUBAL一级联赛,CUBAL一级联赛,32012,李若莹,Li Ruoying,31,20,,1003320449,北京大学,SF,186,70,小前锋,20005,CUBAL一级联赛,200267,2023-24,2023,15,24370,0.76,false,95.08,0.538462,87.7,48,80.33,0.708333,39.34,14,91.8,0.428571,98.36,146,85.25,0.328767,74.59,24,49.18,0.583333,86.89,12,86.89,0.5,98.36,134,82.79,0.313433,45.9,12,93.44,0.5,36.07,2,0,0
CUBAL一级联赛,CUBAL一级联赛,32012,李若莹,Li Ruoying,31,20,,1003320449,北京大学,SG,186,70,得分后卫,20005,CUBAL一级联赛,200267,2023-24,2023,11,7696,0.24,false,82.76,0.485714,30.17,10,94.83,0.8,7.76,4,93.1,0.5,85.34,56,70.69,0.285714,0,0,0,0,74.14,8,61.21,0.25,87.07,48,72.41,0.291667,1.72,2,100,1,24.14,2,0,0
CUBAL一级联赛,CUBAL一级联赛,32012,李若莹,,,19,,1003320449,北京大学,总和,,,,20005,CUBAL一级联赛,200069,2022-23,2022,10,3656,60.9,true,50,0.333333,27.78,3,77.78,0.666667,27.78,3,0,0,55.56,9,77.78,0.222222,0,0,0,0,0,,0,0,0,,0,0,0,,0,0,0,,0,0
CUBAL一级联赛,CUBAL一级联赛,32012,李若莹,Li Ruoying,31,19,,1003320449,北京大学,SF,186,70,小前锋,20005,CUBAL一级联赛,200069,2022-23,2022,3,1657,0.453,false,0,0,0,0,0,0,5.26,1,0,0,21.05,2,0,0,0,0,0,0,31.58,1,0,0,10.53,1,0,0,21.05,1,0,0,0,0,0,0
CUBAL一级联赛,CUBAL一级联赛,32012,李若莹,Li Ruoying,31,19,,1003320449,北京大学,PF,186,70,大前锋,20005,CUBAL一级联赛,200069,2022-23,2022,3,925,0.253,false,100,0.625,0,1,100,1,0,1,0,0,38.1,2,100,0.5,0,0,0,0,0,0,0,0,42.86,2,100,0.5,4.76,1,0,0,0,0,0,0
CUBAL一级联赛,CUBAL一级联赛,32012,李若莹,Li Ruoying,31,19,,1003320449,北京大学,C,186,70,中锋,20005,CUBAL一级联赛,200069,2022-23,2022,2,636,0.174,false,52.63,0.375,0,0,0,0,0,1,0,0,78.95,3,84.21,0.333333,0,0,0,0,84.21,1,100,1,73.68,2,0,0,5.26,1,0,0,0,0,0,0
CUBAL一级联赛,CUBAL一级联赛,32012,李若莹,Li Ruoying,31,19,,1003320449,北京大学,SG,186,70,得分后卫,20005,CUBAL一级联赛,200069,2022-23,2022,2,438,0.12,false,15.79,0.25,5.26,2,36.84,0.5,0,0,0,0,10.53,2,0,0,0,0,0,0,0,0,0,0,15.79,2,0,0,0,0,0,0,0,0,0,0