_group,_leagueName,球队ID,球队名称,得分,对手得分,打法类型,该打法占比,每回合得分,打法类型回合数,篮下出手数,篮下命中数,篮下未命中数,中距离出手数,中距离命中数,中距离未命中数,三分出手数,三分命中数,三分未命中数,有效命中率,篮下比重,中距离比重,三分比重,失误,失误占比,造罚球回合数,造罚球占比,对手该打法回合数,对手篮下出手数,对手篮下命中数,对手篮下未命中数,对手中距离出手数,对手中距离命中数,对手中距离未命中数,对手三分出手数,对手三分命中数,对手三分未命中数,对手该打法占比,对手每回合得分,对手有效命中率,对手篮下比重,对手中距离比重,对手三分比重,对手失误,对手失误占比,对手造罚球回合数,对手造罚球占比,赛事ID,赛事名称,赛季ID,赛季,年份,球员ID,球员姓名,球员英文名,球衣号,年龄,sex,位置,身高,体重,位置(中文),lineups,上场时间(秒),上场时间(分钟),每回合得分百分位排名,打法占比百分位排名,球队有效命中率百分位,球队篮下出手占比百分位排名,球队中距离出手占比百分位排名,球队三分出手占比百分位排名,失误占比百分位排名,造罚球占比百分位排名,对手每回合得分百分位排名,对手打法占比百分位排名,对手有效命中率百分位,对手篮下出手占比百分位排名,对手中距离出手占比百分位排名,对手三分出手占比百分位排名,对手失误占比百分位排名,对手造罚球占比百分位排名,在场/不在场
CUBAL一级联赛,CUBAL一级联赛,1003320449,北京大学,159,,Transition,0.2879,0.9408,169,67,,17,24,15,9,28,9,19,0.659664,0.563,0.2017,0.2353,35,0.2071,15,0.0888,,,,,,,,,,,,,,,,,,,,,20005,CUBAL一级联赛,200406,2024-25,2024,76061,,,1,18,2,,185,73,,,14869,247.8,61.13,80.21,79.33,47,57.95,56.11,38.69,55.48,,,,,,,,,不在场
CUBAL一级联赛,CUBAL一级联赛,1003320449,北京大学,271,,Transition,0.262,0.8856,306,133,,43,44,18,26,55,17,38,0.575431,0.5733,0.1897,0.2371,45,0.1471,29,0.0948,,,,,,,,,,,,,,,,,,,,,20005,CUBAL一级联赛,200406,2024-25,2024,76061,,,1,18,2,,185,73,,,28631,477.2,54.95,71.91,65.02,48.94,53,56.89,57.7,58.48,,,,,,,,,在场
CUBAL一级联赛,CUBAL一级联赛,1003320449,北京大学,,,Transition,0.0259,0.0552,,,,,,,,,,,0.0842,-0.0103,0.012,-0.0018,,0.06,,-0.006,,,,,,,,,,,,,,,,,,,,,20005,CUBAL一级联赛,200406,2024-25,2024,76061,,,1,18,2,,185,73,,,,,69.94,99.9,78.91,58.4,63.65,62.6,18.23,59.64,,,,,,,,,差值
CUBAL一级联赛,CUBAL一级联赛,1003320449,北京大学,189,,Transition,0.2917,0.9643,196,78,,20,33,15,18,39,14,25,0.626667,0.52,0.22,0.26,27,0.1378,19,0.0969,,,,,,,,,,,,,,,,,,,,,20005,CUBAL一级联赛,200406,2024-25,2024,30097,,,3,18,2,,165,60,,,16664,277.7,64.66,81.63,75.27,37.35,61.66,62.72,61.13,60.6,,,,,,,,,不在场
CUBAL一级联赛,CUBAL一级联赛,1003320449,北京大学,241,,Transition,0.2555,0.87,277,122,,40,35,18,17,44,12,32,0.587065,0.607,0.1741,0.2189,53,0.1913,23,0.083,,,,,,,,,,,,,,,,,,,,,20005,CUBAL一级联赛,200406,2024-25,2024,30097,,,3,18,2,,165,60,,,26836,447.3,53.18,69.61,68.2,55.65,46.82,52.83,42.76,52.12,,,,,,,,,在场
CUBAL一级联赛,CUBAL一级联赛,1003320449,北京大学,,,Transition,0.0362,0.0943,,,,,,,,,,,0.0396,-0.087,0.0459,0.0411,,-0.0535,,0.0139,,,,,,,,,,,,,,,,,,,,,20005,CUBAL一级联赛,200406,2024-25,2024,30097,,,3,18,2,,165,60,,,,,74.33,99.9,70.42,43.13,73.85,72.33,56.68,69.37,,,,,,,,,差值
CUBAL一级联赛,CUBAL一级联赛,1003320449,北京大学,128,,Transition,0.2706,1,128,58,,17,15,10,5,22,8,14,0.663158,0.6105,0.1579,0.2316,22,0.1719,11,0.0859,,,,,,,,,,,,,,,,,,,,,20005,CUBAL一级联赛,200406,2024-25,2024,31999,,,4,20,2,,192,93,,,11301,188.4,68.5,74.91,79.33,56.18,42.65,55.83,49.29,54.24,,,,,,,,,不在场
CUBAL一级联赛,CUBAL一级联赛,1003320449,北京大学,305,,Transition,0.2709,0.879,347,143,,43,53,23,30,61,18,43,0.583658,0.5564,0.2062,0.2374,58,0.1671,32,0.0922,,,,,,,,,,,,,,,,,,,,,20005,CUBAL一级联赛,200406,2024-25,2024,31999,,,4,20,2,,192,93,,,32199,536.7,54.77,75.09,67.84,46.11,57.95,56.89,49.29,57.95,,,,,,,,,在场
CUBAL一级联赛,CUBAL一级联赛,1003320449,北京大学,,,Transition,-0.0003,0.121,,,,,,,,,,,0.0795,0.0541,-0.0483,-0.0058,,0.0048,,-0.0063,,,,,,,,,,,,,,,,,,,,,20005,CUBAL一级联赛,200406,2024-25,2024,31999,,,4,20,2,,192,93,,,,,76.72,21.07,77.77,73.38,47.71,61.35,34.83,59.54,,,,,,,,,差值
CUBAL一级联赛,CUBAL一级联赛,1003320449,北京大学,0,,Transition,0.1364,0,3,0,,0,0,0,0,0,0,0,0,0,0,0,1,0.3333,2,0.6667,,,,,,,,,,,,,,,,,,,,,20005,CUBAL一级联赛,200069,2022-23,2022,31999,,,4,18,2,,192,93,,,543,9.1,0,2.78,0,0,0,0,11.11,100,,,,,,,,,不在场
CUBAL一级联赛,CUBAL一级联赛,1003320449,北京大学,44,,Transition,0.2033,0.7097,62,26,,9,12,2,10,3,2,1,0.536585,0.6341,0.2927,0.0732,14,0.2258,7,0.1129,,,,,,,,,,,,,,,,,,,,,20005,CUBAL一级联赛,200069,2022-23,2022,31999,,,4,18,2,,192,93,,,6957,116,52.78,47.22,55.56,69.44,63.89,22.22,44.44,75,,,,,,,,,在场
CUBAL一级联赛,CUBAL一级联赛,1003320449,北京大学,,,Transition,-0.0669,-0.7097,,,,,,,,,,,-0.5366,-0.6341,-0.2927,-0.0732,,0.1075,,0.5538,,,,,,,,,,,,,,,,,,,,,20005,CUBAL一级联赛,200069,2022-23,2022,31999,,,4,18,2,,192,93,,,,,14.97,15.43,10.16,2.67,16.04,48.13,25.67,100,,,,,,,,,差值
CUBAL一级联赛,CUBAL一级联赛,1003320449,北京大学,92,,Transition,0.3051,0.8519,108,52,,18,16,5,11,17,4,13,0.529412,0.6118,0.1882,0.2,16,0.1481,7,0.0648,,,,,,,,,,,,,,,,,,,,,20005,CUBAL一级联赛,200267,2023-24,2023,31999,,,4,19,2,,192,93,,,9000,150,50.47,87.29,57.01,71.59,37.69,41.94,60.23,45.83,,,,,,,,,不在场
CUBAL一级联赛,CUBAL一级联赛,1003320449,北京大学,307,,Transition,0.246,0.9137,336,151,,47,71,33,38,52,9,43,0.547273,0.5511,0.2591,0.1898,36,0.1071,25,0.0744,,,,,,,,,,,,,,,,,,,,,20005,CUBAL一级联赛,200267,2023-24,2023,31999,,,4,19,2,,192,93,,,34200,570,58.33,69.7,60.61,62.12,52.84,39.39,75.33,51.52,,,,,,,,,在场
CUBAL一级联赛,CUBAL一级联赛,1003320449,北京大学,,,Transition,0.0591,-0.0618,,,,,,,,,,,-0.0179,0.0607,-0.0709,0.0102,,0.041,,-0.0096,,,,,,,,,,,,,,,,,,,,,20005,CUBAL一级联赛,200267,2023-24,2023,31999,,,4,19,2,,192,93,,,,,50.22,99.78,55.36,73.41,44.31,62.8,24.73,56.24,,,,,,,,,差值
CUBAL一级联赛,CUBAL一级联赛,1003320449,北京大学,111,,Transition,0.3183,1.0472,106,47,,14,18,9,9,18,8,10,0.650602,0.5663,0.2169,0.2169,15,0.1415,8,0.0755,,,,,,,,,,,,,,,,,,,,,20005,CUBAL一级联赛,200406,2024-25,2024,92972,,,5,20,2,,168,66,,,8378,139.6,73.14,88.52,78.8,47.17,61.66,52.12,60.6,47.88,,,,,,,,,不在场
CUBAL一级联赛,CUBAL一级联赛,1003320449,北京大学,319,,Transition,0.2588,0.8692,367,153,,46,50,24,26,65,18,47,0.589552,0.5709,0.1866,0.2425,65,0.1771,34,0.0926,,,,,,,,,,,,,,,,,,,,,20005,CUBAL一级联赛,200406,2024-25,2024,92972,,,5,20,2,,168,66,,,35122,585.4,52.65,70.67,68.9,47.35,52.12,57.77,47.7,57.95,,,,,,,,,在场
CUBAL一级联赛,CUBAL一级联赛,1003320449,北京大学,,,Transition,0.0595,0.178,,,,,,,,,,,0.0611,-0.0046,0.0303,-0.0256,,-0.0356,,-0.0171,,,,,,,,,,,,,,,,,,,,,20005,CUBAL一级联赛,200406,2024-25,2024,92972,,,5,20,2,,168,66,,,,,83.02,99.9,74.24,60.02,68.8,54.58,50.86,51.91,,,,,,,,,差值
CUBAL一级联赛,CUBAL一级联赛,1003320449,北京大学,7,,Transition,0.2632,1.4,5,1,,0,1,1,0,2,1,1,0.875,0.25,0.25,0.5,0,0,1,0.2,,,,,,,,,,,,,,,,,,,,,20005,CUBAL一级联赛,200267,2023-24,2023,92972,,,15,19,2,,167,60,,,585,9.8,96.39,76.89,99.05,12.33,49.91,92.03,100,93.74,,,,,,,,,不在场
CUBAL一级联赛,CUBAL一级联赛,1003320449,北京大学,392,,Transition,0.2579,0.8929,439,202,,65,86,37,49,67,12,55,0.539326,0.569,0.2423,0.1887,52,0.1185,31,0.0706,,,,,,,,,,,,,,,,,,,,,20005,CUBAL一级联赛,200267,2023-24,2023,92972,,,15,19,2,,167,60,,,42615,710.3,56.06,75.38,58.71,64.39,48.3,39.39,69.89,48.67,,,,,,,,,在场
CUBAL一级联赛,CUBAL一级联赛,1003320449,北京大学,,,Transition,0.0053,0.5071,,,,,,,,,,,0.3357,-0.319,0.0077,0.3113,,-0.1185,,0.1294,,,,,,,,,,,,,,,,,,,,,20005,CUBAL一级联赛,200267,2023-24,2023,92972,,,15,19,2,,167,60,,,,,97.26,99.78,97.26,22.87,62.91,96.39,72.32,98.36,,,,,,,,,差值
CUBAL一级联赛,CUBAL一级联赛,1003320449,北京大学,63,,Transition,0.2613,0.7778,81,29,,9,13,4,9,18,5,13,0.525,0.4833,0.2167,0.3,13,0.1605,8,0.0988,,,,,,,,,,,,,,,,,,,,,20005,CUBAL一级联赛,200406,2024-25,2024,30230,,,6,19,2,,190,115,,,7346,122.4,41.95,71.38,54.42,31.1,61.66,71.68,52.83,60.6,,,,,,,,,不在场
CUBAL一级联赛,CUBAL一级联赛,1003320449,北京大学,367,,Transition,0.2737,0.9291,395,171,,51,55,29,26,65,21,44,0.620275,0.5876,0.189,0.2234,67,0.1696,37,0.0937,,,,,,,,,,,,,,,,,,,,,20005,CUBAL一级联赛,200406,2024-25,2024,30230,,,6,19,2,,190,115,,,36154,602.6,59.54,75.44,74.91,52.12,53,55.12,49.29,57.95,,,,,,,,,在场
CUBAL一级联赛,CUBAL一级联赛,1003320449,北京大学,,,Transition,-0.0124,-0.1513,,,,,,,,,,,-0.0953,-0.1043,0.0277,0.0766,,-0.0091,,0.0051,,,,,,,,,,,,,,,,,,,,,20005,CUBAL一级联赛,200406,2024-25,2024,30230,,,6,19,2,,190,115,,,,,40.84,21.07,39.79,39.5,68.13,79.96,41.03,64.89,,,,,,,,,差值
CUBAL一级联赛,CUBAL一级联赛,1003320449,北京大学,106,,Transition,0.2824,0.9725,109,50,,15,25,9,16,17,5,12,0.553763,0.5435,0.2717,0.1848,9,0.0826,7,0.0642,,,,,,,,,,,,,,,,,,,,,20005,CUBAL一级联赛,200267,2023-24,2023,30230,,,6,18,2,,193,90,,,10111,168.5,64.58,81.44,62.12,60.23,55.3,37.69,82.58,45.27,,,,,,,,,不在场
CUBAL一级联赛,CUBAL一级联赛,1003320449,北京大学,293,,Transition,0.2506,0.8746,335,153,,50,62,29,33,52,8,44,0.539326,0.573,0.2322,0.1948,43,0.1284,25,0.0746,,,,,,,,,,,,,,,,,,,,,20005,CUBAL一级联赛,200267,2023-24,2023,30230,,,6,18,2,,193,90,,,33089,551.5,54.17,72.35,58.71,66.1,47.35,40.53,67.23,51.52,,,,,,,,,在场
CUBAL一级联赛,CUBAL一级联赛,1003320449,北京大学,,,Transition,0.0318,0.0979,,,,,,,,,,,0.0144,-0.0295,0.0395,-0.01,,-0.0458,,-0.0104,,,,,,,,,,,,,,,,,,,,,20005,CUBAL一级联赛,200267,2023-24,2023,30230,,,6,18,2,,193,90,,,,,74.18,99.78,63.35,52.95,70.9,58.21,55.69,56.02,,,,,,,,,差值
CUBAL一级联赛,CUBAL一级联赛,1003320449,北京大学,72,,Transition,0.2274,1.0588,68,26,,8,13,7,6,15,7,8,0.657407,0.4815,0.2407,0.2778,7,0.1029,7,0.1029,,,,,,,,,,,,,,,,,,,,,20005,CUBAL一级联赛,200406,2024-25,2024,80548,,,7,21,2,,173,68,,,7396,123.3,74.34,57.42,79.15,31.1,66.25,66.9,71.38,63.6,,,,,,,,,不在场
CUBAL一级联赛,CUBAL一级联赛,1003320449,北京大学,360,,Transition,0.2803,0.8845,407,174,,52,56,27,29,68,19,49,0.595638,0.5839,0.1879,0.2282,73,0.1794,36,0.0885,,,,,,,,,,,,,,,,,,,,,20005,CUBAL一级联赛,200406,2024-25,2024,80548,,,7,21,2,,173,68,,,36104,601.7,54.95,77.39,70.49,51.94,53,55.48,47.35,55.48,,,,,,,,,在场
CUBAL一级联赛,CUBAL一级联赛,1003320449,北京大学,,,Transition,-0.0529,0.1743,,,,,,,,,,,0.0618,-0.1024,0.0528,0.0496,,-0.0765,,0.0144,,,,,,,,,,,,,,,,,,,,,20005,CUBAL一级联赛,200406,2024-25,2024,80548,,,7,21,2,,173,68,,,,,82.63,21.07,74.52,40.17,75.86,73.66,62.02,69.75,,,,,,,,,差值
CUBAL一级联赛,CUBAL一级联赛,1003320449,北京大学,225,,Transition,0.2564,0.9298,242,112,,33,50,23,27,31,5,26,0.564433,0.5803,0.2591,0.1606,28,0.1157,20,0.0826,,,,,,,,,,,,,,,,,,,,,20005,CUBAL一级联赛,200267,2023-24,2023,80548,,,7,20,2,,172,65,,,22888,381.5,59.66,74.62,65.53,66.67,52.84,31.82,71.4,56.06,,,,,,,,,不在场
CUBAL一级联赛,CUBAL一级联赛,1003320449,北京大学,174,,Transition,0.2589,0.8529,204,91,,32,37,15,22,38,8,30,0.518072,0.5482,0.2229,0.2289,24,0.1176,14,0.0686,,,,,,,,,,,,,,,,,,,,,20005,CUBAL一级联赛,200267,2023-24,2023,80548,,,7,20,2,,172,65,,,20312,338.5,50.66,75.57,54.36,61.74,46.21,47.35,70.59,47.92,,,,,,,,,在场
CUBAL一级联赛,CUBAL一级联赛,1003320449,北京大学,,,Transition,-0.0025,0.0769,,,,,,,,,,,0.0464,0.0321,0.0362,-0.0683,,-0.0019,,0.014,,,,,,,,,,,,,,,,,,,,,20005,CUBAL一级联赛,200267,2023-24,2023,80548,,,7,20,2,,172,65,,,,,71.23,19.67,71.55,68.16,70.13,43.54,39.61,68.6,,,,,,,,,差值
CUBAL一级联赛,CUBAL一级联赛,1003320449,北京大学,127,,Transition,0.2982,0.8639,147,66,,22,25,10,15,20,6,14,0.567568,0.5946,0.2252,0.1802,24,0.1633,12,0.0816,,,,,,,,,,,,,,,,,,,,,20005,CUBAL一级联赛,200406,2024-25,2024,80549,,,8,22,2,,170,64,,,12007,200.1,52.12,83.39,63.43,53.27,63.43,41.17,51.77,52.12,,,,,,,,,不在场
CUBAL一级联赛,CUBAL一级联赛,1003320449,北京大学,303,,Transition,0.2587,0.9294,326,134,,38,43,23,20,63,20,43,0.620833,0.5583,0.1792,0.2625,56,0.1718,30,0.092,,,,,,,,,,,,,,,,,,,,,20005,CUBAL一级联赛,200406,2024-25,2024,80549,,,8,22,2,,170,64,,,31493,524.9,59.54,70.67,74.91,46.11,48.94,62.9,49.29,57.95,,,,,,,,,在场
CUBAL一级联赛,CUBAL一级联赛,1003320449,北京大学,,,Transition,0.0395,-0.0655,,,,,,,,,,,-0.0533,0.0363,0.046,-0.0823,,-0.0085,,-0.0104,,,,,,,,,,,,,,,,,,,,,20005,CUBAL一级联赛,200406,2024-25,2024,80549,,,8,22,2,,170,64,,,,,52.1,99.9,48.95,69.85,73.95,40.08,40.74,56.87,,,,,,,,,差值
CUBAL一级联赛,CUBAL一级联赛,1003320449,北京大学,137,,Transition,0.3015,1.1138,123,68,,19,17,9,8,19,6,13,0.644231,0.6538,0.1635,0.1827,13,0.1057,6,0.0488,,,,,,,,,,,,,,,,,,,,,20005,CUBAL一级联赛,200267,2023-24,2023,80549,,,8,21,2,,168,65,,,10736,178.9,80.11,86.55,77.65,78.56,29.73,37.69,75.38,35.42,,,,,,,,,不在场
CUBAL一级联赛,CUBAL一级联赛,1003320449,北京大学,262,,Transition,0.2445,0.8162,321,135,,46,70,29,41,50,7,43,0.501953,0.5294,0.2745,0.1961,39,0.1215,26,0.081,,,,,,,,,,,,,,,,,,,,,20005,CUBAL一级联赛,200267,2023-24,2023,80549,,,8,21,2,,168,65,,,32464,541.1,45.45,69.51,54.17,58.44,57.2,40.53,69.51,55.87,,,,,,,,,在场
CUBAL一级联赛,CUBAL一级联赛,1003320449,北京大学,,,Transition,0.057,0.2976,,,,,,,,,,,0.1423,0.1244,-0.111,-0.0134,,-0.0158,,-0.0322,,,,,,,,,,,,,,,,,,,,,20005,CUBAL一级联赛,200267,2023-24,2023,80549,,,8,21,2,,168,65,,,,,90.92,99.78,86.87,85.67,34.46,57.11,45.84,45.4,,,,,,,,,差值
CUBAL一级联赛,CUBAL一级联赛,1003320449,北京大学,100,,Transition,0.2616,0.8475,118,48,,15,16,10,6,16,4,12,0.6125,0.6,0.2,0.2,27,0.2288,11,0.0932,,,,,,,,,,,,,,,,,,,,,20005,CUBAL一级联赛,200406,2024-25,2024,32001,,,9,20,2,,178,75,,,10910,181.8,50.71,71.55,73.85,54.51,56.11,46.73,32.86,57.95,,,,,,,,,不在场
CUBAL一级联赛,CUBAL一级联赛,1003320449,北京大学,332,,Transition,0.2738,0.9326,356,152,,45,53,24,29,67,22,45,0.602941,0.5588,0.1949,0.2463,53,0.1489,31,0.0871,,,,,,,,,,,,,,,,,,,,,20005,CUBAL一级联赛,200406,2024-25,2024,32001,,,9,20,2,,178,75,,,32590,543.2,59.54,75.44,71.55,46.11,54.06,57.77,57.07,55.48,,,,,,,,,在场
CUBAL一级联赛,CUBAL一级联赛,1003320449,北京大学,,,Transition,-0.0122,-0.0851,,,,,,,,,,,0.0096,0.0412,0.0051,-0.0463,,0.0799,,0.0061,,,,,,,,,,,,,,,,,,,,,20005,CUBAL一级联赛,200406,2024-25,2024,32001,,,9,20,2,,178,75,,,,,49.52,21.07,63.74,70.9,62.02,49.43,14.98,65.36,,,,,,,,,差值
CUBAL一级联赛,CUBAL一级联赛,1003320449,北京大学,17,,Transition,0.1935,0.9444,18,6,,0,5,1,4,1,1,0,0.708333,0.5,0.4167,0.0833,4,0.2222,2,0.1111,,,,,,,,,,,,,,,,,,,,,20005,CUBAL一级联赛,200069,2022-23,2022,32001,,,6,18,2,,178,74,,,2432,40.5,83.33,38.89,86.11,40,85.71,22.86,44.44,71.43,,,,,,,,,不在场
CUBAL一级联赛,CUBAL一级联赛,1003320449,北京大学,27,,Transition,0.2,0.5745,47,20,,9,7,1,6,2,1,1,0.465517,0.6897,0.2414,0.069,11,0.234,7,0.1489,,,,,,,,,,,,,,,,,,,,,20005,CUBAL一级联赛,200069,2022-23,2022,32001,,,6,18,2,,178,74,,,5068,84.5,30.56,41.67,44.44,80.56,50,19.44,41.67,86.11,,,,,,,,,在场
CUBAL一级联赛,CUBAL一级联赛,1003320449,北京大学,,,Transition,-0.0065,0.3699,,,,,,,,,,,0.2428,-0.1897,0.1753,0.0143,,-0.0118,,-0.0378,,,,,,,,,,,,,,,,,,,,,20005,CUBAL一级联赛,200069,2022-23,2022,32001,,,6,18,2,,178,74,,,,,81.82,15.43,83.42,29.95,85.56,62.57,45.45,35.29,,,,,,,,,差值
CUBAL一级联赛,CUBAL一级联赛,1003320449,北京大学,48,,Transition,0.2533,0.8276,58,24,,8,12,3,9,10,3,7,0.51087,0.5217,0.2609,0.2174,7,0.1207,5,0.0862,,,,,,,,,,,,,,,,,,,,,20005,CUBAL一级联赛,200267,2023-24,2023,32001,,,9,19,2,,178,74,,,5814,96.9,47.35,73.67,54.17,56.55,52.84,45.73,69.51,58.71,,,,,,,,,不在场
CUBAL一级联赛,CUBAL一级联赛,1003320449,北京大学,351,,Transition,0.2597,0.9046,388,179,,57,75,35,40,59,10,49,0.547771,0.5719,0.2396,0.1885,45,0.116,29,0.0747,,,,,,,,,,,,,,,,,,,,,20005,CUBAL一级联赛,200267,2023-24,2023,32001,,,9,19,2,,178,74,,,37386,623.1,57.2,75.76,60.8,66.1,47.92,39.39,71.4,51.52,,,,,,,,,在场
CUBAL一级联赛,CUBAL一级联赛,1003320449,北京大学,,,Transition,-0.0064,-0.077,,,,,,,,,,,-0.0369,-0.0502,0.0213,0.0289,,0.0047,,0.0115,,,,,,,,,,,,,,,,,,,,,20005,CUBAL一级联赛,200267,2023-24,2023,32001,,,9,19,2,,178,74,,,,,47.59,19.67,50.33,47.37,66.85,67.18,37.53,67.07,,,,,,,,,差值
CUBAL一级联赛,CUBAL一级联赛,1003320449,北京大学,168,,Transition,0.2607,0.8116,207,85,,24,30,13,17,34,6,28,0.557047,0.5705,0.2013,0.2282,37,0.1787,21,0.1014,,,,,,,,,,,,,,,,,,,,,20005,CUBAL一级联赛,200406,2024-25,2024,80550,,,10,22,2,,173,75,,,19941,332.4,45.58,71.2,60.42,47.35,57.95,55.48,47.35,63.6,,,,,,,,,不在场
CUBAL一级联赛,CUBAL一级联赛,1003320449,北京大学,262,,Transition,0.279,0.9813,267,115,,36,38,20,18,49,20,29,0.638614,0.5693,0.1881,0.2426,43,0.161,22,0.0824,,,,,,,,,,,,,,,,,,,,,20005,CUBAL一级联赛,200406,2024-25,2024,80550,,,10,22,2,,173,75,,,23559,392.7,66.08,77.03,76.15,47.35,53,57.77,52.83,52.12,,,,,,,,,在场
CUBAL一级联赛,CUBAL一级联赛,1003320449,北京大学,,,Transition,-0.0183,-0.1697,,,,,,,,,,,-0.0816,0.0012,0.0132,-0.0144,,0.0177,,0.019,,,,,,,,,,,,,,,,,,,,,20005,CUBAL一级联赛,200406,2024-25,2024,80550,,,10,22,2,,173,75,,,,,39.41,21.07,42.08,61.83,64.03,58.3,31.3,72.14,,,,,,,,,差值
CUBAL一级联赛,CUBAL一级联赛,1003320449,北京大学,122,,Transition,0.2574,0.7349,166,62,,25,35,12,23,32,7,25,0.46124,0.4806,0.2713,0.2481,20,0.1205,17,0.1024,,,,,,,,,,,,,,,,,,,,,20005,CUBAL一级联赛,200267,2023-24,2023,80550,,,10,21,2,,173,75,,,16383,273.1,36.74,75.14,40.91,47.92,55.3,51.52,69.51,65.53,,,,,,,,,不在场
CUBAL一级联赛,CUBAL一级联赛,1003320449,北京大学,281,,Transition,0.2592,0.9965,282,143,,40,52,26,26,37,6,31,0.592275,0.6164,0.2241,0.1595,32,0.1135,17,0.0603,,,,,,,,,,,,,,,,,,,,,20005,CUBAL一级联赛,200267,2023-24,2023,80550,,,10,21,2,,173,75,,,26817,447,64.58,75.57,70.64,72.92,46.21,31.82,71.78,42.8,,,,,,,,,在场
CUBAL一级联赛,CUBAL一级联赛,1003320449,北京大学,,,Transition,-0.0018,-0.2616,,,,,,,,,,,-0.131,-0.1358,0.0472,0.0886,,0.007,,0.0421,,,,,,,,,,,,,,,,,,,,,20005,CUBAL一级联赛,200267,2023-24,2023,80550,,,10,21,2,,173,75,,,,,30.96,19.67,34.14,35.34,72.54,80.85,36.32,83.26,,,,,,,,,差值
CUBAL一级联赛,CUBAL一级联赛,1003320449,北京大学,236,,Transition,0.2662,0.8551,276,114,,34,37,19,18,45,12,33,0.596939,0.5816,0.1888,0.2296,52,0.1884,28,0.1014,,,,,,,,,,,,,,,,,,,,,20005,CUBAL一级联赛,200406,2024-25,2024,32005,,,11,22,2,,183,80,,,25786,429.8,51.24,73.85,70.49,50.18,53,55.48,43.82,63.6,,,,,,,,,不在场
CUBAL一级联赛,CUBAL一级联赛,1003320449,北京大学,196,,Transition,0.2786,0.98,200,86,,26,32,15,17,38,14,24,0.615385,0.5513,0.2051,0.2436,28,0.14,16,0.08,,,,,,,,,,,,,,,,,,,,,20005,CUBAL一级联赛,200406,2024-25,2024,32005,,,11,22,2,,183,80,,,17714,295.2,65.9,77.03,73.98,43.99,57.95,57.77,60.6,51.33,,,,,,,,,在场
CUBAL一级联赛,CUBAL一级联赛,1003320449,北京大学,,,Transition,-0.0124,-0.1249,,,,,,,,,,,-0.0184,0.0303,-0.0163,-0.014,,0.0484,,0.0214,,,,,,,,,,,,,,,,,,,,,20005,CUBAL一级联赛,200406,2024-25,2024,32005,,,11,22,2,,183,80,,,,,43.42,21.07,58.3,68.8,57.06,58.49,21.47,73.85,,,,,,,,,差值
CUBAL一级联赛,CUBAL一级联赛,1003320449,北京大学,32,,Transition,0.1923,0.64,50,19,,7,9,1,8,3,2,1,0.516129,0.6129,0.2903,0.0968,11,0.22,8,0.16,,,,,,,,,,,,,,,,,,,,,20005,CUBAL一级联赛,200069,2022-23,2022,32005,,,11,20,2,,183,80,,,5764,96.1,41.67,38.89,50,69.44,63.89,25,44.44,88.89,,,,,,,,,不在场
CUBAL一级联赛,CUBAL一级联赛,1003320449,北京大学,12,,Transition,0.2394,0.7059,17,7,,2,3,1,2,0,0,0,0.6,0.7,0.3,0,5,0.2941,2,0.1176,,,,,,,,,,,,,,,,,,,,,20005,CUBAL一级联赛,200069,2022-23,2022,32005,,,11,20,2,,183,80,,,1736,28.9,51.43,69.44,72.22,80.56,63.89,0,25,77.14,,,,,,,,,在场
CUBAL一级联赛,CUBAL一级联赛,1003320449,北京大学,,,Transition,-0.0471,-0.0659,,,,,,,,,,,-0.0839,-0.0871,-0.0097,0.0968,,-0.0741,,0.0424,,,,,,,,,,,,,,,,,,,,,20005,CUBAL一级联赛,200069,2022-23,2022,32005,,,11,20,2,,183,80,,,,,52.94,15.43,49.2,49.2,55.61,73.26,54.01,73.8,,,,,,,,,差值
CUBAL一级联赛,CUBAL一级联赛,1003320449,北京大学,196,,Transition,0.2393,0.7935,247,103,,37,58,28,30,33,1,32,0.489744,0.5309,0.299,0.1701,31,0.1255,21,0.085,,,,,,,,,,,,,,,,,,,,,20005,CUBAL一级联赛,200267,2023-24,2023,32005,,,11,21,2,,183,80,,,24897,415,43.75,66.1,46.21,58.71,63.07,35.04,67.42,58.52,,,,,,,,,不在场
CUBAL一级联赛,CUBAL一级联赛,1003320449,北京大学,205,,Transition,0.2853,1.0354,198,101,,28,29,10,19,36,12,24,0.608434,0.6084,0.1747,0.2169,21,0.1061,11,0.0556,,,,,,,,,,,,,,,,,,,,,20005,CUBAL一级联赛,200267,2023-24,2023,32005,,,11,21,2,,183,80,,,18303,305.1,71.21,82.58,73.11,71.21,33.71,45.64,75.38,38.9,,,,,,,,,在场
CUBAL一级联赛,CUBAL一级联赛,1003320449,北京大学,,,Transition,-0.046,-0.2419,,,,,,,,,,,-0.1187,-0.0775,0.1243,-0.0468,,0.0194,,0.0294,,,,,,,,,,,,,,,,,,,,,20005,CUBAL一级联赛,200267,2023-24,2023,32005,,,11,21,2,,183,80,,,,,32.49,19.67,35.89,42.56,88.73,49.56,31.62,77.68,,,,,,,,,差值
CUBAL一级联赛,CUBAL一级联赛,1003320449,北京大学,63,,Transition,0.2791,0.875,72,27,,12,12,7,5,13,6,7,0.596154,0.5192,0.2308,0.25,14,0.1944,6,0.0833,,,,,,,,,,,,,,,,,,,,,20005,CUBAL一级联赛,200406,2024-25,2024,92136,,,12,19,2,,190,91,,,6771,112.9,53.63,77.17,70.49,37.28,64.42,59.12,42.05,52.92,,,,,,,,,不在场
CUBAL一级联赛,CUBAL一级联赛,1003320449,北京大学,367,,Transition,0.2688,0.9152,401,173,,48,56,26,30,70,20,50,0.605351,0.5786,0.1873,0.2341,66,0.1646,36,0.0898,,,,,,,,,,,,,,,,,,,,,20005,CUBAL一级联赛,200406,2024-25,2024,92136,,,12,19,2,,190,91,,,36729,612.2,57.6,74.69,72.08,49.12,52.12,56.01,51.77,55.65,,,,,,,,,在场
CUBAL一级联赛,CUBAL一级联赛,1003320449,北京大学,,,Transition,0.0103,-0.0402,,,,,,,,,,,-0.0092,-0.0594,0.0435,0.0159,,0.0298,,-0.0065,,,,,,,,,,,,,,,,,,,,,20005,CUBAL一级联赛,200406,2024-25,2024,92136,,,12,19,2,,190,91,,,,,56.3,99.9,60.31,48.57,73.28,67.18,26.62,59.45,,,,,,,,,差值
CUBAL一级联赛,CUBAL一级联赛,1003320449,北京大学,16,,Transition,0.2821,1.4545,11,2,,1,5,5,0,2,1,1,0.833333,0.2222,0.5556,0.2222,1,0.0909,1,0.0909,,,,,,,,,,,,,,,,,,,,,20005,CUBAL一级联赛,200267,2023-24,2023,92136,,,12,18,2,,190,91,,,1231,20.5,97.15,81.4,97.91,9.87,93.36,46.3,80.65,60.72,,,,,,,,,不在场
CUBAL一级联赛,CUBAL一级联赛,1003320449,北京大学,383,,Transition,0.2577,0.8845,433,201,,64,82,33,49,67,12,55,0.535613,0.5743,0.2343,0.1914,51,0.1178,31,0.0716,,,,,,,,,,,,,,,,,,,,,20005,CUBAL一级联赛,200267,2023-24,2023,92136,,,12,18,2,,190,91,,,41969,699.5,55.3,75.38,58.14,66.1,47.35,40.15,69.89,51.14,,,,,,,,,在场
CUBAL一级联赛,CUBAL一级联赛,1003320449,北京大学,,,Transition,0.0244,0.57,,,,,,,,,,,0.2977,-0.3521,0.3213,0.0308,,-0.0269,,0.0193,,,,,,,,,,,,,,,,,,,,,20005,CUBAL一级联赛,200267,2023-24,2023,92136,,,12,18,2,,190,91,,,,,97.92,99.78,96.5,21.33,98.91,67.72,49.56,72.21,,,,,,,,,差值
CUBAL一级联赛,CUBAL一级联赛,1003320449,北京大学,176,,Transition,0.2525,0.8544,206,83,,27,31,14,17,37,11,26,0.572848,0.5497,0.2053,0.245,36,0.1748,19,0.0922,,,,,,,,,,,,,,,,,,,,,20005,CUBAL一级联赛,200406,2024-25,2024,32006,,,13,22,2,,186,78,,,19683,328.1,51.24,68.5,65.02,43.82,57.95,57.77,48.76,57.95,,,,,,,,,不在场
CUBAL一级联赛,CUBAL一级联赛,1003320449,北京大学,254,,Transition,0.2869,0.9407,270,117,,33,37,19,18,46,15,31,0.6275,0.585,0.185,0.23,44,0.163,26,0.0963,,,,,,,,,,,,,,,,,,,,,20005,CUBAL一级联赛,200406,2024-25,2024,32006,,,13,22,2,,186,78,,,23817,397,61.13,79.51,75.27,51.94,51.77,55.48,51.77,59.89,,,,,,,,,在场
CUBAL一级联赛,CUBAL一级联赛,1003320449,北京大学,,,Transition,-0.0344,-0.0863,,,,,,,,,,,-0.0547,-0.0353,0.0203,0.015,,0.0118,,-0.0041,,,,,,,,,,,,,,,,,,,,,20005,CUBAL一级联赛,200406,2024-25,2024,32006,,,13,22,2,,186,78,,,,,48.95,21.07,48.57,52.58,66.51,66.98,32.54,60.97,,,,,,,,,差值
CUBAL一级联赛,CUBAL一级联赛,1003320449,北京大学,23,,Transition,0.1843,0.575,40,16,,7,5,1,4,2,1,1,0.5,0.6957,0.2174,0.087,10,0.25,7,0.175,,,,,,,,,,,,,,,,,,,,,20005,CUBAL一级联赛,200069,2022-23,2022,32006,,,13,20,2,,186,74,,,4914,81.9,30.56,38.89,50,80.56,38.89,25,40,88.89,,,,,,,,,不在场
CUBAL一级联赛,CUBAL一级联赛,1003320449,北京大学,21,,Transition,0.2241,0.8077,26,10,,2,7,1,6,1,1,0,0.583333,0.5556,0.3889,0.0556,5,0.1923,3,0.1154,,,,,,,,,,,,,,,,,,,,,20005,CUBAL一级联赛,200069,2022-23,2022,32006,,,13,20,2,,186,74,,,2586,43.1,61.11,55.56,71.43,54.29,80,13.89,52.78,75,,,,,,,,,在场
CUBAL一级联赛,CUBAL一级联赛,1003320449,北京大学,,,Transition,-0.0398,-0.2327,,,,,,,,,,,-0.0833,0.1401,-0.1715,0.0314,,0.0577,,0.0596,,,,,,,,,,,,,,,,,,,,,20005,CUBAL一级联赛,200069,2022-23,2022,32006,,,13,20,2,,186,74,,,,,41.18,15.43,49.73,73.8,26.74,63.64,33.16,80.21,,,,,,,,,差值
CUBAL一级联赛,CUBAL一级联赛,1003320449,北京大学,215,,Transition,0.2355,0.9471,227,108,,35,41,22,19,36,7,29,0.567204,0.5838,0.2216,0.1946,28,0.1233,13,0.0573,,,,,,,,,,,,,,,,,,,,,20005,CUBAL一级联赛,200267,2023-24,2023,32006,,,13,21,2,,186,74,,,23911,398.5,61.74,64.39,66.29,67.42,44.13,40.53,69.51,39.58,,,,,,,,,不在场
CUBAL一级联赛,CUBAL一级联赛,1003320449,北京大学,187,,Transition,0.2855,0.8539,219,96,,30,46,16,30,33,6,27,0.52,0.5486,0.2629,0.1886,25,0.1142,19,0.0868,,,,,,,,,,,,,,,,,,,,,20005,CUBAL一级联赛,200267,2023-24,2023,32006,,,13,21,2,,186,74,,,19289,321.5,50.76,82.58,54.46,61.74,52.84,39.39,71.78,58.71,,,,,,,,,在场
CUBAL一级联赛,CUBAL一级联赛,1003320449,北京大学,,,Transition,-0.05,0.0932,,,,,,,,,,,0.0472,0.0352,-0.0413,0.006,,0.0091,,-0.0295,,,,,,,,,,,,,,,,,,,,,20005,CUBAL一级联赛,200267,2023-24,2023,32006,,,13,21,2,,186,74,,,,,73.63,19.67,71.99,68.71,51.53,61.6,35.45,46.83,,,,,,,,,差值
CUBAL一级联赛,CUBAL一级联赛,1003320449,北京大学,173,,Transition,0.2667,0.9202,188,84,,23,26,12,14,27,8,19,0.620438,0.6131,0.1898,0.1971,34,0.1809,17,0.0904,,,,,,,,,,,,,,,,,,,,,20005,CUBAL一级联赛,200406,2024-25,2024,32013,,,16,20,2,,183,130,,,17592,293.2,58.83,73.98,74.91,57.07,53,45.76,47.17,55.65,,,,,,,,,不在场
CUBAL一级联赛,CUBAL一级联赛,1003320449,北京大学,257,,Transition,0.2732,0.8924,288,116,,37,42,21,21,56,18,38,0.593458,0.5421,0.1963,0.2617,46,0.1597,28,0.0972,,,,,,,,,,,,,,,,,,,,,20005,CUBAL一级联赛,200406,2024-25,2024,32013,,,16,20,2,,183,130,,,25908,431.8,55.48,75.44,69.61,41.17,54.06,62.9,53.53,60.6,,,,,,,,,在场
CUBAL一级联赛,CUBAL一级联赛,1003320449,北京大学,,,Transition,-0.0065,0.0278,,,,,,,,,,,0.027,0.071,-0.0065,-0.0646,,0.0212,,-0.0068,,,,,,,,,,,,,,,,,,,,,20005,CUBAL一级联赛,200406,2024-25,2024,32013,,,16,20,2,,183,130,,,,,66.03,21.07,67.37,77.19,58.97,44.56,29.87,59.26,,,,,,,,,差值
CUBAL一级联赛,CUBAL一级联赛,1003320449,北京大学,26,,Transition,0.2458,0.8966,29,12,,4,6,2,4,2,2,0,0.65,0.6,0.3,0.1,5,0.1724,4,0.1379,,,,,,,,,,,,,,,,,,,,,20005,CUBAL一级联赛,200069,2022-23,2022,32013,,,16,18,2,,183,130,,,2676,44.6,72.22,69.44,80.56,68.57,63.89,25,55.56,83.33,,,,,,,,,不在场
CUBAL一级联赛,CUBAL一级联赛,1003320449,北京大学,18,,Transition,0.1729,0.4865,37,14,,5,6,0,6,1,0,1,0.428571,0.6667,0.2857,0.0476,10,0.2703,6,0.1622,,,,,,,,,,,,,,,,,,,,,20005,CUBAL一级联赛,200069,2022-23,2022,32013,,,16,18,2,,183,130,,,4824,80.4,11.11,30.56,34.29,77.14,60,13.89,25,88.89,,,,,,,,,在场
CUBAL一级联赛,CUBAL一级联赛,1003320449,北京大学,,,Transition,0.0729,0.4101,,,,,,,,,,,0.2214,-0.0667,0.0143,0.0524,,-0.0979,,-0.0243,,,,,,,,,,,,,,,,,,,,,20005,CUBAL一级联赛,200069,2022-23,2022,32013,,,16,18,2,,183,130,,,,,84.49,98.4,82.89,51.34,59.36,66.31,59.89,43.32,,,,,,,,,差值
CUBAL一级联赛,CUBAL一级联赛,1003320449,北京大学,170,,Transition,0.2445,0.8543,199,94,,32,37,14,23,28,5,23,0.525157,0.5912,0.2327,0.1761,24,0.1206,16,0.0804,,,,,,,,,,,,,,,,,,,,,20005,CUBAL一级联赛,200267,2023-24,2023,32013,,,16,19,2,,183,130,,,20053,334.2,50.76,69.51,56.82,68.75,47.35,35.42,69.51,55.87,,,,,,,,,不在场
CUBAL一级联赛,CUBAL一级联赛,1003320449,北京大学,231,,Transition,0.2683,0.939,246,110,,33,50,24,26,41,8,33,0.559406,0.5473,0.2488,0.204,28,0.1138,16,0.065,,,,,,,,,,,,,,,,,,,,,20005,CUBAL一级联赛,200267,2023-24,2023,32013,,,16,19,2,,183,130,,,23147,385.8,60.8,78.03,63.45,61.74,48.3,43.75,71.78,45.83,,,,,,,,,在场
CUBAL一级联赛,CUBAL一级联赛,1003320449,北京大学,,,Transition,-0.0238,-0.0847,,,,,,,,,,,-0.0342,0.0439,-0.0161,-0.0279,,0.0068,,0.0154,,,,,,,,,,,,,,,,,,,,,20005,CUBAL一级联赛,200267,2023-24,2023,32013,,,16,19,2,,183,130,,,,,46.5,19.67,50.88,70.79,56.89,52.84,36.54,69.58,,,,,,,,,差值
CUBAL一级联赛,CUBAL一级联赛,1003320449,北京大学,124,,Transition,0.2851,0.9118,136,59,,19,20,7,13,27,9,18,0.570755,0.5566,0.1887,0.2547,15,0.1103,15,0.1103,,,,,,,,,,,,,,,,,,,,,20005,CUBAL一级联赛,200406,2024-25,2024,80546,,,21,21,2,,187,76,,,12211,203.5,57.24,78.98,63.78,46.11,53,62.37,69.08,66.08,,,,,,,,,不在场
CUBAL一级联赛,CUBAL一级联赛,1003320449,北京大学,309,,Transition,0.2664,0.9062,341,142,,41,48,26,22,56,17,39,0.619919,0.5772,0.1951,0.2276,65,0.1906,30,0.088,,,,,,,,,,,,,,,,,,,,,20005,CUBAL一级联赛,200406,2024-25,2024,80546,,,21,21,2,,187,76,,,31289,521.5,57.07,73.85,74.73,49.12,54.06,55.48,42.76,55.48,,,,,,,,,在场
CUBAL一级联赛,CUBAL一级联赛,1003320449,北京大学,,,Transition,0.0187,0.0056,,,,,,,,,,,-0.0492,-0.0206,-0.0064,0.0271,,-0.0803,,0.0223,,,,,,,,,,,,,,,,,,,,,20005,CUBAL一级联赛,200406,2024-25,2024,80546,,,21,21,2,,187,76,,,,,63.17,99.9,50.76,55.73,59.16,69.27,63.36,74.14,,,,,,,,,差值
CUBAL一级联赛,CUBAL一级联赛,1003320449,北京大学,8,,Transition,0.2857,0.6667,12,5,,2,1,1,0,2,0,2,0.5,0.625,0.125,0.25,4,0.3333,0,0,,,,,,,,,,,,,,,,,,,,,20005,CUBAL一级联赛,200267,2023-24,2023,80546,,,21,20,2,,186,80,,,1041,17.4,29.41,82.73,49.91,74.95,18.6,56.17,11.01,0,,,,,,,,,不在场
CUBAL一级联赛,CUBAL一级联赛,1003320449,北京大学,391,,Transition,0.2573,0.9051,432,198,,63,86,37,49,67,13,54,0.544034,0.5641,0.245,0.1909,48,0.1111,32,0.0741,,,,,,,,,,,,,,,,,,,,,20005,CUBAL一级联赛,200267,2023-24,2023,80546,,,21,20,2,,186,80,,,42159,702.7,57.39,75,59.66,64.02,48.3,40.15,72.11,51.23,,,,,,,,,在场
CUBAL一级联赛,CUBAL一级联赛,1003320449,北京大学,,,Transition,0.0284,-0.2384,,,,,,,,,,,-0.044,0.0609,-0.12,0.0591,,0.2222,,-0.0741,,,,,,,,,,,,,,,,,,,,,20005,CUBAL一级联赛,200267,2023-24,2023,80546,,,21,20,2,,186,80,,,,,32.93,99.78,48.69,73.63,32.6,75.38,2.74,21.01,,,,,,,,,差值
CUBAL一级联赛,CUBAL一级联赛,1003320449,北京大学,268,,Transition,0.259,0.9571,280,130,,39,29,15,14,56,17,39,0.611628,0.6047,0.1349,0.2605,42,0.15,23,0.0821,,,,,,,,,,,,,,,,,,,,,20005,CUBAL一级联赛,200406,2024-25,2024,32012,,,31,21,2,,186,70,,,26645,444.1,63.6,70.67,73.85,55.65,36.75,62.72,56.99,52.12,,,,,,,,,不在场
CUBAL一级联赛,CUBAL一级联赛,1003320449,北京大学,164,,Transition,0.2897,0.841,195,70,,21,40,19,21,27,9,18,0.594891,0.5109,0.292,0.1971,38,0.1949,20,0.1026,,,,,,,,,,,,,,,,,,,,,20005,CUBAL一级联赛,200406,2024-25,2024,32012,,,31,21,2,,186,70,,,16855,280.9,50.18,80.71,70.14,36.75,76.86,45.76,42.05,63.6,,,,,,,,,在场
CUBAL一级联赛,CUBAL一级联赛,1003320449,北京大学,,,Transition,-0.0307,0.1161,,,,,,,,,,,0.0167,0.0938,-0.1571,0.0634,,-0.0449,,-0.0205,,,,,,,,,,,,,,,,,,,,,20005,CUBAL一级联赛,200406,2024-25,2024,32012,,,31,21,2,,186,70,,,,,76.15,21.07,65.36,81.3,22.52,76.62,54.01,50.95,,,,,,,,,差值
CUBAL一级联赛,CUBAL一级联赛,1003320449,北京大学,21,,Transition,0.2208,0.6176,34,14,,6,7,1,6,1,1,0,0.477273,0.6364,0.3182,0.0455,8,0.2353,4,0.1176,,,,,,,,,,,,,,,,,,,,,20005,CUBAL一级联赛,200069,2022-23,2022,32012,,,31,19,2,,186,70,,,3656,60.9,38.89,50,47.22,69.44,66.67,13.89,41.67,77.14,,,,,,,,,不在场
CUBAL一级联赛,CUBAL一级联赛,1003320449,北京大学,23,,Transition,0.1751,0.7419,31,12,,3,5,1,4,2,1,1,0.605263,0.6316,0.2632,0.1053,7,0.2258,5,0.1613,,,,,,,,,,,,,,,,,,,,,20005,CUBAL一级联赛,200069,2022-23,2022,32012,,,31,19,2,,186,70,,,3844,64.1,58.33,30.56,72.22,69.44,55.56,25.71,44.44,88.89,,,,,,,,,在场
CUBAL一级联赛,CUBAL一级联赛,1003320449,北京大学,,,Transition,0.0457,-0.1243,,,,,,,,,,,-0.128,0.0048,0.055,-0.0598,,0.0095,,-0.0437,,,,,,,,,,,,,,,,,,,,,20005,CUBAL一级联赛,200069,2022-23,2022,32012,,,31,19,2,,186,70,,,,,48.13,98.4,44.39,56.68,65.78,49.2,40.64,34.22,,,,,,,,,差值
CUBAL一级联赛,CUBAL一级联赛,1003320449,北京大学,167,,Transition,0.2954,0.893,187,83,,26,33,13,20,35,8,27,0.543046,0.5497,0.2185,0.2318,21,0.1123,15,0.0802,,,,,,,,,,,,,,,,,,,,,20005,CUBAL一级联赛,200267,2023-24,2023,32012,,,31,20,2,,186,70,,,16033,267.2,56.06,84.85,59.66,61.74,44.13,49.43,71.78,55.87,,,,,,,,,不在场
CUBAL一级联赛,CUBAL一级联赛,1003320449,北京大学,235,,Transition,0.2378,0.9073,259,121,,39,54,25,29,34,5,29,0.545238,0.5789,0.2584,0.1627,31,0.1197,18,0.0695,,,,,,,,,,,,,,,,,,,,,20005,CUBAL一级联赛,200267,2023-24,2023,32012,,,31,20,2,,186,70,,,27167,452.8,57.39,64.96,59.66,66.41,52.84,31.82,69.89,48.67,,,,,,,,,在场
CUBAL一级联赛,CUBAL一级联赛,1003320449,北京大学,,,Transition,0.0576,-0.0143,,,,,,,,,,,-0.0022,-0.0292,-0.0399,0.0691,,-0.0074,,0.0107,,,,,,,,,,,,,,,,,,,,,20005,CUBAL一级联赛,200267,2023-24,2023,32012,,,31,20,2,,186,70,,,,,56.67,99.78,59.41,53.06,51.86,78.34,42.56,66.41,,,,,,,,,差值