_group,_leagueName,球队ID,球队名称,有效命中率,篮下比重,篮下命中率,中距离比重,中距离命中率,三分比重,三分命中率,对手有效命中率,对手篮下比重,对手篮下命中率,对手中距离比重,对手中距离命中率,对手三分比重,对手三分命中率,篮下近距离比重,短中距离命中率,远中距离比重,长中距离命中率,底角三分比重,底角三分命中率,侧翼三分比重,非底角三分命中率,对手近距离比重,对手近距离命中率,对手远中距离比重,对手远中距离命中率,对手底角三分比重,对手底角三分命中率,对手侧翼三分比重,对手侧翼三分命中率,赛事ID,赛事名称,赛季ID,赛季,年份,球员ID,球员姓名,球员英文名,球衣号,年龄,sex,位置,身高,体重,位置(中文),上场时间(分钟),上场时间(秒),在场/不在场,球队比赛场次,球队有效命中率百分位,球队篮下出手占比百分位排名,球队篮下命中率百分位排名,球队中距离出手占比百分位排名,球队中距离命中率百分位排名,球队三分出手占比百分位排名,球队三分命中率百分位排名,对手有效命中率百分位,对手篮下出手占比百分位排名,对手篮下命中率百分位排名,对手中距离出手占比百分位排名,对手中距离命中率百分位排名,对手三分出手占比百分位排名,对手三分命中率百分位排名,位置筛选(全部/按位置)
CUBAL一级联赛,CUBAL一级联赛,1003320449,北京大学,0.573059,0.436073,0.670157,0.221461,0.525773,0.342466,0.32,0.349476,0.209424,0.3375,0.337696,0.232558,1,0.133508,0,0,0,0,0,0,0,0,0,0,0,0,0,0,0,0,20005,CUBAL一级联赛,200406,2024-25,2024,76061,赵婧涵,,,18,,总和,,,,247.8,14869,,,,,,,,,,,,,,,,,true
CUBAL一级联赛,CUBAL一级联赛,1003320449,北京大学,0.58277,0.442568,0.709924,0.202703,0.5,0.35473,0.314286,0.334661,0.219124,0.381818,0.346614,0.206897,0.434263,0.275229,0,0,0,0,0,0,0,0,0,0,0,0,0,0,0,0,20005,CUBAL一级联赛,200406,2024-25,2024,76061,赵婧涵,,,18,,PF,,,大前锋,0.658,9785,,,93.38,65.56,87.58,26.99,93.71,54.8,72.52,79.47,87.09,86.09,24.5,79.3,15.73,40.89,false
CUBAL一级联赛,CUBAL一级联赛,1003320449,北京大学,0.545802,0.412214,0.574074,0.282443,0.567568,0.305344,0.325,0.397541,0.180328,0.227273,0.336066,0.292683,0.483607,0.355932,0,0,0,0,0,0,0,0,0,0,0,0,0,0,0,0,20005,CUBAL一级联赛,200406,2024-25,2024,76061,赵婧涵,,,18,,SF,,,小前锋,0.317,4719,,,86.92,57.62,60.1,56.13,97.35,36.09,74.67,56.29,92.88,99.17,27.48,51.32,8.61,18.87,false
CUBAL一级联赛,CUBAL一级联赛,1003320449,北京大学,0.5,0.428571,0.666667,0,0,0.571429,0.25,0.2,0.4,0.5,0.2,0,0.4,0,0,0,0,0,0,0,0,0,0,0,0,0,0,0,0,0,20005,CUBAL一级联赛,200406,2024-25,2024,76061,赵婧涵,,,18,,C,,,中锋,0.012,183,,,,,,,,,,,,,,,,,false
CUBAL一级联赛,CUBAL一级联赛,1003320449,北京大学,0.875,0.75,0.666667,0,0,0.25,1,0,0.25,0,0,0,0.75,0,0,0,0,0,0,0,0,0,0,0,0,0,0,0,0,0,20005,CUBAL一级联赛,200406,2024-25,2024,76061,赵婧涵,,,18,,SG,,,得分后卫,0.012,182,,,,,,,,,,,,,,,,,false
CUBAL一级联赛,CUBAL一级联赛,1003320449,北京大学,0.552632,0.39961,0.639024,0.249513,0.453125,0.350877,0.35,0.34633,0.270642,0.449153,0.31422,0.211679,0.415138,0.254144,0,0,0,0,0,0,0,0,0,0,0,0,0,0,0,0,20005,CUBAL一级联赛,200406,2024-25,2024,30097,钱媛媛,,,18,,PG,,,控球后卫,1,16664,,,89.4,53.48,76.16,43.54,87.09,52.98,80.3,76.82,79.8,72.35,34.27,77.98,21.85,49.5,false
CUBAL一级联赛,CUBAL一级联赛,1003320449,北京大学,0.552632,0.39961,0.639024,0.249513,0.453125,0.350877,0.35,0.34633,0.270642,0.449153,0.31422,0.211679,0.415138,0.254144,0,0,0,0,0,0,0,0,0,0,0,0,0,0,0,0,20005,CUBAL一级联赛,200406,2024-25,2024,30097,钱媛媛,,,18,,总和,,,,277.7,16664,,,89.4,53.48,76.16,43.54,87.09,52.98,80.3,76.82,79.8,72.35,34.27,77.98,21.85,49.5,true
CUBAL一级联赛,CUBAL一级联赛,1003320449,北京大学,0.553221,0.45098,0.608696,0.229692,0.463415,0.319328,0.359649,0.393092,0.246711,0.493333,0.309211,0.223404,0.444079,0.303704,0,0,0,0,0,0,0,0,0,0,0,0,0,0,0,0,20005,CUBAL一级联赛,200406,2024-25,2024,31999,贾晋文,,,20,,C,,,中锋,1,11301,,,89.57,68.54,68.87,37.91,89.07,40.89,82.28,58.44,83.61,62.58,35.6,73.84,12.75,30.79,false
CUBAL一级联赛,CUBAL一级联赛,1003320449,北京大学,0.553221,0.45098,0.608696,0.229692,0.463415,0.319328,0.359649,0.393092,0.246711,0.493333,0.309211,0.223404,0.444079,0.303704,0,0,0,0,0,0,0,0,0,0,0,0,0,0,0,0,20005,CUBAL一级联赛,200406,2024-25,2024,31999,贾晋文,,,20,,总和,,,,188.4,11301,,,89.57,68.54,68.87,37.91,89.07,40.89,82.28,58.44,83.61,62.58,35.6,73.84,12.75,30.79,true
CUBAL一级联赛,CUBAL一级联赛,1003320449,北京大学,0.540892,0.405204,0.688073,0.297398,0.375,0.297398,0.3375,0.312796,0.21327,0.444444,0.388626,0.231707,1,0.085308,0,0,0,0,0,0,0,0,0,0,0,0,0,0,0,0,20005,CUBAL一级联赛,200267,2023-24,2023,31999,贾晋文,,,19,,总和,,,,300,18000,,,,,,,,,,,,,,,,,true
CUBAL一级联赛,CUBAL一级联赛,1003320449,北京大学,0.523316,0.367876,0.690141,0.326425,0.349206,0.305699,0.338983,0.325658,0.203947,0.419355,0.401316,0.229508,0.394737,0.25,0,0,0,0,0,0,0,0,0,0,0,0,0,0,0,0,20005,CUBAL一级联赛,200267,2023-24,2023,31999,贾晋文,,,19,,C,,,中锋,0.704,12678,,,85.77,66.1,80.52,49.06,65.92,38.2,82.02,79.96,82.21,82.77,27.9,72.85,28.46,50.19,false
CUBAL一级联赛,CUBAL一级联赛,1003320449,北京大学,0.585526,0.5,0.684211,0.223684,0.470588,0.276316,0.333333,0.279661,0.237288,0.5,0.355932,0.238095,0.40678,0.125,0,0,0,0,0,0,0,0,0,0,0,0,0,0,0,0,20005,CUBAL一级联赛,200267,2023-24,2023,31999,贾晋文,,,19,,PF,,,大前锋,0.296,5322,,,95.88,91.95,79.03,16.67,92.7,27.9,81.09,89.89,73.03,69.1,41.39,70.79,23.97,87.83,false
CUBAL一级联赛,CUBAL一级联赛,1003320449,北京大学,0.35,0.2,0.5,0.4,0.25,0.4,0.25,0.625,0.25,0.333333,0.25,0.666667,1,0.25,0,0,0,0,0,0,0,0,0,0,0,0,0,0,0,0,20005,CUBAL一级联赛,200069,2022-23,2022,31999,贾晋文,,,18,,总和,,,,9.1,543,,,,,,,,,,,,,,,,,true
CUBAL一级联赛,CUBAL一级联赛,1003320449,北京大学,0.222222,0.222222,0.5,0.444444,0.25,0.333333,0,0.545455,0.272727,0.333333,0.272727,0.666667,0.454545,0.4,0,0,0,0,0,0,0,0,0,0,0,0,0,0,0,0,20005,CUBAL一级联赛,200069,2022-23,2022,31999,贾晋文,,,18,,C,,,中锋,0.794,431,,,,,,,,,,,,,,,,,false
CUBAL一级联赛,CUBAL一级联赛,1003320449,北京大学,1.5,0,0,0,0,1,1,1.5,0,0,0,0,1,1,0,0,0,0,0,0,0,0,0,0,0,0,0,0,0,0,20005,CUBAL一级联赛,200069,2022-23,2022,31999,贾晋文,,,18,,PF,,,大前锋,0.206,112,,,,,,,,,,,,,,,,,false
CUBAL一级联赛,CUBAL一级联赛,1003320449,北京大学,0.616412,0.454198,0.689076,0.194656,0.529412,0.351145,0.380435,0.343049,0.224215,0.34,0.32287,0.263889,1,0.121076,0,0,0,0,0,0,0,0,0,0,0,0,0,0,0,0,20005,CUBAL一级联赛,200406,2024-25,2024,92972,蔡雨昕,,,20,,总和,,,,139.6,8378,,,,,,,,,,,,,,,,,true
CUBAL一级联赛,CUBAL一级联赛,1003320449,北京大学,0.622222,0.405556,0.684932,0.2,0.555556,0.394444,0.394366,0.360248,0.217391,0.4,0.298137,0.229167,0.484472,0.282051,0,0,0,0,0,0,0,0,0,0,0,0,0,0,0,0,20005,CUBAL一级联赛,200406,2024-25,2024,92972,蔡雨昕,,,20,,SG,,,得分后卫,0.69,5784,,,97.02,55.79,84.11,26.32,97.35,70.36,89.07,72.02,87.42,83.11,39.4,72.68,8.61,38.58,false
CUBAL一级联赛,CUBAL一级联赛,1003320449,北京大学,0.603659,0.560976,0.695652,0.182927,0.466667,0.256098,0.333333,0.298387,0.241935,0.2,0.387097,0.333333,0.370968,0.217391,0,0,0,0,0,0,0,0,0,0,0,0,0,0,0,0,20005,CUBAL一级联赛,200406,2024-25,2024,92972,蔡雨昕,,,20,,PG,,,控球后卫,0.31,2594,,,95.53,94.21,85.93,21.03,89.07,20.86,77.98,88.58,84.27,99.5,15.4,40.89,38.41,65.23,false
CUBAL一级联赛,CUBAL一级联赛,1003320449,北京大学,0.423077,0.384615,0.6,0.307692,0.25,0.307692,0.25,0.2,0.2,0,0.3,0.666667,0.5,0,0,0,0,0,0,0,0,0,0,0,0,0,0,0,0,0,20005,CUBAL一级联赛,200267,2023-24,2023,92972,蔡雨昕,,,19,,PG,,,控球后卫,1,1170,,,,,,,,,,,,,,,,,false
CUBAL一级联赛,CUBAL一级联赛,1003320449,北京大学,0.423077,0.384615,0.6,0.307692,0.25,0.307692,0.25,0.2,0.2,0,0.3,0.666667,0.5,0,0,0,0,0,0,0,0,0,0,0,0,0,0,0,0,0,20005,CUBAL一级联赛,200267,2023-24,2023,92972,蔡雨昕,,,19,,总和,,,,19.5,1170,,,,,,,,,,,,,,,,,true
CUBAL一级联赛,CUBAL一级联赛,1003320449,北京大学,0.474026,0.376623,0.62069,0.359307,0.39759,0.264069,0.245902,0.324022,0.223464,0.475,0.368715,0.272727,1,0.078212,0,0,0,0,0,0,0,0,0,0,0,0,0,0,0,0,20005,CUBAL一级联赛,200406,2024-25,2024,30230,安恒瑶,,,19,,总和,,,,122.4,7346,,,,,,,,,,,,,,,,,true
CUBAL一级联赛,CUBAL一级联赛,1003320449,北京大学,0.471491,0.368421,0.619048,0.364035,0.39759,0.267544,0.245902,0.325714,0.222857,0.487179,0.365714,0.265625,0.411429,0.194444,0,0,0,0,0,0,0,0,0,0,0,0,0,0,0,0,20005,CUBAL一级联赛,200406,2024-25,2024,30230,安恒瑶,,,19,,C,,,中锋,0.988,7258,,,71.69,44.54,71.19,79.14,75.99,24.83,46.36,82.28,86.75,62.75,20.7,62.09,23.01,73.01,false
CUBAL一级联赛,CUBAL一级联赛,1003320449,北京大学,0.666667,1,0.666667,0,0,0,0,0.25,0.25,0,0.5,0.5,0.25,0,0,0,0,0,0,0,0,0,0,0,0,0,0,0,0,0,20005,CUBAL一级联赛,200406,2024-25,2024,30230,安恒瑶,,,19,,PF,,,大前锋,0.012,88,,,,,,,,,,,,,,,,,false
CUBAL一级联赛,CUBAL一级联赛,1003320449,北京大学,0.557003,0.410423,0.674603,0.299674,0.413043,0.289902,0.359551,0.357798,0.270642,0.457627,0.334862,0.369863,0.394495,0.186047,0,0,0,0,0,0,0,0,0,0,0,0,0,0,0,0,20005,CUBAL一级联赛,200267,2023-24,2023,30230,安恒瑶,,,18,,C,,,中锋,1,20222,,,92.32,77.34,76.78,38.2,84.46,32.21,85.58,68.16,61.61,76.97,47,27.34,28.46,73.41,false
CUBAL一级联赛,CUBAL一级联赛,1003320449,北京大学,0.557003,0.410423,0.674603,0.299674,0.413043,0.289902,0.359551,0.357798,0.270642,0.457627,0.334862,0.369863,0.394495,0.186047,0,0,0,0,0,0,0,0,0,0,0,0,0,0,0,0,20005,CUBAL一级联赛,200267,2023-24,2023,30230,安恒瑶,,,18,,总和,,,,337,20222,,,92.32,77.34,76.78,38.2,84.46,32.21,85.58,68.16,61.61,76.97,47,27.34,28.46,73.41,true
CUBAL一级联赛,CUBAL一级联赛,1003320449,北京大学,0.504386,0.328947,0.64,0.346491,0.392405,0.324561,0.324324,0.402778,0.277778,0.6,0.316667,0.298246,1,0.094444,0,0,0,0,0,0,0,0,0,0,0,0,0,0,0,0,20005,CUBAL一级联赛,200406,2024-25,2024,80548,罗巧梅,,,21,,总和,,,,123.3,7396,,,,,,,,,,,,,,,,,true
CUBAL一级联赛,CUBAL一级联赛,1003320449,北京大学,0.468586,0.335079,0.65625,0.356021,0.367647,0.308901,0.254237,0.398601,0.265734,0.631579,0.335664,0.3125,0.398601,0.210526,0,0,0,0,0,0,0,0,0,0,0,0,0,0,0,0,20005,CUBAL一级联赛,200406,2024-25,2024,80548,罗巧梅,,,21,,PG,,,控球后卫,0.82,6062,,,70.36,34.6,79.3,77.32,68.87,37.75,50.5,55.79,80.46,25.99,27.48,46.52,27.81,66.72,false
CUBAL一级联赛,CUBAL一级联赛,1003320449,北京大学,0.689189,0.297297,0.545455,0.297297,0.545455,0.405405,0.6,0.418919,0.324324,0.5,0.243243,0.222222,0.432432,0.3125,0,0,0,0,0,0,0,0,0,0,0,0,0,0,0,0,20005,CUBAL一级联赛,200406,2024-25,2024,80548,罗巧梅,,,21,,SG,,,得分后卫,0.18,1334,,,99.67,26.16,52.81,60.6,97.19,74.83,99.67,47.35,67.88,59.6,57.62,75.17,16.72,28.31,false
CUBAL一级联赛,CUBAL一级联赛,1003320449,北京大学,0.542069,0.444138,0.65528,0.314483,0.403509,0.241379,0.342857,0.414587,0.24952,0.569231,0.380038,0.338384,1,0.095969,0,0,0,0,0,0,0,0,0,0,0,0,0,0,0,0,20005,CUBAL一级联赛,200267,2023-24,2023,80548,罗巧梅,,,20,,总和,,,,762.9,45776,,,,,,,,,,,,,,,,,true
CUBAL一级联赛,CUBAL一级联赛,1003320449,北京大学,0.558185,0.449704,0.666667,0.313609,0.408805,0.236686,0.366667,0.427978,0.232687,0.571429,0.390582,0.361702,0.376731,0.272059,0,0,0,0,0,0,0,0,0,0,0,0,0,0,0,0,20005,CUBAL一级联赛,200267,2023-24,2023,80548,罗巧梅,,,20,,SG,,,得分后卫,0.696,31838,,,92.88,85.96,74.91,43.63,83.71,15.36,87.08,41.95,74.53,48.69,31.65,30.34,34.08,38.58,false
CUBAL一级联赛,CUBAL一级联赛,1003320449,北京大学,0.504587,0.431193,0.62766,0.316514,0.391304,0.252294,0.290909,0.384375,0.2875,0.565217,0.35625,0.280702,0.35625,0.22807,0,0,0,0,0,0,0,0,0,0,0,0,0,0,0,0,20005,CUBAL一级联赛,200267,2023-24,2023,80548,罗巧梅,,,20,,PG,,,控球后卫,0.304,13938,,,80.34,82.21,65.54,44.57,79.4,19.85,68.35,57.87,56.18,49.81,40.82,56.74,43.07,56.55,false
CUBAL一级联赛,CUBAL一级联赛,1003320449,北京大学,0.53504,0.444744,0.636364,0.256065,0.4,0.299191,0.333333,0.340764,0.194268,0.42623,0.340764,0.224299,1,0.121019,0,0,0,0,0,0,0,0,0,0,0,0,0,0,0,0,20005,CUBAL一级联赛,200406,2024-25,2024,80549,王斯瑶,,,22,,总和,,,,200.1,12007,,,,,,,,,,,,,,,,,true
CUBAL一级联赛,CUBAL一级联赛,1003320449,北京大学,0.492908,0.41844,0.644068,0.283688,0.45,0.297872,0.214286,0.342593,0.240741,0.423077,0.37963,0.195122,0.37963,0.292683,0,0,0,0,0,0,0,0,0,0,0,0,0,0,0,0,20005,CUBAL一级联赛,200406,2024-25,2024,80549,王斯瑶,,,22,,SG,,,得分后卫,0.374,4491,,,76.49,59.44,77.32,56.79,86.75,32.95,33.61,78.31,84.77,78.81,16.56,81.79,35.43,34.27,false
CUBAL一级联赛,CUBAL一级联赛,1003320449,北京大学,0.625,0.435484,0.648148,0.169355,0.52381,0.395161,0.428571,0.339286,0.205357,0.26087,0.294643,0.242424,0.5,0.285714,0,0,0,0,0,0,0,0,0,0,0,0,0,0,0,0,20005,CUBAL一级联赛,200406,2024-25,2024,80549,王斯瑶,,,22,,SF,,,小前锋,0.332,3990,,,97.19,63.25,78.48,16.56,94.54,71.03,95.2,78.81,89.24,97.19,40.07,68.87,6.29,37.75,false
CUBAL一级联赛,CUBAL一级联赛,1003320449,北京大学,0.485849,0.490566,0.615385,0.320755,0.264706,0.188679,0.35,0.340426,0.12766,0.75,0.351064,0.242424,0.521277,0.204082,0,0,0,0,0,0,0,0,0,0,0,0,0,0,0,0,20005,CUBAL一级联赛,200406,2024-25,2024,80549,王斯瑶,,,22,,PG,,,控球后卫,0.294,3526,,,75.17,81.62,70.03,67.72,37.58,6.46,80.3,78.81,97.02,8.44,23.18,68.87,4.64,68.71,false
CUBAL一级联赛,CUBAL一级联赛,1003320449,北京大学,0.610592,0.47352,0.736842,0.264798,0.423529,0.261682,0.380952,0.308,0.232,0.551724,0.392,0.27551,1,0.048,0,0,0,0,0,0,0,0,0,0,0,0,0,0,0,0,20005,CUBAL一级联赛,200267,2023-24,2023,80549,王斯瑶,,,21,,总和,,,,357.9,21472,,,,,,,,,,,,,,,,,true
CUBAL一级联赛,CUBAL一级联赛,1003320449,北京大学,0.618506,0.477273,0.741497,0.262987,0.432099,0.25974,0.3875,0.3125,0.233333,0.571429,0.395833,0.263158,0.370833,0.134831,0,0,0,0,0,0,0,0,0,0,0,0,0,0,0,0,20005,CUBAL一级联赛,200267,2023-24,2023,80549,王斯瑶,,,21,,PG,,,控球后卫,0.946,20302,,,97,90.45,88.58,27.72,87.27,21.35,91.2,84.27,74.53,48.69,29.78,62.73,37.08,86.14,false
CUBAL一级联赛,CUBAL一级联赛,1003320449,北京大学,0.423077,0.384615,0.6,0.307692,0.25,0.307692,0.25,0.2,0.2,0,0.3,0.666667,0.5,0,0,0,0,0,0,0,0,0,0,0,0,0,0,0,0,0,20005,CUBAL一级联赛,200267,2023-24,2023,80549,王斯瑶,,,21,,SG,,,得分后卫,0.054,1170,,,,,,,,,,,,,,,,,false
CUBAL一级联赛,CUBAL一级联赛,1003320449,北京大学,0.559006,0.437888,0.695035,0.322981,0.471154,0.23913,0.285714,0.381356,0.20678,0.639344,0.352542,0.288462,1,0.098305,0,0,0,0,0,0,0,0,0,0,0,0,0,0,0,0,20005,CUBAL一级联赛,200406,2024-25,2024,32001,王乔睿,,,20,,总和,,,,181.8,10910,,,,,,,,,,,,,,,,,true
CUBAL一级联赛,CUBAL一级联赛,1003320449,北京大学,0.566138,0.417989,0.683544,0.312169,0.440678,0.269841,0.352941,0.318182,0.181818,0.5625,0.323864,0.298246,0.494318,0.16092,0,0,0,0,0,0,0,0,0,0,0,0,0,0,0,0,20005,CUBAL一级联赛,200406,2024-25,2024,32001,王乔睿,,,20,,SG,,,得分后卫,0.604,6588,,,91.06,59.44,83.77,65.23,85.76,25.33,80.79,84.77,92.55,43.38,30.3,49.83,7.12,82.45,false
CUBAL一级联赛,CUBAL一级联赛,1003320449,北京大学,0.55303,0.469697,0.709677,0.333333,0.522727,0.19697,0.153846,0.47479,0.243697,0.724138,0.394958,0.276596,0.361345,0.348837,0,0,0,0,0,0,0,0,0,0,0,0,0,0,0,0,20005,CUBAL一级联赛,200406,2024-25,2024,32001,王乔睿,,,20,,PG,,,控球后卫,0.394,4303,,,89.57,76.32,87.58,71.69,94.54,7.78,16.06,27.32,84.11,10.26,14.07,58.77,42.22,20.2,false
CUBAL一级联赛,CUBAL一级联赛,1003320449,北京大学,0,0,0,1,0,0,0,0,0,0,0,0,0,0,0,0,0,0,0,0,0,0,0,0,0,0,0,0,0,0,20005,CUBAL一级联赛,200406,2024-25,2024,32001,王乔睿,,,20,,SF,,,小前锋,0.002,19,,,,,,,,,,,,,,,,,false
CUBAL一级联赛,CUBAL一级联赛,1003320449,北京大学,0.449438,0.370787,0.621212,0.292135,0.346154,0.337079,0.233333,0.353571,0.235714,0.515152,0.342857,0.208333,1,0.107143,0,0,0,0,0,0,0,0,0,0,0,0,0,0,0,0,20005,CUBAL一级联赛,200267,2023-24,2023,32001,王乔睿,,,19,,总和,,,,193.8,11628,,,,,,,,,,,,,,,,,true
CUBAL一级联赛,CUBAL一级联赛,1003320449,北京大学,0.441176,0.319328,0.631579,0.294118,0.342857,0.386555,0.23913,0.273196,0.226804,0.454545,0.381443,0.162162,0.391753,0.184211,0,0,0,0,0,0,0,0,0,0,0,0,0,0,0,0,20005,CUBAL一级联赛,200267,2023-24,2023,32001,王乔睿,,,19,,SG,,,得分后卫,0.684,7952,,,61.8,53.18,65.92,36.7,64.23,69.66,47.75,90.82,77.53,77.72,34.64,87.83,29.4,73.6,false
CUBAL一级联赛,CUBAL一级联赛,1003320449,北京大学,0.456897,0.465517,0.592593,0.293103,0.352941,0.241379,0.214286,0.551282,0.282051,0.636364,0.25641,0.4,0.461538,0.388889,0,0,0,0,0,0,0,0,0,0,0,0,0,0,0,0,20005,CUBAL一级联赛,200267,2023-24,2023,32001,王乔睿,,,19,,SF,,,小前锋,0.298,3460,,,67.42,89.14,55.06,36.33,67.6,16.67,38.01,8.61,58.24,33.15,75.09,18.91,13.11,8.8,false
CUBAL一级联赛,CUBAL一级联赛,1003320449,北京大学,1,1,1,0,0,0,0,0.375,0,0,0.25,0,0.75,0.333333,0,0,0,0,0,0,0,0,0,0,0,0,0,0,0,0,20005,CUBAL一级联赛,200267,2023-24,2023,32001,王乔睿,,,19,,PG,,,控球后卫,0.019,216,,,,,,,,,,,,,,,,,false
CUBAL一级联赛,CUBAL一级联赛,1003320449,北京大学,0.434426,0.393443,0.708333,0.393443,0.208333,0.213115,0.230769,0.342857,0.214286,0.466667,0.371429,0.307692,1,0.085714,0,0,0,0,0,0,0,0,0,0,0,0,0,0,0,0,20005,CUBAL一级联赛,200069,2022-23,2022,32001,王乔睿,,,18,,总和,,,,40.5,2432,,,,,,,,,,,,,,,,,true
CUBAL一级联赛,CUBAL一级联赛,1003320449,北京大学,0.53125,0.479167,0.73913,0.354167,0.235294,0.166667,0.375,0.336207,0.241379,0.428571,0.327586,0.315789,0.431034,0.2,0,0,0,0,0,0,0,0,0,0,0,0,0,0,0,0,20005,CUBAL一级联赛,200069,2022-23,2022,32001,王乔睿,,,18,,SG,,,得分后卫,0.772,1877,,,82.14,99.11,100,87.5,77.68,4.46,86.61,83.93,25,26.79,16.07,12.5,24.11,66.96,false
CUBAL一级联赛,CUBAL一级联赛,1003320449,北京大学,0.076923,0.076923,0,0.538462,0.142857,0.384615,0,0.375,0.083333,1,0.583333,0.285714,0.333333,0.25,0,0,0,0,0,0,0,0,0,0,0,0,0,0,0,0,20005,CUBAL一级联赛,200069,2022-23,2022,32001,王乔睿,,,18,,PG,,,控球后卫,0.228,555,,,,,,,,,,,,,,,,,false
CUBAL一级联赛,CUBAL一级联赛,1003320449,北京大学,0.494088,0.408784,0.628099,0.278716,0.387879,0.3125,0.275676,0.385772,0.258517,0.542636,0.356713,0.292135,1,0.094188,0,0,0,0,0,0,0,0,0,0,0,0,0,0,0,0,20005,CUBAL一级联赛,200406,2024-25,2024,80550,伍湘琳,,,22,,总和,,,,332.4,19941,,,,,,,,,,,,,,,,,true
CUBAL一级联赛,CUBAL一级联赛,1003320449,北京大学,0.53442,0.431159,0.621849,0.224638,0.435484,0.344203,0.326316,0.418561,0.227273,0.5,0.344697,0.307692,0.42803,0.309735,0,0,0,0,0,0,0,0,0,0,0,0,0,0,0,0,20005,CUBAL一级联赛,200406,2024-25,2024,80550,伍湘琳,,,22,,PG,,,控球后卫,0.506,10098,,,84.93,62.58,71.69,35.93,84.77,49.17,75,47.35,86.26,59.6,25,47.19,17.38,28.81,false
CUBAL一级联赛,CUBAL一级联赛,1003320449,北京大学,0.466102,0.40339,0.621849,0.318644,0.37234,0.277966,0.231707,0.345982,0.290179,0.569231,0.375,0.285714,0.334821,0.146667,0,0,0,0,0,0,0,0,0,0,0,0,0,0,0,0,20005,CUBAL一级联赛,200406,2024-25,2024,80550,伍湘琳,,,22,,SG,,,得分后卫,0.466,9294,,,69.54,55.46,71.69,66.89,69.7,28.15,41.56,76.99,75.5,41.89,18.87,56.46,53.48,84.93,false
CUBAL一级联赛,CUBAL一级联赛,1003320449,北京大学,0.357143,0.190476,1,0.428571,0.222222,0.380952,0.125,0.409091,0.363636,0.75,0.272727,0,0.363636,0.25,0,0,0,0,0,0,0,0,0,0,0,0,0,0,0,0,20005,CUBAL一级联赛,200406,2024-25,2024,80550,伍湘琳,,,22,,SF,,,小前锋,0.028,549,,,,,,,,,,,,,,,,,false
CUBAL一级联赛,CUBAL一级联赛,1003320449,北京大学,0.463,0.36,0.6,0.306,0.385621,0.334,0.257485,0.349866,0.225201,0.47619,0.399464,0.255034,1,0.093834,0,0,0,0,0,0,0,0,0,0,0,0,0,0,0,0,20005,CUBAL一级联赛,200267,2023-24,2023,80550,伍湘琳,,,21,,总和,,,,546.1,32766,,,,,,,,,,,,,,,,,true
CUBAL一级联赛,CUBAL一级联赛,1003320449,北京大学,0.45584,0.353276,0.596774,0.31339,0.372727,0.333333,0.25641,0.337638,0.236162,0.484375,0.394834,0.242991,0.369004,0.23,0,0,0,0,0,0,0,0,0,0,0,0,0,0,0,0,20005,CUBAL一级联赛,200267,2023-24,2023,80550,伍湘琳,,,21,,SG,,,得分后卫,0.712,23342,,,66.67,62.55,56.18,43.63,73.03,46.63,54.68,75.47,73.6,71.72,29.78,69.29,37.83,56.55,false
CUBAL一级联赛,CUBAL一级联赛,1003320449,北京大学,0.582278,0.43038,0.647059,0.291139,0.521739,0.278481,0.363636,0.431373,0.254902,0.538462,0.352941,0.333333,0.392157,0.3,0,0,0,0,0,0,0,0,0,0,0,0,0,0,0,0,20005,CUBAL一级联赛,200267,2023-24,2023,80550,伍湘琳,,,21,,SF,,,小前锋,0.155,5080,,,95.88,81.84,69.29,35.21,97.57,28.46,86.52,40.82,67.23,58.99,42.51,37.64,29.21,28.28,false
CUBAL一级联赛,CUBAL一级联赛,1003320449,北京大学,0.364286,0.314286,0.545455,0.285714,0.3,0.4,0.178571,0.333333,0.137255,0.285714,0.470588,0.25,0.392157,0.3,0,0,0,0,0,0,0,0,0,0,0,0,0,0,0,0,20005,CUBAL一级联赛,200267,2023-24,2023,80550,伍湘琳,,,21,,PG,,,控球后卫,0.133,4344,,,34.46,51.87,43.45,34.08,48.13,73.22,24.72,76.97,94.38,97.19,15.54,69.1,29.21,28.28,false
CUBAL一级联赛,CUBAL一级联赛,1003320449,北京大学,0.526525,0.428382,0.659443,0.290451,0.415525,0.281167,0.292453,0.400152,0.240854,0.582278,0.349085,0.292576,1,0.105183,0,0,0,0,0,0,0,0,0,0,0,0,0,0,0,0,20005,CUBAL一级联赛,200406,2024-25,2024,32005,王家绘,,,22,,总和,,,,429.8,25786,,,,,,,,,,,,,,,,,true
CUBAL一级联赛,CUBAL一级联赛,1003320449,北京大学,0.520741,0.437037,0.644068,0.281481,0.431579,0.281481,0.278947,0.405923,0.249129,0.594406,0.362369,0.293269,0.388502,0.26009,0,0,0,0,0,0,0,0,0,0,0,0,0,0,0,0,20005,CUBAL一级联赛,200406,2024-25,2024,32005,王家绘,,,22,,SF,,,小前锋,0.877,22623,,,82.12,63.91,77.32,55.79,84.27,29.14,60.26,52.81,83.44,34.11,21.36,51.16,31.95,48.34,false
CUBAL一级联赛,CUBAL一级联赛,1003320449,北京大学,0.507937,0.333333,0.809524,0.380952,0.25,0.285714,0.333333,0.318966,0.206897,0.583333,0.275862,0.25,0.517241,0.166667,0,0,0,0,0,0,0,0,0,0,0,0,0,0,0,0,20005,CUBAL一级联赛,200406,2024-25,2024,32005,王家绘,,,22,,PF,,,大前锋,0.09,2310,,,79.47,34.11,96.03,83.44,34.11,30.13,77.98,84.6,88.91,37.75,46.52,65.89,5.13,81.46,false
CUBAL一级联赛,CUBAL一级联赛,1003320449,北京大学,0.833333,0.333333,1,0.416667,0.6,0.25,0.666667,0.55,0.1,0,0.25,0.4,0.65,0.461538,0,0,0,0,0,0,0,0,0,0,0,0,0,0,0,0,20005,CUBAL一级联赛,200406,2024-25,2024,32005,王家绘,,,22,,SG,,,得分后卫,0.026,671,,,,,,,,,,,,,,,,,false
CUBAL一级联赛,CUBAL一级联赛,1003320449,北京大学,0.875,0.75,0.666667,0,0,0.25,1,0,0.25,0,0,0,0.75,0,0,0,0,0,0,0,0,0,0,0,0,0,0,0,0,0,20005,CUBAL一级联赛,200406,2024-25,2024,32005,王家绘,,,22,,PG,,,控球后卫,0.007,182,,,,,,,,,,,,,,,,,false
CUBAL一级联赛,CUBAL一级联赛,1003320449,北京大学,0.485332,0.403061,0.610759,0.332908,0.390805,0.264031,0.275362,0.378136,0.231183,0.496124,0.379928,0.29717,1,0.100358,0,0,0,0,0,0,0,0,0,0,0,0,0,0,0,0,20005,CUBAL一级联赛,200267,2023-24,2023,32005,王家绘,,,21,,总和,,,,829.9,49794,,,,,,,,,,,,,,,,,true
CUBAL一级联赛,CUBAL一级联赛,1003320449,北京大学,0.475279,0.417863,0.603053,0.338118,0.377358,0.244019,0.261438,0.390869,0.240535,0.509259,0.387528,0.304598,0.371938,0.269461,0,0,0,0,0,0,0,0,0,0,0,0,0,0,0,0,20005,CUBAL一级联赛,200267,2023-24,2023,32005,王家绘,,,21,,SF,,,小前锋,0.811,40402,,,72.47,79.21,59.36,53.18,75.84,17.42,56.74,55.62,71.91,65.36,32.4,49.25,36.33,38.95,false
CUBAL一级联赛,CUBAL一级联赛,1003320449,北京大学,0.525478,0.343949,0.648148,0.312102,0.44898,0.343949,0.314815,0.325688,0.192661,0.428571,0.348624,0.263158,0.458716,0.22,0,0,0,0,0,0,0,0,0,0,0,0,0,0,0,0,20005,CUBAL一级联赛,200267,2023-24,2023,32005,王家绘,,,21,,PF,,,大前锋,0.189,9392,,,86.52,59.55,69.48,43.45,89.7,51.12,75.47,79.96,86.52,81.65,44.38,62.73,13.11,59.74,false
CUBAL一级联赛,CUBAL一级联赛,1003320449,北京大学,0.356287,0.407186,0.544118,0.329341,0.163636,0.263473,0.204545,0.354167,0.202381,0.5,0.47619,0.2875,1,0.077381,0,0,0,0,0,0,0,0,0,0,0,0,0,0,0,0,20005,CUBAL一级联赛,200069,2022-23,2022,32005,王家绘,,,20,,总和,,,,96.1,5764,,,,,,,,,,,,,,,,,true
CUBAL一级联赛,CUBAL一级联赛,1003320449,北京大学,0.395105,0.412587,0.59322,0.335664,0.166667,0.251748,0.25,0.338129,0.208633,0.482759,0.47482,0.272727,0.316547,0.227273,0,0,0,0,0,0,0,0,0,0,0,0,0,0,0,0,20005,CUBAL一级联赛,200069,2022-23,2022,32005,王家绘,,,20,,SF,,,小前锋,0.828,4773,,,41.07,93.75,90.18,85.71,70.54,19.64,49.11,82.14,26.79,24.11,3.57,17.86,60.71,58.04,false
CUBAL一级联赛,CUBAL一级联赛,1003320449,北京大学,0.125,0.375,0.222222,0.291667,0.142857,0.333333,0,0.431034,0.172414,0.6,0.482759,0.357143,0.344828,0.3,0,0,0,0,0,0,0,0,0,0,0,0,0,0,0,0,20005,CUBAL一级联赛,200069,2022-23,2022,32005,王家绘,,,20,,SG,,,得分后卫,0.172,991,,,0,90.18,67.86,79.46,69.64,41.07,0,46.43,29.46,9.82,3.57,9.82,52.68,29.46,false
CUBAL一级联赛,CUBAL一级联赛,1003320449,北京大学,0.551282,0.435897,0.611765,0.215385,0.571429,0.348718,0.308824,0.339181,0.239766,0.292683,0.274854,0.276596,1,0.128655,0,0,0,0,0,0,0,0,0,0,0,0,0,0,0,0,20005,CUBAL一级联赛,200406,2024-25,2024,92136,冯蔡依曼,,,19,,总和,,,,112.9,6771,,,,,,,,,,,,,,,,,true
CUBAL一级联赛,CUBAL一级联赛,1003320449,北京大学,0.603175,0.404762,0.666667,0.206349,0.461538,0.388889,0.408163,0.313559,0.271186,0.28125,0.262712,0.225806,0.466102,0.254545,0,0,0,0,0,0,0,0,0,0,0,0,0,0,0,0,20005,CUBAL一级联赛,200406,2024-25,2024,92136,冯蔡依曼,,,19,,C,,,中锋,0.651,4410,,,95.53,55.63,81.13,28.31,88.91,68.05,91.72,84.93,79.8,96.36,52.15,73.84,10.26,49.5,false
CUBAL一级联赛,CUBAL一级联赛,1003320449,北京大学,0.456522,0.492754,0.529412,0.231884,0.75,0.275362,0.052632,0.396226,0.169811,0.333333,0.301887,0.375,0.528302,0.285714,0,0,0,0,0,0,0,0,0,0,0,0,0,0,0,0,20005,CUBAL一级联赛,200406,2024-25,2024,92136,冯蔡依曼,,,19,,PF,,,大前锋,0.349,2361,,,65.89,82.45,48.51,38.58,100,27.32,1.99,57.28,94.21,92.55,38.41,28.31,4.47,37.75,false
CUBAL一级联赛,CUBAL一级联赛,1003320449,北京大学,0.515625,0.375,0.5,0.4375,0.428571,0.1875,0.5,0.208333,0.208333,0.4,0.208333,0.6,0.583333,0,0,0,0,0,0,0,0,0,0,0,0,0,0,0,0,0,20005,CUBAL一级联赛,200267,2023-24,2023,92136,冯蔡依曼,,,18,,PF,,,大前锋,1,2462,,,83.9,67.98,30.9,79.96,86.52,6.74,98.31,98.31,81.27,87.83,86.33,1.31,1.5,100,false
CUBAL一级联赛,CUBAL一级联赛,1003320449,北京大学,0.515625,0.375,0.5,0.4375,0.428571,0.1875,0.5,0.208333,0.208333,0.4,0.208333,0.6,0.583333,0,0,0,0,0,0,0,0,0,0,0,0,0,0,0,0,0,20005,CUBAL一级联赛,200267,2023-24,2023,92136,冯蔡依曼,,,18,,总和,,,,41,2462,,,83.9,67.98,30.9,79.96,86.52,6.74,98.31,98.31,81.27,87.83,86.33,1.31,1.5,100,true
CUBAL一级联赛,CUBAL一级联赛,1003320449,北京大学,0.517736,0.407095,0.614108,0.278716,0.424242,0.314189,0.317204,0.418919,0.245174,0.582677,0.34556,0.296089,1,0.11583,0,0,0,0,0,0,0,0,0,0,0,0,0,0,0,0,20005,CUBAL一级联赛,200406,2024-25,2024,32006,李美潼,,,22,,总和,,,,328.1,19683,,,,,,,,,,,,,,,,,true
CUBAL一级联赛,CUBAL一级联赛,1003320449,北京大学,0.501835,0.401835,0.60274,0.280734,0.405229,0.317431,0.306358,0.424587,0.252066,0.590164,0.355372,0.296512,0.392562,0.289474,0,0,0,0,0,0,0,0,0,0,0,0,0,0,0,0,20005,CUBAL一级联赛,200406,2024-25,2024,32006,李美潼,,,22,,PF,,,大前锋,0.922,18145,,,78.64,54.64,68.05,55.79,79.3,40.23,69.87,44.21,82.28,35.76,22.68,49.83,30.79,35.43,false
CUBAL一级联赛,CUBAL一级联赛,1003320449,北京大学,0.686047,0.44186,0.736842,0.27907,0.666667,0.27907,0.416667,0.383333,0.133333,0.5,0.233333,0.285714,0.633333,0.263158,0,0,0,0,0,0,0,0,0,0,0,0,0,0,0,0,20005,CUBAL一级联赛,200406,2024-25,2024,32006,李美潼,,,22,,C,,,中锋,0.069,1356,,,99.67,65.56,91.23,55.3,99.17,28.15,93.71,62.58,96.85,59.6,60.93,56.46,0.33,46.52,false
CUBAL一级联赛,CUBAL一级联赛,1003320449,北京大学,0.875,0.75,0.666667,0,0,0.25,1,0,0.25,0,0,0,0.75,0,0,0,0,0,0,0,0,0,0,0,0,0,0,0,0,0,20005,CUBAL一级联赛,200406,2024-25,2024,32006,李美潼,,,22,,SF,,,小前锋,0.009,182,,,,,,,,,,,,,,,,,false
CUBAL一级联赛,CUBAL一级联赛,1003320449,北京大学,0.512838,0.425676,0.634921,0.298649,0.39819,0.275676,0.29902,0.384913,0.239845,0.491935,0.402321,0.331731,1,0.088975,0,0,0,0,0,0,0,0,0,0,0,0,0,0,0,0,20005,CUBAL一级联赛,200267,2023-24,2023,32006,李美潼,,,21,,总和,,,,797,47822,,,,,,,,,,,,,,,,,true
CUBAL一级联赛,CUBAL一级联赛,1003320449,北京大学,0.522075,0.445916,0.633663,0.284768,0.387597,0.269316,0.319672,0.407643,0.245223,0.493506,0.394904,0.362903,0.359873,0.265487,0,0,0,0,0,0,0,0,0,0,0,0,0,0,0,0,20005,CUBAL一级联赛,200267,2023-24,2023,32006,李美潼,,,21,,PF,,,大前锋,0.611,29210,,,85.77,84.83,66.1,34.08,78.65,24.91,77.34,49.06,70.79,71.35,29.78,30.34,42.13,42.13,false
CUBAL一级联赛,CUBAL一级联赛,1003320449,北京大学,0.481818,0.370909,0.617647,0.334545,0.413043,0.294545,0.259259,0.340206,0.226804,0.454545,0.417526,0.271605,0.35567,0.231884,0,0,0,0,0,0,0,0,0,0,0,0,0,0,0,0,20005,CUBAL一级联赛,200267,2023-24,2023,32006,李美潼,,,21,,C,,,中锋,0.37,17678,,,73.78,66.67,62.36,53,84.46,34.46,55.99,74.53,77.53,77.72,24.53,60.67,43.63,54.49,false
CUBAL一级联赛,CUBAL一级联赛,1003320449,北京大学,0.875,0.916667,0.818182,0,0,0.083333,1,0.555556,0.333333,1,0.333333,0.666667,0.333333,0,0,0,0,0,0,0,0,0,0,0,0,0,0,0,0,0,20005,CUBAL一级联赛,200267,2023-24,2023,32006,李美潼,,,21,,SF,,,小前锋,0.02,934,,,,,,,,,,,,,,,,,false
CUBAL一级联赛,CUBAL一级联赛,1003320449,北京大学,0.358209,0.410448,0.527273,0.328358,0.227273,0.261194,0.171429,0.352941,0.222222,0.5,0.45098,0.275362,1,0.078431,0,0,0,0,0,0,0,0,0,0,0,0,0,0,0,0,20005,CUBAL一级联赛,200069,2022-23,2022,32006,李美潼,,,20,,总和,,,,81.9,4914,,,,,,,,,,,,,,,,,true
CUBAL一级联赛,CUBAL一级联赛,1003320449,北京大学,0.342697,0.449438,0.55,0.314607,0.25,0.235955,0.047619,0.34375,0.214286,0.375,0.410714,0.282609,0.375,0.261905,0,0,0,0,0,0,0,0,0,0,0,0,0,0,0,0,20005,CUBAL一级联赛,200069,2022-23,2022,32006,李美潼,,,20,,PF,,,大前锋,0.695,3414,,,19.64,95.54,84.82,83.93,79.46,16.96,1.79,79.46,26.79,29.46,8.93,16.07,44.64,42.86,false
CUBAL一级联赛,CUBAL一级联赛,1003320449,北京大学,0.388889,0.333333,0.466667,0.355556,0.1875,0.311111,0.357143,0.378049,0.243902,0.8,0.560976,0.26087,0.195122,0.125,0,0,0,0,0,0,0,0,0,0,0,0,0,0,0,0,20005,CUBAL一级联赛,200069,2022-23,2022,32006,李美潼,,,20,,C,,,中锋,0.305,1500,,,41.07,83.93,74.11,88.39,70.54,36.61,85.71,66.07,25,0,2.68,19.64,91.96,88.39,false
CUBAL一级联赛,CUBAL一级联赛,1003320449,北京大学,0.541667,0.434109,0.6875,0.27907,0.402778,0.286822,0.304054,0.408602,0.24086,0.625,0.35914,0.287425,1,0.103226,0,0,0,0,0,0,0,0,0,0,0,0,0,0,0,0,20005,CUBAL一级联赛,200406,2024-25,2024,32013,王雨桐,,,20,,总和,,,,293.2,17592,,,,,,,,,,,,,,,,,true
CUBAL一级联赛,CUBAL一级联赛,1003320449,北京大学,0.542194,0.432489,0.697561,0.272152,0.395349,0.295359,0.3,0.406542,0.238318,0.637255,0.373832,0.2875,0.38785,0.253012,0,0,0,0,0,0,0,0,0,0,0,0,0,0,0,0,20005,CUBAL一级联赛,200406,2024-25,2024,32013,王雨桐,,,20,,C,,,中锋,0.928,16327,,,86.26,62.91,86.09,50.99,75.99,32.45,68.54,52.48,84.93,24.01,19.04,52.15,32.28,49.5,false
CUBAL一级联赛,CUBAL一级联赛,1003320449,北京大学,0.535714,0.452381,0.578947,0.357143,0.466667,0.190476,0.375,0.432432,0.27027,0.5,0.189189,0.285714,0.540541,0.3,0,0,0,0,0,0,0,0,0,0,0,0,0,0,0,0,20005,CUBAL一级联赛,200406,2024-25,2024,32013,王雨桐,,,20,,PF,,,大前锋,0.072,1265,,,84.93,69.21,61.42,77.32,89.07,6.79,85.76,41.56,79.97,59.6,77.32,56.46,3.48,31.46,false
CUBAL一级联赛,CUBAL一级联赛,1003320449,北京大学,0.487864,0.441748,0.626374,0.28479,0.323864,0.273463,0.289941,0.381497,0.230769,0.585586,0.405405,0.276923,1,0.089397,0,0,0,0,0,0,0,0,0,0,0,0,0,0,0,0,20005,CUBAL一级联赛,200267,2023-24,2023,32013,王雨桐,,,19,,总和,,,,668.4,40106,,,,,,,,,,,,,,,,,true
CUBAL一级联赛,CUBAL一级联赛,1003320449,北京大学,0.480591,0.452865,0.620408,0.280961,0.335526,0.266174,0.263889,0.39759,0.238554,0.606061,0.390361,0.296296,0.371084,0.246753,0,0,0,0,0,0,0,0,0,0,0,0,0,0,0,0,20005,CUBAL一级联赛,200267,2023-24,2023,32013,王雨桐,,,19,,C,,,中锋,0.871,34944,,,73.6,86.14,62.73,32.77,64.23,24.53,57.49,52.81,72.28,40.64,31.65,52.62,36.89,50.37,false
CUBAL一级联赛,CUBAL一级联赛,1003320449,北京大学,0.538961,0.363636,0.678571,0.311688,0.25,0.324675,0.44,0.280303,0.181818,0.416667,0.5,0.181818,0.318182,0.238095,0,0,0,0,0,0,0,0,0,0,0,0,0,0,0,0,20005,CUBAL一级联赛,200267,2023-24,2023,32013,王雨桐,,,19,,PF,,,大前锋,0.129,5162,,,88.76,64.79,77.53,43.26,30.9,44.57,96.25,89.7,88.95,83.33,11.05,84.83,58.61,52.62,false
CUBAL一级联赛,CUBAL一级联赛,1003320449,北京大学,0.38125,0.4125,0.454545,0.35,0.178571,0.2375,0.368421,0.458333,0.166667,0.833333,0.527778,0.368421,1,0.083333,0,0,0,0,0,0,0,0,0,0,0,0,0,0,0,0,20005,CUBAL一级联赛,200069,2022-23,2022,32013,王雨桐,,,18,,总和,,,,44.6,2676,,,,,,,,,,,,,,,,,true
CUBAL一级联赛,CUBAL一级联赛,1003320449,北京大学,0.488372,0.372093,0.5,0.372093,0.25,0.255814,0.545455,0.486842,0.157895,0.833333,0.5,0.473684,0.342105,0.230769,0,0,0,0,0,0,0,0,0,0,0,0,0,0,0,0,20005,CUBAL一级联赛,200069,2022-23,2022,32013,王雨桐,,,18,,PF,,,大前锋,0.536,1434,,,72.32,90.18,76.79,90.18,79.46,20.54,99.11,28.57,31.25,0,2.68,3.57,53.57,57.14,false
CUBAL一级联赛,CUBAL一级联赛,1003320449,北京大学,0.166667,0.47619,0.2,0.238095,0,0.285714,0.166667,0.55,0.2,1,0.55,0.363636,0.25,0.4,0,0,0,0,0,0,0,0,0,0,0,0,0,0,0,0,20005,CUBAL一级联赛,200069,2022-23,2022,32013,王雨桐,,,18,,SF,,,小前锋,0.25,668,,,,,,,,,,,,,,,,,false
CUBAL一级联赛,CUBAL一级联赛,1003320449,北京大学,0.375,0.4375,0.714286,0.4375,0.142857,0.125,0,0.25,0.142857,0.5,0.571429,0.125,0.285714,0.25,0,0,0,0,0,0,0,0,0,0,0,0,0,0,0,0,20005,CUBAL一级联赛,200069,2022-23,2022,32013,王雨桐,,,18,,C,,,中锋,0.214,574,,,,,,,,,,,,,,,,,false
CUBAL一级联赛,CUBAL一级联赛,1003320449,北京大学,0.537604,0.423398,0.644737,0.289694,0.394231,0.286908,0.349515,0.351171,0.277592,0.46988,0.344482,0.262136,1,0.086957,0,0,0,0,0,0,0,0,0,0,0,0,0,0,0,0,20005,CUBAL一级联赛,200406,2024-25,2024,80546,陈怡静,,,21,,总和,,,,203.5,12211,,,,,,,,,,,,,,,,,true
CUBAL一级联赛,CUBAL一级联赛,1003320449,北京大学,0.572917,0.430556,0.677419,0.291667,0.392857,0.277778,0.4,0.336864,0.271186,0.5,0.338983,0.2375,0.389831,0.206522,0,0,0,0,0,0,0,0,0,0,0,0,0,0,0,0,20005,CUBAL一级联赛,200406,2024-25,2024,80546,陈怡静,,,21,,PF,,,大前锋,0.782,9546,,,91.89,62.42,82.62,59.27,75.83,27.81,90.56,79.14,79.8,59.6,25.99,70.2,31.46,68.71,false
CUBAL一级联赛,CUBAL一级联赛,1003320449,北京大学,0.394366,0.394366,0.5,0.28169,0.4,0.323944,0.173913,0.404762,0.301587,0.368421,0.365079,0.347826,0.333333,0.333333,0,0,0,0,0,0,0,0,0,0,0,0,0,0,0,0,20005,CUBAL一级联赛,200406,2024-25,2024,80546,陈怡静,,,21,,C,,,中锋,0.218,2665,,,41.72,52.32,40.4,55.79,77.98,42.55,20.03,53.31,72.52,88.25,20.86,37.42,54.14,22.02,false
CUBAL一级联赛,CUBAL一级联赛,1003320449,北京大学,0.533333,0.5,0.733333,0.3,0.222222,0.2,0.333333,0.309524,0.285714,0.5,0.428571,0.222222,0.285714,0.166667,0,0,0,0,0,0,0,0,0,0,0,0,0,0,0,0,20005,CUBAL一级联赛,200267,2023-24,2023,80546,陈怡静,,,20,,PF,,,大前锋,1,2082,,,87.83,91.95,87.45,38.39,25.47,8.24,81.09,84.27,56.55,69.1,21.72,74.53,69.1,78.46,false
CUBAL一级联赛,CUBAL一级联赛,1003320449,北京大学,0.533333,0.5,0.733333,0.3,0.222222,0.2,0.333333,0.309524,0.285714,0.5,0.428571,0.222222,0.285714,0.166667,0,0,0,0,0,0,0,0,0,0,0,0,0,0,0,0,20005,CUBAL一级联赛,200267,2023-24,2023,80546,陈怡静,,,20,,总和,,,,34.7,2082,,,87.83,91.95,87.45,38.39,25.47,8.24,81.09,84.27,56.55,69.1,21.72,74.53,69.1,78.46,true
CUBAL一级联赛,CUBAL一级联赛,1003320449,北京大学,0.528125,0.43,0.651163,0.2525,0.381188,0.3175,0.318898,0.391931,0.259366,0.527778,0.332853,0.246753,1,0.115274,0,0,0,0,0,0,0,0,0,0,0,0,0,0,0,0,20005,CUBAL一级联赛,200406,2024-25,2024,32012,李若莹,,,21,,总和,,,,444.1,26645,,,,,,,,,,,,,,,,,true
CUBAL一级联赛,CUBAL一级联赛,1003320449,北京大学,0.522321,0.453125,0.635468,0.238839,0.392523,0.308036,0.304348,0.433842,0.254453,0.54,0.346056,0.272059,0.399491,0.33758,0,0,0,0,0,0,0,0,0,0,0,0,0,0,0,0,20005,CUBAL一级联赛,200406,2024-25,2024,32012,李若莹,,,21,,SG,,,得分后卫,0.569,15156,,,82.62,69.7,74.5,41.39,75.83,37.09,69.21,41.39,81.79,48.18,25,60.1,27.81,21.85,false
CUBAL一级联赛,CUBAL一级联赛,1003320449,北京大学,0.535714,0.402857,0.673759,0.268571,0.361702,0.328571,0.33913,0.338333,0.266667,0.5125,0.316667,0.210526,0.416667,0.216,0,0,0,0,0,0,0,0,0,0,0,0,0,0,0,0,20005,CUBAL一级联赛,200406,2024-25,2024,32012,李若莹,,,21,,SF,,,小前锋,0.429,11418,,,84.93,55.13,82.45,50.17,66.89,44.21,78.15,78.97,80.46,57.28,33.77,78.31,21.36,65.89,false
CUBAL一级联赛,CUBAL一级联赛,1003320449,北京大学,0.5,0,0,0.5,1,0.5,0,0,0,0,0,0,1,0,0,0,0,0,0,0,0,0,0,0,0,0,0,0,0,0,20005,CUBAL一级联赛,200406,2024-25,2024,32012,李若莹,,,21,,PG,,,控球后卫,0.003,71,,,,,,,,,,,,,,,,,false
CUBAL一级联赛,CUBAL一级联赛,1003320449,北京大学,0.502982,0.38171,0.651042,0.258449,0.338462,0.359841,0.309392,0.317333,0.232,0.448276,0.408,0.248366,1,0.074667,0,0,0,0,0,0,0,0,0,0,0,0,0,0,0,0,20005,CUBAL一级联赛,200267,2023-24,2023,32012,李若莹,,,20,,总和,,,,534.4,32066,,,,,,,,,,,,,,,,,true
CUBAL一级联赛,CUBAL一级联赛,1003320449,北京大学,0.493557,0.373711,0.634483,0.278351,0.351852,0.347938,0.303704,0.294828,0.227586,0.409091,0.424138,0.243902,0.348276,0.188119,0,0,0,0,0,0,0,0,0,0,0,0,0,0,0,0,20005,CUBAL一级联赛,200267,2023-24,2023,32012,李若莹,,,20,,SF,,,小前锋,0.76,24370,,,77.9,67.98,66.1,31.84,67.04,53.56,72.28,87.83,76.97,85.21,22.47,69.29,46.44,72.28,false
CUBAL一级联赛,CUBAL一级联赛,1003320449,北京大学,0.534783,0.408696,0.702128,0.191304,0.272727,0.4,0.326087,0.394118,0.247059,0.571429,0.352941,0.266667,0.4,0.264706,0,0,0,0,0,0,0,0,0,0,0,0,0,0,0,0,20005,CUBAL一级联赛,200267,2023-24,2023,32012,李若莹,,,20,,SG,,,得分后卫,0.24,7696,,,88.01,76.97,82.58,9.93,40.26,73.22,79.4,54.68,69.66,48.69,42.51,61.99,26.78,42.32,false
CUBAL一级联赛,CUBAL一级联赛,1003320449,北京大学,0.335052,0.371134,0.416667,0.350515,0.205882,0.278351,0.259259,0.366337,0.158416,0.4375,0.485149,0.306122,1,0.09901,0,0,0,0,0,0,0,0,0,0,0,0,0,0,0,0,20005,CUBAL一级联赛,200069,2022-23,2022,32012,李若莹,,,19,,总和,,,,60.9,3656,,,,,,,,,,,,,,,,,true
CUBAL一级联赛,CUBAL一级联赛,1003320449,北京大学,0.328947,0.394737,0.4,0.368421,0.357143,0.236842,0.111111,0.395833,0.166667,0.375,0.395833,0.368421,0.4375,0.285714,0,0,0,0,0,0,0,0,0,0,0,0,0,0,0,0,20005,CUBAL一级联赛,200069,2022-23,2022,32012,李若莹,,,19,,SF,,,小前锋,0.453,1657,,,15.18,92.86,70.54,89.29,90.18,16.96,7.14,58.04,31.25,29.46,8.93,9.82,24.11,31.25,false
CUBAL一级联赛,CUBAL一级联赛,1003320449,北京大学,0.333333,0.333333,0.5,0.333333,0.125,0.333333,0.25,0.296296,0.185185,0.4,0.555556,0.2,0.259259,0.285714,0,0,0,0,0,0,0,0,0,0,0,0,0,0,0,0,20005,CUBAL一级联赛,200069,2022-23,2022,32012,李若莹,,,19,,PF,,,大前锋,0.253,925,,,15.18,83.93,76.79,84.82,68.75,41.07,49.11,90.18,27.68,29.46,2.68,27.68,77.68,31.25,false
CUBAL一级联赛,CUBAL一级联赛,1003320449,北京大学,0.454545,0.454545,0.3,0.272727,0.166667,0.272727,0.666667,0.5625,0.125,1,0.4375,0.571429,0.4375,0.285714,0,0,0,0,0,0,0,0,0,0,0,0,0,0,0,0,20005,CUBAL一级联赛,200069,2022-23,2022,32012,李若莹,,,19,,C,,,中锋,0.174,636,,,,,,,,,,,,,,,,,false
CUBAL一级联赛,CUBAL一级联赛,1003320449,北京大学,0.153846,0.230769,0.666667,0.461538,0,0.307692,0,0.1,0.1,0,0.8,0.125,0.1,0,0,0,0,0,0,0,0,0,0,0,0,0,0,0,0,0,20005,CUBAL一级联赛,200069,2022-23,2022,32012,李若莹,,,19,,SG,,,得分后卫,0.12,438,,,,,,,,,,,,,,,,,false