_group,_seasonYear,_season,playerId,playerName,teamId,leagueEventId,seasonId,stageType,gameMode,opponentId,对手,胜负,playerEnName,number,position,上场时间(秒),上场时间(分钟),scheduleId,gameStart,date,出场次数,首发次数,单场正负值百分位排名,单场正负值,球权使用率百分位排名,球权使用率,真实投篮命中率百分位排名,真实投篮命中率,助攻率百分位排名,助攻率,失误率百分位排名,失误率,抢断率,抢断率百分位排名,盖帽率,盖帽率百分位排名,进攻篮板率,进攻篮板率百分位排名,防守篮板率,防守篮板率百分位排名,防守投篮出手数,防守投篮未命中数,防守投篮被命中数,防守投篮命中率,_playerName
2024-25,2024,2024-25,40730,李嘉琳,1003320453,20005,200406,,2,2010421729,北京体育大学,1,Li Jialin,2,SF,1492,24.9,200050010676,0,2024-10-20,1,0,94.06,10.62,46.26,0.18556,100,0.666667,99.32,0.470588,53.06,0.181818,0.057041,95.92,0,0,0.115385,95.24,0.096774,54.42,0,0,0,,
2024-25,2024,2024-25,40730,李嘉琳,1003320453,20005,200406,,2,2010421733,北京工业大学,1,Li Jialin,2,SF,1094,18.2,200050010679,0,2024-10-23,1,0,77.32,5.93,99.32,0.338123,78.91,0.5,98.64,0.4375,97.28,0.0625,0.027819,55.78,0,0,0,0,0,0,1,0,1,1,
2024-25,2024,2024-25,40730,李嘉琳,1003320453,20005,200406,,2,1003320454,中国人民大学,1,Li Jialin,2,SF,1567,26.1,200050010683,0,2024-10-26,1,0,70.29,4.71,17.69,0.146812,48.3,0.413603,55.1,0.178571,93.88,0.084175,0.018104,28.57,0.076923,99.32,0.027778,24.49,0.043478,6.12,0,0,0,,
2024-25,2024,2024-25,40730,李嘉琳,1003320453,20005,200406,,2,1003320451,北京科技大学,1,Li Jialin,2,SF,1359,22.7,200050010686,0,2024-10-27,1,0,90.14,8.94,63.95,0.217582,96.6,0.607287,98.64,0.4375,60.54,0.16835,0.068918,100,0,0,0.090909,86.39,0.115385,69.39,0,0,0,,
2024-25,2024,2024-25,40730,李嘉琳,1003320453,20005,200406,,2,1003320452,北京师范大学,2,Li Jialin,2,SF,778,13,200050010689,0,2024-10-30,1,0,5.07,-3.67,48.98,0.19305,0,0,48.3,0.166667,8.16,0.333333,0,0,0,0,0.153846,99.32,0,0,0,0,0,,
2024-25,2024,2024-25,40730,李嘉琳,1003320453,20005,200406,,2,1003320449,北京大学,1,Li Jialin,2,SF,1188,19.8,200050010693,0,2024-11-02,1,0,58.32,3.13,12.24,0.133452,100,0.7,33.33,0.133333,60.54,0.166667,0.025604,49.66,0,0,0.047619,51.02,0.052632,14.29,0,0,0,,
2024-25,2024,2024-25,40730,李嘉琳,1003320453,20005,200406,,2,1003320817,大连理工大学,1,Li Jialin,2,SF,1359,22.7,200050010787,0,2025-03-12,1,0,76.14,5.71,14.97,0.143164,100,0.8,86.39,0.28,4.76,0.375,0.022901,43.54,0,0,0.058824,68.03,0.068966,27.89,2,1,1,0.5,
2024-25,2024,2024-25,40730,李嘉琳,1003320453,20005,200406,,2,1003320661,天津财经大学,1,Li Jialin,2,SF,1170,19.5,200050010792,0,2025-03-13,1,0,87.33,8.05,86.39,0.262927,78.91,0.5,99.32,0.466667,94.56,0.083333,0.024113,46.94,0.1,99.32,0,0,0.181818,95.24,4,2,2,0.5,
2024-25,2024,2024-25,40730,李嘉琳,1003320453,20005,200406,,2,2010422340,哈尔滨体育学院,1,Li Jialin,2,SF,1041,17.4,200050010798,1,2025-03-15,1,0,86.5,7.86,83.67,0.253924,100,0.681818,72.79,0.214286,100,0,0,0,0,0,0,0,0.2,97.28,1,1,0,0,
2024-25,2024,2024-25,40730,李嘉琳,1003320453,20005,200406,,2,1003320545,中国海洋大学,1,Li Jialin,2,SF,1158,19.3,200050010806,1,2025-03-16,1,0,63.68,3.81,66.67,0.223033,55.78,0.444444,59.18,0.1875,53.06,0.181818,0.050774,92.52,0,0,0.0625,69.39,0.047619,6.8,0,0,0,,
2024-25,2024,2024-25,40730,李嘉琳,1003320453,20005,200406,,2,2010422337,山东理工大学,1,Li Jialin,2,SF,1364,22.7,200050010813,1,2025-03-17,1,0,45.67,1.64,59.86,0.20648,5.44,0.230769,39.46,0.15,100,0,0.043754,87.07,0,0,0.030303,27.21,0.115385,69.39,3,1,2,0.666667,
2024-25,2024,2024-25,40730,李嘉琳,1003320453,20005,200406,,2,1003320452,北京师范大学,2,Li Jialin,2,SF,1334,22.2,200050010821,1,2025-03-18,1,0,16.63,-1.4,46.94,0.189394,28.57,0.357143,27.21,0.125,29.93,0.222222,0,0,0,0,0.041667,40.82,0.04,4.76,1,0,1,1,
2024-25,2024,2024-25,40730,李嘉琳,1003320453,20005,200406,,2,2010422544,华中科技大学,1,Li Jialin,2,SF,671,11.2,200050010932,0,2025-05-30,1,0,53.38,2.44,0.68,0.072359,0,0,86.39,0.285714,100,0,0.097174,100,0,0,0,0,0,0,2,1,1,0.5,
2024-25,2024,2024-25,40730,李嘉琳,1003320453,20005,200406,,2,2010422410,西安交通大学,1,Li Jialin,2,SF,1169,19.5,200050010945,0,2025-05-31,1,0,56.81,2.95,42.86,0.181159,55.78,0.444444,89.8,0.307692,100,0,0,0,0,0,0,0,0.041667,5.44,1,1,0,0,
2024-25,2024,2024-25,40730,李嘉琳,1003320453,20005,200406,,2,1000120193,中南大学,1,Li Jialin,2,SF,981,16.4,200050010973,0,2025-06-04,1,0,12.16,-2.09,85.03,0.259924,11.56,0.277778,34.69,0.142857,53.06,0.181818,0,0,0,0,0.115385,95.24,0,0,0,0,0,,
2024-25,2024,2024-25,40730,李嘉琳,1003320453,20005,200406,,2,1003320780,上海交通大学,1,Li Jialin,2,SF,1035,17.3,200050010975,0,2025-06-05,1,0,55.44,2.72,46.94,0.190476,93.88,0.571429,0,0,83.67,0.125,0.030959,66.67,0,0,0,0,0.05,9.52,3,1,2,0.666667,
2024-25,2024,2024-25,40730,李嘉琳,1003320453,20005,200406,,2,1003320449,北京大学,2,Li Jialin,2,SF,1275,21.3,200050010977,0,2025-06-06,1,0,21.26,-0.83,90.48,0.27067,19.73,0.321543,15.65,0.1,100,0,0,0,0,0,0.08,79.59,0.05,9.52,3,1,2,0.666667,
2023-24,2023,2023-24,40730,李嘉琳,1003320453,20005,200267,,2,1003320454,中国人民大学,1,Li Jialin,2,SG,1192,19.9,200050010421,0,2024-01-22,1,0,98.31,13.7,97.41,0.333333,100,1,61.21,0.25,100,0,0,0,0,0,0,0,0,0,0,0,0,,
2023-24,2023,2023-24,40730,李嘉琳,1003320453,20005,200267,,2,1003320452,北京师范大学,1,Li Jialin,2,SG,478,8,200050010423,0,2024-01-23,1,0,,-0.5,,0.111111,,0,,0.5,,1,0,,0,,0,,0.5,,0,0,0,,
2023-24,2023,2023-24,40730,李嘉琳,1003320453,20005,200267,,2,2010421733,北京工业大学,1,Li Jialin,2,SG,1831,30.5,200050010428,1,2024-01-24,1,0,64.82,3.6,6.9,0.137665,0,0.166667,51.72,0.222222,93.1,0.1,0.052481,96.55,0,0,0,0,0.085714,46.55,2,2,0,0,
2023-24,2023,2023-24,40730,李嘉琳,1003320453,20005,200267,,2,1003320451,北京科技大学,1,Li Jialin,2,SG,2256,37.6,200050010429,0,2024-01-25,1,0,99.48,18.1,10.34,0.154321,100,1,53.45,0.230769,100,0,0.031726,71.55,0,0,0,0,0,0,0,0,0,,
2023-24,2023,2023-24,40730,李嘉琳,1003320453,20005,200267,,2,1003320449,北京大学,1,Li Jialin,2,SG,330,5.5,200050010432,0,2024-01-26,1,0,,4.96,,0.173611,,1.5,,1,,0,0,,0,,0.333333,,0,,0,0,0,,
2023-24,2023,2023-24,40730,李嘉琳,1003320453,20005,200267,,2,1003320435,中国矿业大学,1,Li Jialin,2,SG,292,4.9,200050010622,0,2024-06-06,1,0,,-0.4,,0.185874,,0,,1,,0,0,,0,,0,,0.166667,,0,0,0,,
2023-24,2023,2023-24,40730,李嘉琳,1003320453,20005,200267,,2,1003320653,山西财经大学,1,Li Jialin,2,SG,1559,26,200050010636,0,2024-06-07,1,0,81.61,6.27,0.86,0.103093,95.69,0.6,34.48,0.181818,72.41,0.166667,0.048542,94.83,0,0,0.037037,43.97,0.117647,75,0,0,0,,
2023-24,2023,2023-24,40730,李嘉琳,1003320453,20005,200267,,2,1003320442,华中科技大学,1,Li Jialin,2,SG,306,5.1,200050010651,0,2024-06-08,1,0,,-1.1,,0.2,,0,,0,,0,0,,0,,0,,0,,0,0,0,,
2023-24,2023,2023-24,40730,李嘉琳,1003320453,20005,200267,,2,1003320493,西安交通大学,1,Li Jialin,2,SG,912,15.2,200050010656,0,2024-06-09,1,0,73.89,4.82,49.14,0.20284,100,0.6875,0,0,100,0,0,0,0,0,0,0,0.105263,67.24,3,1,2,0.666667,
2023-24,2023,2023-24,40730,李嘉琳,1003320453,20005,200267,,2,1000120193,中南大学,1,Li Jialin,2,SG,780,13,200050010666,0,2024-06-11,1,0,66.56,3.81,77.59,0.237342,100,0.9,0,0,72.41,0.166667,0,0,0.083333,100,0,0,0.066667,23.28,0,0,0,,
2023-24,2023,2023-24,40730,李嘉琳,1003320453,20005,200267,,2,1003320442,华中科技大学,1,Li Jialin,2,SG,762,12.7,200050010670,0,2024-06-30,1,0,54.84,2.34,38.79,0.189441,99.14,0.64433,19.83,0.142857,53.45,0.204918,0.046979,93.1,0,0,0,0,0,0,1,1,0,0,
2024-25,2024,2024-25,32072,吴语桐,1003320453,20005,200406,,2,2010421729,北京体育大学,1,Wu Yutong,4,SG,1149,19.2,200050010676,1,2024-10-20,1,0,65.88,4.07,89.21,0.292969,60.43,0.454545,96.4,0.4,95.68,0.083333,0.027439,48.92,0,0,0,0,0.068966,28.78,0,0,0,,
2024-25,2024,2024-25,32072,吴语桐,1003320453,20005,200406,,2,2010421733,北京工业大学,1,Wu Yutong,4,SG,1785,29.8,200050010679,1,2024-10-23,1,0,90.8,9.16,26.62,0.178026,89.93,0.541667,50.36,0.233333,81.29,0.142857,0.052156,91.37,0,0,0.083333,89.93,0.181818,96.4,0,0,0,,
2024-25,2024,2024-25,32072,吴语桐,1003320453,20005,200406,,2,1003320454,中国人民大学,1,Wu Yutong,4,SG,1411,23.5,200050010683,1,2024-10-26,1,0,79.6,6.34,70.5,0.241623,84.17,0.518135,6.47,0.1,98.56,0.060827,0.043037,79.86,0,0,0.029412,35.25,0.045455,7.91,0,0,0,,
2024-25,2024,2024-25,32072,吴语桐,1003320453,20005,200406,,2,1003320451,北京科技大学,1,Wu Yutong,4,SG,1050,17.5,200050010686,1,2024-10-27,1,0,67.43,4.3,66.19,0.228675,98.56,0.605727,74.1,0.294118,94.96,0.099206,0,0,0,0,0.176471,100,0.066667,26.62,0,0,0,,
2024-25,2024,2024-25,32072,吴语桐,1003320453,20005,200406,,2,1003320452,北京师范大学,2,Wu Yutong,4,SG,1927,32.1,200050010689,1,2024-10-30,1,0,34.36,0.55,66.19,0.227862,18.71,0.336022,86.33,0.333333,91.37,0.118483,0.017495,26.62,0,0,0,0,0.066667,26.62,0,0,0,,
2024-25,2024,2024-25,32072,吴语桐,1003320453,20005,200406,,2,1003320449,北京大学,1,Wu Yutong,4,SG,1175,19.6,200050010693,1,2024-11-02,1,0,9.35,-2.63,76.26,0.257025,7.19,0.268817,96.4,0.428571,6.47,0.401929,0.02494,43.88,0,0,0.086957,91.37,0.130435,82.01,0,0,0,,
2024-25,2024,2024-25,32072,吴语桐,1003320453,20005,200406,,2,1003320817,大连理工大学,1,Wu Yutong,4,SG,1114,18.6,200050010787,1,2025-03-12,1,0,37.68,0.87,66.19,0.226711,55.4,0.444444,12.23,0.133333,61.15,0.181818,0,0,0,0,0.125,98.56,0.037037,4.32,0,0,0,,
2024-25,2024,2024-25,32072,吴语桐,1003320453,20005,200406,,2,1003320661,天津财经大学,1,Wu Yutong,4,SG,724,12.1,200050010792,0,2025-03-13,1,0,77.25,5.89,94.96,0.327343,100,0.686275,9.35,0.125,100,0,0.037793,69.78,0,0,0.166667,100,0,0,0,0,0,,
2024-25,2024,2024-25,32072,吴语桐,1003320453,20005,200406,,2,2010422340,哈尔滨体育学院,1,Wu Yutong,4,SG,759,12.7,200050010798,0,2025-03-15,1,0,87.63,8.16,27.34,0.17934,100,0.9,78.42,0.3,100,0,0.096805,99.28,0,0,0.2,100,0,0,0,0,0,,
2024-25,2024,2024-25,32072,吴语桐,1003320453,20005,200406,,2,1003320545,中国海洋大学,1,Wu Yutong,4,SG,1282,21.4,200050010806,0,2025-03-16,1,0,58.76,3.17,12.23,0.146771,76.26,0.5,6.47,0.105263,43.17,0.222222,0.048677,86.33,0,0,0.04,49.64,0,0,0,0,0,,
2024-25,2024,2024-25,32072,吴语桐,1003320453,20005,200406,,2,2010422337,山东理工大学,1,Wu Yutong,4,SG,923,15.4,200050010813,0,2025-03-17,1,0,47.82,1.83,71.94,0.244444,93.53,0.555556,55.4,0.25,61.15,0.181818,0,0,0,0,0.05,62.59,0.058824,17.99,0,0,0,,
2024-25,2024,2024-25,32072,吴语桐,1003320453,20005,200406,,2,1003320452,北京师范大学,2,Wu Yutong,4,SG,2168,36.1,200050010821,0,2025-03-18,1,0,62.17,3.6,64.03,0.225196,96.4,0.575061,27.34,0.166667,77.7,0.153689,0,0,0,0,0.021277,19.42,0.054054,13.67,1,0,1,1,
2024-25,2024,2024-25,32072,吴语桐,1003320453,20005,200406,,2,2010422544,华中科技大学,1,Wu Yutong,4,SG,1467,24.5,200050010932,1,2025-05-30,1,0,27.58,-0.14,94.96,0.32436,27.34,0.357995,5.76,0.083333,78.42,0.151822,0.066866,97.84,0,0,0.148148,99.28,0,0,0,0,0,,
2024-25,2024,2024-25,32072,吴语桐,1003320453,20005,200406,,2,2010422410,西安交通大学,1,Wu Yutong,4,SG,1407,23.5,200050010945,1,2025-05-31,1,0,61.79,3.55,49.64,0.208068,65.47,0.467687,2.88,0.066667,100,0,0.022538,36.69,0,0,0,0,0.076923,34.53,1,0,1,1,
2024-25,2024,2024-25,32072,吴语桐,1003320453,20005,200406,,2,1000120193,中南大学,1,Wu Yutong,4,SG,1058,17.6,200050010973,1,2025-06-04,1,0,77.29,5.92,89.93,0.298265,100,0.888889,20.14,0.153846,61.15,0.181818,0,0,0,0,0.076923,84.89,0.076923,34.53,1,1,0,0,
2024-25,2024,2024-25,32072,吴语桐,1003320453,20005,200406,,2,1003320780,上海交通大学,1,Wu Yutong,4,SG,1959,32.7,200050010975,1,2025-06-05,1,0,73.14,5.16,43.88,0.200667,94.24,0.562701,5.76,0.083333,83.45,0.138504,0.033368,59.71,0,0,0,0,0.058824,17.99,2,1,1,0.5,
2024-25,2024,2024-25,32072,吴语桐,1003320453,20005,200406,,2,1003320449,北京大学,2,Wu Yutong,4,SG,1202,20,200050010977,1,2025-06-06,1,0,34.25,0.54,34.53,0.186235,68.35,0.486111,6.47,0.111111,46.76,0.217391,0,0,0,0,0.153846,99.28,0.038462,4.32,0,0,0,,
2023-24,2023,2023-24,32072,吴语桐,1003320453,20005,200267,,2,1003320454,中国人民大学,1,Wu Yutong,4,SG,1340,22.3,200050010421,0,2024-01-22,1,0,22.06,-1.06,48.28,0.201939,20.69,0.333333,97.41,0.428571,5.17,0.4,0,0,0,0,0.2,100,0,0,0,0,0,,
2023-24,2023,2023-24,32072,吴语桐,1003320453,20005,200267,,2,1003320452,北京师范大学,1,Wu Yutong,4,SG,2688,44.8,200050010423,0,2024-01-23,1,0,99.45,17.58,88.79,0.27836,99.14,0.666144,74.14,0.285714,100,0,0.048804,95.69,0,0,0,0,0.125,76.72,4,0,4,1,
2023-24,2023,2023-24,32072,吴语桐,1003320453,20005,200267,,2,1003320451,北京科技大学,1,Wu Yutong,4,SG,1472,24.5,200050010429,0,2024-01-25,1,0,26.8,-0.56,38.79,0.188563,0,0.128866,61.21,0.25,53.45,0.204918,0.053591,96.55,0,0,0.066667,78.45,0,0,4,0,4,1,
2023-24,2023,2023-24,32072,吴语桐,1003320453,20005,200267,,2,1003320449,北京大学,1,Wu Yutong,4,SG,1248,20.8,200050010432,0,2024-01-26,1,0,42.85,1.04,96.55,0.32483,13.79,0.301205,99.14,0.5,82.76,0.13089,0.056468,97.41,0,0,0.153846,99.14,0,0,0,0,0,,
2023-24,2023,2023-24,32072,吴语桐,1003320453,20005,200267,,2,1003320539,山东大学,1,Wu Yutong,4,SG,1055,17.6,200050010570,0,2024-05-03,1,0,86.26,7.35,63.79,0.216761,98.28,0.627854,83.62,0.315789,62.93,0.185874,0.072608,100,0,0,0,0,0,0,4,2,2,0.5,
2023-24,2023,2023-24,32072,吴语桐,1003320453,20005,200267,,2,1003320821,中国民航大学,1,Wu Yutong,4,SG,1059,17.7,200050010576,0,2024-05-05,1,0,22.11,-1.05,7.76,0.146199,1.72,0.2,1.72,0.045455,23.28,0.285714,0.02886,57.76,0,0,0.15,99.14,0.047619,10.34,1,0,1,1,
2023-24,2023,2023-24,32072,吴语桐,1003320453,20005,200267,,2,1003320817,大连理工大学,1,Wu Yutong,4,SG,1149,19.2,200050010588,0,2024-05-06,1,0,52.93,2.15,91.38,0.283798,78.45,0.5,74.14,0.285714,94.83,0.090909,0,0,0,0,0,0,0.090909,50,0,0,0,,
2023-24,2023,2023-24,32072,吴语桐,1003320453,20005,200267,,2,1003320540,山东科技大学,1,Wu Yutong,4,SG,1190,19.8,200050010601,0,2024-05-08,1,0,60.79,3.1,7.76,0.146905,82.76,0.508721,34.48,0.181818,85.34,0.126904,0.027647,54.31,0,0,0.045455,55.17,0,0,1,0,1,1,
2023-24,2023,2023-24,32072,吴语桐,1003320453,20005,200267,,2,1003320452,北京师范大学,1,Wu Yutong,4,SG,2904,48.4,200050010608,0,2024-05-09,1,0,91.11,8.92,77.59,0.238027,93.97,0.574205,56.03,0.235294,77.59,0.15015,0.023602,45.69,0,0,0.052632,65.52,0.16,93.1,4,2,2,0.5,
2023-24,2023,2023-24,32072,吴语桐,1003320453,20005,200267,,2,1003320449,北京大学,1,Wu Yutong,4,SG,1974,32.9,200050010614,0,2024-05-10,1,0,88.26,7.86,79.31,0.241455,95.69,0.591716,9.48,0.111111,43.97,0.228311,0.064683,98.28,0,0,0,0,0.166667,93.97,4,4,0,0,
2023-24,2023,2023-24,32072,吴语桐,1003320453,20005,200267,,2,1003320435,中国矿业大学,1,Wu Yutong,4,SG,728,12.1,200050010622,0,2024-06-06,1,0,34.9,0.23,5.17,0.128477,85.34,0.520833,40.52,0.2,31.03,0.257732,0,0,0,0,0.076923,85.34,0,0,0,0,0,,
2023-24,2023,2023-24,32072,吴语桐,1003320453,20005,200267,,2,1003320653,山西财经大学,1,Wu Yutong,4,SG,791,13.2,200050010636,0,2024-06-07,1,0,65.7,3.69,5.17,0.125471,100,0.75,85.34,0.333333,100,0,0,0,0,0,0.142857,98.28,0,0,1,0,1,1,
2023-24,2023,2023-24,32072,吴语桐,1003320453,20005,200267,,2,1003320442,华中科技大学,1,Wu Yutong,4,SG,910,15.2,200050010651,0,2024-06-08,1,0,67.03,3.88,6.03,0.136463,100,1.166667,99.14,0.5,5.17,0.4,0.036151,78.45,0,0,0.1,94.83,0.076923,35.34,0,0,0,,
2023-24,2023,2023-24,32072,吴语桐,1003320453,20005,200267,,2,1003320493,西安交通大学,1,Wu Yutong,4,SG,1294,21.6,200050010656,0,2024-06-09,1,0,45.26,1.29,13.79,0.159754,24.14,0.34153,6.9,0.105263,88.79,0.120192,0.050181,95.69,0,0,0,0,0.074074,32.76,2,1,1,0.5,
2023-24,2023,2023-24,32072,吴语桐,1003320453,20005,200267,,2,1000120193,中南大学,1,Wu Yutong,4,SG,1017,17,200050010666,0,2024-06-11,1,0,67.94,4.01,26.72,0.173077,98.28,0.630252,98.28,0.454545,65.52,0.173611,0.030252,65.52,0,0,0.083333,87.93,0.055556,14.66,1,0,1,1,
2023-24,2023,2023-24,32072,吴语桐,1003320453,20005,200267,,2,1003320452,北京师范大学,2,Wu Yutong,4,SG,2792,46.5,200050010668,0,2024-06-29,1,0,86.02,7.3,7.76,0.146195,28.45,0.347222,100,0.615385,12.07,0.342466,0.04853,94.83,0,0,0.111111,95.69,0.041667,6.03,0,0,0,,
2023-24,2023,2023-24,32072,吴语桐,1003320453,20005,200267,,2,1003320442,华中科技大学,1,Wu Yutong,4,SG,1196,19.9,200050010670,0,2024-06-30,1,0,82.42,6.5,48.28,0.201486,98.28,0.627854,40.52,0.2,93.1,0.102459,0.076965,100,0,0,0.142857,98.28,0,0,1,0,1,1,
2022-23,2022,2022-23,32072,吴语桐,1003320453,20005,200069,,2,1003320452,北京师范大学,2,Wu Yutong,4,PG,480,8,200050010394,0,2023-05-31,1,0,,1.03,,0.202922,,0.4,,0,,0,0.050505,,0,,0,,0,,0,0,0,,
2024-25,2024,2024-25,32064,王小青,1003320453,20005,200406,,2,2010421729,北京体育大学,1,Wang Xiaoqing,5,PG,1313,21.9,200050010676,1,2024-10-20,1,0,79.47,6.29,51.2,0.203749,100,0.75,22.4,0.210526,63.2,0.2,0,0,0,0,0.1,97.6,0.096774,56,0,0,0,,
2024-25,2024,2024-25,32064,王小青,1003320453,20005,200406,,2,2010421733,北京工业大学,1,Wang Xiaoqing,5,PG,1406,23.4,200050010679,1,2024-10-23,1,0,83.77,7.23,11.2,0.142676,16,0.3125,16.8,0.185185,96,0.111111,0.093142,100,0,0,0.1,97.6,0.266667,100,0,0,0,,
2024-25,2024,2024-25,32064,王小青,1003320453,20005,200406,,2,1003320454,中国人民大学,1,Wang Xiaoqing,5,PG,1294,21.6,200050010683,1,2024-10-26,1,0,79.74,6.38,11.2,0.140479,89.6,0.551471,19.2,0.2,17.6,0.35545,0.090772,100,0,0,0,0,0.095238,54.4,0,0,0,,
2024-25,2024,2024-25,32064,王小青,1003320453,20005,200406,,2,1003320451,北京科技大学,1,Wang Xiaoqing,5,PG,1596,26.6,200050010686,1,2024-10-27,1,0,89.93,8.86,63.2,0.217864,98.4,0.643087,47.2,0.291667,89.6,0.138504,0.019548,25.6,0,0,0,0,0.142857,88.8,0,0,0,,
2024-25,2024,2024-25,32064,王小青,1003320453,20005,200406,,2,1003320452,北京师范大学,2,Wang Xiaoqing,5,PG,1755,29.3,200050010689,1,2024-10-30,1,0,70.29,4.71,11.2,0.139354,97.6,0.632911,60,0.333333,20.8,0.321888,0.039539,70.4,0,0,0.035714,49.6,0.16,94.4,0,0,0,,
2024-25,2024,2024-25,32064,王小青,1003320453,20005,200406,,2,1003320449,北京大学,1,Wang Xiaoqing,5,PG,2186,36.4,200050010693,1,2024-11-02,1,0,67.05,4.24,9.6,0.135002,99.2,0.6875,20.8,0.208333,35.2,0.272727,0.013941,19.2,0,0,0,0,0,0,0,0,0,,
2024-25,2024,2024-25,32064,王小青,1003320453,20005,200406,,2,1003320817,大连理工大学,1,Wang Xiaoqing,5,PG,1098,18.3,200050010787,1,2025-03-12,1,0,40.28,1.13,48.8,0.20145,59.2,0.4375,12,0.157895,63.2,0.2,0.026838,43.2,0,0,0,0,0.047619,8,0,0,0,,
2024-25,2024,2024-25,32064,王小青,1003320453,20005,200406,,2,1003320661,天津财经大学,1,Wang Xiaoqing,5,PG,1230,20.5,200050010792,1,2025-03-13,1,0,62.88,3.69,17.6,0.152477,99.2,0.65407,39.2,0.266667,92,0.126904,0,0,0,0,0,0,0.038462,5.6,0,0,0,,
2024-25,2024,2024-25,32064,王小青,1003320453,20005,200406,,2,2010422340,哈尔滨体育学院,1,Wang Xiaoqing,5,PG,1041,17.4,200050010798,1,2025-03-15,1,0,64.05,3.84,13.6,0.145208,53.6,0.416667,32,0.25,100,0,0.030497,52.8,0,0,0.0625,84,0,0,0,0,0,,
2024-25,2024,2024-25,32064,王小青,1003320453,20005,200406,,2,1003320545,中国海洋大学,1,Wang Xiaoqing,5,PG,1322,22,200050010806,1,2025-03-16,1,0,93.14,10.24,33.6,0.176554,100,0.75,71.2,0.375,63.2,0.2,0.066907,97.6,0,0,0.05,74.4,0.142857,88.8,0,0,0,,
2024-25,2024,2024-25,32064,王小青,1003320453,20005,200406,,2,2010422337,山东理工大学,1,Wang Xiaoqing,5,PG,1199,20,200050010813,1,2025-03-17,1,0,85.09,7.56,2.4,0.095761,100,0.819672,81.6,0.4,100,0,0,0,0,0,0.055556,78.4,0.181818,99.2,0,0,0,,
2024-25,2024,2024-25,32064,王小青,1003320453,20005,200406,,2,1003320452,北京师范大学,2,Wang Xiaoqing,5,PG,2850,47.5,200050010821,1,2025-03-18,1,0,77.7,5.99,8.8,0.134734,99.2,0.689338,68.8,0.368421,36.8,0.268817,0.012776,16,0,0,0,0,0.069767,27.2,3,1,2,0.666667,
2024-25,2024,2024-25,32064,王小青,1003320453,20005,200406,,2,2010422544,华中科技大学,1,Wang Xiaoqing,5,PG,1953,32.6,200050010932,1,2025-05-30,1,0,77.32,5.93,55.2,0.207587,92.8,0.595238,68.8,0.368421,42.4,0.253807,0.016141,23.2,0,0,0,0,0.1,61.6,1,1,0,0,
2024-25,2024,2024-25,32064,王小青,1003320453,20005,200406,,2,2010422410,西安交通大学,1,Wang Xiaoqing,5,PG,1798,30,200050010945,1,2025-05-31,1,0,65.07,3.97,0,0.05277,21.6,0.333333,94.4,0.481481,43.2,0.25,0,0,0,0,0,0,0.028571,0.8,1,1,0,0,
2024-25,2024,2024-25,32064,王小青,1003320453,20005,200406,,2,1000120193,中南大学,1,Wang Xiaoqing,5,PG,1511,25.2,200050010973,1,2025-06-04,1,0,68.26,4.42,18.4,0.153165,41.6,0.388889,27.2,0.227273,100,0,0.023923,35.2,0.066667,100,0.037037,52,0.117647,78.4,2,1,1,0.5,
2024-25,2024,2024-25,32064,王小青,1003320453,20005,200406,,2,1003320780,上海交通大学,1,Wang Xiaoqing,5,PG,1988,33.1,200050010975,1,2025-06-05,1,0,83.13,7.08,47.2,0.197221,58.4,0.436047,40.8,0.269231,100,0.067751,0.049156,84.8,0,0,0,0,0.117647,78.4,1,1,0,0,
2024-25,2024,2024-25,32064,王小青,1003320453,20005,200406,,2,1003320449,北京大学,2,Wang Xiaoqing,5,PG,1947,32.5,200050010977,1,2025-06-06,1,0,7.77,-2.94,38.4,0.184891,12.8,0.303644,56,0.3125,19.2,0.336022,0,0,0,0,0.025,32.8,0.111111,72,5,4,1,0.2,
2023-24,2023,2023-24,32064,王小青,1003320453,20005,200267,,2,1003320454,中国人民大学,1,Wang Xiaoqing,5,PG,3458,57.6,200050010421,1,2024-01-22,1,0,72.13,4.6,2.94,0.1221,55.88,0.416667,13.73,0.157895,48.04,0.25,0.024091,35.29,0,0,0.090909,97.06,0.111111,78.43,4,2,2,0.5,
2023-24,2023,2023-24,32064,王小青,1003320453,20005,200267,,2,1003320452,北京师范大学,1,Wang Xiaoqing,5,PG,2234,37.2,200050010423,1,2024-01-23,1,0,4.93,-4.18,0.98,0.107991,0,0,74.51,0.333333,100,0,0,0,0,0,0,0,0.071429,32.35,6,0,6,1,
2023-24,2023,2023-24,32064,王小青,1003320453,20005,200267,,2,2010421733,北京工业大学,1,Wang Xiaoqing,5,PG,1442,24,200050010428,1,2024-01-24,1,0,90.07,8.53,0.98,0.10453,100,1,46.08,0.263158,86.27,0.166667,0.044336,84.31,0,0,0.043478,65.69,0.038462,9.8,1,0,1,1,
2023-24,2023,2023-24,32064,王小青,1003320453,20005,200267,,2,1003320451,北京科技大学,1,Wang Xiaoqing,5,PG,1940,32.3,200050010429,1,2024-01-25,1,0,68.68,4.1,18.63,0.156576,98.04,0.6,11.76,0.153846,86.27,0.166667,0,0,0,0,0.058824,85.29,0.105263,71.57,2,2,0,0,
2023-24,2023,2023-24,32064,王小青,1003320453,20005,200267,,2,1003320449,北京大学,1,Wang Xiaoqing,5,PG,4610,76.8,200050010432,1,2024-01-26,1,0,94.21,10.3,0,0.101756,100,0.799419,32.35,0.214286,94.12,0.126904,0,0,0,0,0,0,0.020408,1.96,4,2,2,0.5,
2023-24,2023,2023-24,32064,王小青,1003320453,20005,200267,,2,1003320539,山东大学,1,Wang Xiaoqing,5,PG,1207,20.1,200050010570,1,2024-05-03,1,0,43.4,1.08,0,0.100604,87.25,0.5,22.55,0.185185,2.94,0.5,0.022677,31.37,0,0,0,0,0,0,1,1,0,0,
2023-24,2023,2023-24,32064,王小青,1003320453,20005,200267,,2,1003320821,中国民航大学,1,Wang Xiaoqing,5,PG,986,16.4,200050010576,1,2024-05-05,1,0,31.4,-0.11,0,0.080192,0,0,28.43,0.2,100,0,0,0,0,0,0.035714,51.96,0.105263,71.57,1,0,1,1,
2023-24,2023,2023-24,32064,王小青,1003320453,20005,200267,,2,1003320817,大连理工大学,1,Wang Xiaoqing,5,PG,1251,20.9,200050010588,1,2024-05-06,1,0,28.85,-0.36,25.49,0.165094,1.96,0.166667,10.78,0.142857,92.16,0.142857,0.029766,49.02,0,0,0.043478,65.69,0.166667,98.04,0,0,0,,
2023-24,2023,2023-24,32064,王小青,1003320453,20005,200267,,2,1003320540,山东科技大学,1,Wang Xiaoqing,5,PG,1200,20,200050010601,1,2024-05-08,1,0,58.74,2.84,0,0.097847,100,1,28.43,0.2,2.94,0.5,0.025941,39.22,0,0,0,0,0,0,1,1,0,0,
2023-24,2023,2023-24,32064,王小青,1003320453,20005,200267,,2,1003320452,北京师范大学,1,Wang Xiaoqing,5,PG,2304,38.4,200050010608,1,2024-05-09,1,0,86.02,7.3,66.67,0.231621,100,0.670732,7.84,0.125,96.08,0.108696,0,0,0,0,0.058824,85.29,0.05,13.73,0,0,0,,
2023-24,2023,2023-24,32064,王小青,1003320453,20005,200267,,2,1003320449,北京大学,1,Wang Xiaoqing,5,PG,2788,46.5,200050010614,1,2024-05-10,1,0,75.94,5.16,1.96,0.113723,98.04,0.625,32.35,0.214286,23.53,0.333333,0.022035,24.51,0,0,0.041667,64.71,0.16,98.04,0,0,0,,
2023-24,2023,2023-24,32064,王小青,1003320453,20005,200267,,2,1003320435,中国矿业大学,1,Wang Xiaoqing,5,PG,1699,28.3,200050010622,1,2024-06-06,1,0,73.7,4.79,0,0.096457,100,1.041667,79.41,0.352941,2.94,0.510204,0.020342,20.59,0,0,0.047619,72.55,0.055556,16.67,2,2,0,0,
2023-24,2023,2023-24,32064,王小青,1003320453,20005,200267,,2,1003320653,山西财经大学,1,Wang Xiaoqing,5,PG,841,14,200050010636,1,2024-06-07,1,0,56.98,2.6,0,0.09375,100,1,66.67,0.3125,0.98,0.666667,0.040783,80.39,0,0,0.083333,96.08,0,0,0,0,0,,
2023-24,2023,2023-24,32064,王小青,1003320453,20005,200267,,2,1003320442,华中科技大学,1,Wang Xiaoqing,5,PG,1643,27.4,200050010651,1,2024-06-08,1,0,74.99,5.03,17.65,0.15528,97.06,0.5625,36.27,0.235294,70.59,0.2,0.022477,30.39,0,0,0.090909,97.06,0.111111,78.43,3,3,0,0,
2023-24,2023,2023-24,32064,王小青,1003320453,20005,200267,,2,1003320493,西安交通大学,1,Wang Xiaoqing,5,PG,1108,18.5,200050010656,1,2024-06-09,1,0,78.59,5.68,1.96,0.110914,100,0.75,1.96,0.066667,70.59,0.2,0.08857,98.04,0,0,0,0,0.1,64.71,0,0,0,,
2023-24,2023,2023-24,32064,王小青,1003320453,20005,200267,,2,1000120193,中南大学,1,Wang Xiaoqing,5,PG,1200,20,200050010666,1,2024-06-11,1,0,57.69,2.7,18.63,0.15681,33.33,0.357143,32.35,0.214286,100,0,0.031184,50.98,0,0,0.05,74.51,0.058824,18.63,1,0,1,1,
2023-24,2023,2023-24,32064,王小青,1003320453,20005,200267,,2,1003320452,北京师范大学,2,Wang Xiaoqing,5,PG,2294,38.2,200050010668,1,2024-06-29,1,0,22.2,-1.04,43.14,0.191448,53.92,0.409836,0,0,18.63,0.380711,0.029364,48.04,0,0,0,0,0.157895,98.04,0,0,0,,
2023-24,2023,2023-24,32064,王小青,1003320453,20005,200267,,2,1003320442,华中科技大学,1,Wang Xiaoqing,5,PG,692,11.5,200050010670,1,2024-06-30,1,0,51.52,1.99,54.9,0.207981,98.04,0.595238,96.08,0.5,92.16,0.145349,0,0,0,0,0,0,0.071429,32.35,1,0,1,1,
2022-23,2022,2022-23,32064,王小青,1003320453,20005,200069,,2,1003320452,北京师范大学,2,Wang Xiaoqing,5,PG,2129,35.5,200050010394,1,2023-05-31,1,0,65.3,3.7,11.11,0.166746,88.89,0.538462,5.56,0.166667,100,0.071429,0.017288,22.22,0,0,0.037037,44.44,0.071429,33.33,1,0,1,1,
2024-25,2024,2024-25,92064,刘琦,1003320453,20005,200406,,2,2010421729,北京体育大学,1,Liu Qi,6,PF,1534,25.6,200050010676,1,2024-10-20,1,0,86.9,7.92,25.68,0.140815,54.05,0.444162,52.03,0.130435,100,0,0.040923,91.22,0,0,0.043478,16.89,0.342105,100,8,7,1,0.125,
2024-25,2024,2024-25,92064,刘琦,1003320453,20005,200406,,2,2010421733,北京工业大学,1,Liu Qi,6,PF,1372,22.9,200050010679,1,2024-10-23,1,0,81.02,6.67,13.51,0.114604,90.54,0.571429,52.03,0.130435,100,0,0.024636,56.76,0.181818,100,0.172414,98.65,0.125,49.32,1,0,1,1,
2024-25,2024,2024-25,92064,刘琦,1003320453,20005,200406,,2,1003320454,中国人民大学,1,Liu Qi,6,PF,1564,26.1,200050010683,1,2024-10-26,1,0,57.83,3.06,22.3,0.131663,21.62,0.337838,20.27,0.08,93.24,0.101215,0.038121,85.81,0.047619,97.97,0.184211,100,0.074074,10.81,4,1,3,0.75,
2024-25,2024,2024-25,92064,刘琦,1003320453,20005,200406,,2,1003320451,北京科技大学,1,Liu Qi,6,PF,1519,25.3,200050010686,1,2024-10-27,1,0,96.32,12.17,54.05,0.183536,87.84,0.55668,89.86,0.227273,95.27,0.091912,0.063318,97.97,0.083333,99.32,0.217391,100,0.272727,100,4,2,2,0.5,
2024-25,2024,2024-25,92064,刘琦,1003320453,20005,200406,,2,1003320452,北京师范大学,2,Liu Qi,6,PF,1980,33,200050010689,1,2024-10-30,1,0,52.99,2.39,41.22,0.162344,33.78,0.380228,10.14,0.055556,64.19,0.159744,0.016579,35.14,0,0,0.0625,37.84,0.321429,100,7,3,4,0.571429,
2024-25,2024,2024-25,92064,刘琦,1003320453,20005,200406,,2,1003320449,北京大学,1,Liu Qi,6,PF,1026,17.1,200050010693,1,2024-11-02,1,0,39.04,1,50,0.174129,46.62,0.416667,92.57,0.25,72.97,0.142857,0,0,0.035714,93.24,0.125,89.86,0.045455,3.38,8,4,4,0.5,
2024-25,2024,2024-25,92064,刘琦,1003320453,20005,200406,,2,1003320817,大连理工大学,1,Liu Qi,6,PF,1214,20.2,200050010787,0,2025-03-12,1,0,90.2,8.95,57.43,0.185598,95.27,0.611111,86.49,0.217391,93.92,0.1,0.051216,95.27,0,0,0.3,100,0.217391,95.95,1,1,0,0,
2024-25,2024,2024-25,92064,刘琦,1003320453,20005,200406,,2,1003320661,天津财经大学,1,Liu Qi,6,PF,1465,24.4,200050010792,1,2025-03-13,1,0,81.36,6.73,4.05,0.087108,95.95,0.625,37.84,0.105263,43.24,0.2,0.063793,97.97,0,0,0.04,13.51,0.192308,93.24,4,1,3,0.75,
2024-25,2024,2024-25,92064,刘琦,1003320453,20005,200406,,2,2010422340,哈尔滨体育学院,1,Liu Qi,6,PF,1441,24,200050010798,0,2025-03-15,1,0,90.2,8.95,88.51,0.245283,95.27,0.615385,91.22,0.235294,100,0,0,0,0,0,0.153846,95.95,0.304348,100,3,1,2,0.666667,
2024-25,2024,2024-25,92064,刘琦,1003320453,20005,200406,,2,1003320545,中国海洋大学,1,Liu Qi,6,PF,1276,21.3,200050010806,0,2025-03-16,1,0,47.05,1.76,43.24,0.168577,15.54,0.3,34.46,0.1,100,0,0.024083,55.41,0,0,0.076923,55.41,0.095238,21.62,2,2,0,0,
2024-25,2024,2024-25,92064,刘琦,1003320453,20005,200406,,2,2010422337,山东理工大学,1,Liu Qi,6,PF,1322,22,200050010813,0,2025-03-17,1,0,65.79,4.06,41.22,0.162607,21.62,0.337838,82.43,0.2,93.24,0.101215,0.022099,48.65,0.034483,91.22,0.173913,98.65,0.148148,68.24,4,3,1,0.25,
2024-25,2024,2024-25,92064,刘琦,1003320453,20005,200406,,2,1003320452,北京师范大学,2,Liu Qi,6,PF,670,11.2,200050010821,0,2025-03-18,1,0,18.55,-1.17,4.05,0.078003,0,0,82.43,0.2,0,1,0,0,0,0,0.083333,58.78,0.166667,81.76,3,1,2,0.666667,
2024-25,2024,2024-25,92064,刘琦,1003320453,20005,200406,,2,2010422544,华中科技大学,1,Liu Qi,6,PF,194,3.2,200050010932,0,2025-05-30,1,0,,0.27,,0,,0,,0,,0,0,,0,,0,,0.333333,,0,0,0,,
2024-25,2024,2024-25,92064,刘琦,1003320453,20005,200406,,2,2010422410,西安交通大学,1,Liu Qi,6,PF,758,12.6,200050010945,0,2025-05-31,1,0,30.63,0.16,66.89,0.196409,4.05,0.166667,70.95,0.166667,72.97,0.142857,0.034071,75.68,0,0,0.125,89.86,0.2,95.27,1,0,1,1,
2024-25,2024,2024-25,92064,刘琦,1003320453,20005,200406,,2,1000120193,中南大学,1,Liu Qi,6,PF,1271,21.2,200050010973,0,2025-06-04,1,0,72.82,5.09,60.14,0.18797,38.51,0.4,28.38,0.090909,100,0,0.030363,70.95,0.055556,98.65,0.172414,98.65,0.235294,97.3,0,0,0,,
2024-25,2024,2024-25,92064,刘琦,1003320453,20005,200406,,2,1003320780,上海交通大学,1,Liu Qi,6,PF,643,10.7,200050010975,0,2025-06-05,1,0,3.41,-4.48,91.89,0.252525,0,0,70.95,0.166667,0.68,0.5,0,0,0,0,0,0,0.066667,8.11,0,0,0,,
2024-25,2024,2024-25,92064,刘琦,1003320453,20005,200406,,2,1003320449,北京大学,2,Liu Qi,6,PF,1008,16.8,200050010977,0,2025-06-06,1,0,70.07,4.7,76.35,0.214496,95.95,0.627854,58.11,0.142857,100,0,0,0,0.045455,97.3,0,0,0.095238,21.62,3,2,1,0.333333,
2023-24,2023,2023-24,92064,刘琦,1003320453,20005,200267,,2,1003320452,北京师范大学,1,Liu Qi,3,PF,794,13.2,200050010423,0,2024-01-23,1,0,49.98,1.82,0,0,0,0,0,0,100,0,0,0,0.142857,100,0,0,0.142857,61.11,4,4,0,0,
2023-24,2023,2023-24,92064,刘琦,1003320453,20005,200267,,2,2010421733,北京工业大学,1,Liu Qi,3,PF,1490,24.8,200050010428,1,2024-01-24,1,0,75.75,5.14,64.81,0.18957,60.19,0.456621,36.11,0.1,49.07,0.185874,0.02201,51.85,0.05,95.37,0.166667,99.07,0.310345,100,5,3,2,0.4,
2023-24,2023,2023-24,92064,刘琦,1003320453,20005,200267,,2,1003320451,北京科技大学,1,Liu Qi,3,PF,2504,41.7,200050010429,1,2024-01-25,1,0,98.4,13.86,2.78,0.061932,100,1,89.81,0.235294,8.33,0.333333,0.026126,64.81,0.090909,100,0.217391,100,0.208333,94.44,8,6,2,0.25,
2023-24,2023,2023-24,92064,刘琦,1003320453,20005,200267,,2,1003320449,北京大学,1,Liu Qi,3,PF,1496,24.9,200050010432,0,2024-01-26,1,0,22.7,-1,37.96,0.152756,100,0.797872,0,0,2.78,0.515464,0,0,0,0,0.153846,99.07,0.083333,19.44,2,2,0,0,
2023-24,2023,2023-24,92064,刘琦,1003320453,20005,200267,,2,1003320539,山东大学,1,Liu Qi,3,PF,1522,25.4,200050010570,0,2024-05-03,1,0,86.3,7.37,14.81,0.11274,75,0.5,73.15,0.172414,84.26,0.125,0.034326,81.48,0,0,0.192308,100,0.222222,98.15,2,0,2,1,
2023-24,2023,2023-24,92064,刘琦,1003320453,20005,200267,,2,1003320821,中国民航大学,1,Liu Qi,3,PF,1148,19.1,200050010576,0,2024-05-05,1,0,87.14,7.61,38.89,0.15524,100,0.761421,86.11,0.222222,100,0,0.026364,64.81,0,0,0.045455,31.48,0.111111,35.19,1,0,1,1,
2023-24,2023,2023-24,92064,刘琦,1003320453,20005,200267,,2,1003320817,大连理工大学,1,Liu Qi,3,PF,923,15.4,200050010588,0,2024-05-06,1,0,51.12,1.94,31.48,0.139082,35.19,0.375,0,0,100,0,0.034734,82.41,0,0,0.1,79.63,0.222222,98.15,0,0,0,,
2023-24,2023,2023-24,92064,刘琦,1003320453,20005,200267,,2,1003320540,山东科技大学,1,Liu Qi,3,PF,1072,17.9,200050010601,0,2024-05-08,1,0,64.75,3.59,12.96,0.104954,75,0.5,60.19,0.142857,45.37,0.2,0,0,0.055556,98.15,0.2,100,0.208333,94.44,4,2,2,0.5,
2023-24,2023,2023-24,92064,刘琦,1003320453,20005,200267,,2,1003320452,北京师范大学,1,Liu Qi,3,PF,1528,25.5,200050010608,0,2024-05-09,1,0,96.02,11.58,32.41,0.140252,100,0.75,36.11,0.1,100,0,0.077476,100,0,0,0.1,79.63,0.142857,61.11,8,4,4,0.5,
2023-24,2023,2023-24,92064,刘琦,1003320453,20005,200267,,2,1003320449,北京大学,1,Liu Qi,3,PF,272,4.5,200050010614,0,2024-05-10,1,0,,-0.56,,0.25,,0,,0,,0,0,,0,,0,,0.333333,,2,2,0,0,
2023-24,2023,2023-24,92064,刘琦,1003320453,20005,200267,,2,1003320435,中国矿业大学,1,Liu Qi,3,PF,829,13.8,200050010622,0,2024-06-06,1,0,29.23,-0.33,58.33,0.180723,75,0.5,0,0,2.78,0.5,0.037019,87.04,0.055556,98.15,0.071429,57.41,0.071429,13.89,2,1,1,0.5,
2023-24,2023,2023-24,92064,刘琦,1003320453,20005,200267,,2,1003320653,山西财经大学,1,Liu Qi,3,PF,1200,20,200050010636,0,2024-06-07,1,0,66.27,3.76,12.04,0.103734,98.15,0.6,67.59,0.166667,100,0,0,0,0,0,0.142857,97.22,0.153846,67.59,1,0,1,1,
2023-24,2023,2023-24,92064,刘琦,1003320453,20005,200267,,2,1003320442,华中科技大学,1,Liu Qi,3,PF,135,2.3,200050010651,0,2024-06-08,1,0,,0.09,,0.170068,,0,,0,,0,0,,0.25,,0,,0,,2,1,1,0.5,
2023-24,2023,2023-24,92064,刘琦,1003320453,20005,200267,,2,1003320493,西安交通大学,1,Liu Qi,3,PF,960,16,200050010656,0,2024-06-09,1,0,56.22,2.51,70.37,0.197824,9.26,0.25,60.19,0.142857,100,0,0.035829,86.11,0,0,0.25,100,0.2,90.74,6,5,1,0.166667,
2023-24,2023,2023-24,92064,刘琦,1003320453,20005,200267,,2,1000120193,中南大学,1,Liu Qi,3,PF,1106,18.4,200050010666,0,2024-06-11,1,0,38.42,0.57,14.81,0.112994,22.22,0.333333,21.3,0.076923,28.7,0.25,0,0,0,0,0.153846,99.07,0.3125,100,1,1,0,0,
2023-24,2023,2023-24,92064,刘琦,1003320453,20005,200267,,2,1003320442,华中科技大学,1,Liu Qi,3,PF,746,12.4,200050010670,0,2024-06-30,1,0,26.99,-0.54,33.33,0.145646,25.93,0.347222,22.22,0.083333,25,0.257732,0,0,0,0,0.181818,99.07,0,0,0,0,0,,
2024-25,2024,2024-25,32066,袁欣悦,1003320453,20005,200406,,2,2010421729,北京体育大学,1,Yuan Xinyue,7,SF,1550,25.8,200050010676,1,2024-10-20,1,0,92.82,10.04,94.56,0.290279,100,0.652985,55.1,0.176471,97.96,0.058548,0.040029,81.63,0.032258,93.88,0.095238,89.12,0.121212,73.47,0,0,0,,
2024-25,2024,2024-25,32066,袁欣悦,1003320453,20005,200406,,2,2010421733,北京工业大学,1,Yuan Xinyue,7,SF,1187,19.8,200050010679,1,2024-10-23,1,0,98.15,14.44,89.12,0.266421,91.16,0.554017,4.76,0.0625,100,0,0.195233,100,0,0,0.222222,100,0,0,1,1,0,0,
2024-25,2024,2024-25,32066,袁欣悦,1003320453,20005,200406,,2,1003320454,中国人民大学,1,Yuan Xinyue,7,SF,989,16.5,200050010683,1,2024-10-26,1,0,94.8,11.15,63.95,0.216461,100,0.712928,80.95,0.25,100,0,0.09327,100,0,0,0.192308,100,0.176471,95.24,0,0,0,,
2024-25,2024,2024-25,32066,袁欣悦,1003320453,20005,200406,,2,1003320451,北京科技大学,1,Yuan Xinyue,7,SF,755,12.6,200050010686,1,2024-10-27,1,0,37.68,0.87,17.69,0.146413,100,0.75,12.24,0.090909,100,0,0,0,0,0,0.111111,93.88,0,0,0,0,0,,
2024-25,2024,2024-25,32066,袁欣悦,1003320453,20005,200406,,2,1003320452,北京师范大学,2,Yuan Xinyue,7,SF,1926,32.1,200050010689,1,2024-10-30,1,0,90.84,9.19,92.52,0.281152,100,0.657895,93.2,0.333333,48.98,0.18622,0.053629,94.56,0,0,0.1,91.16,0.076923,38.1,0,0,0,,
2024-25,2024,2024-25,32066,袁欣悦,1003320453,20005,200406,,2,1003320449,北京大学,1,Yuan Xinyue,7,SF,924,15.4,200050010693,1,2024-11-02,1,0,18.91,-1.12,97.96,0.321503,53.06,0.429185,86.39,0.285714,23.13,0.243506,0,0,0,0,0.125,97.28,0.055556,17.01,0,0,0,,
2024-25,2024,2024-25,32066,袁欣悦,1003320453,20005,200406,,2,1003320817,大连理工大学,1,Yuan Xinyue,7,SF,1328,22.1,200050010787,1,2025-03-12,1,0,96.4,12.21,68.03,0.225972,100,0.751073,88.44,0.294118,23.13,0.243506,0.085139,100,0,0,0.117647,95.92,0.290323,100,0,0,0,,
2024-25,2024,2024-25,32066,袁欣悦,1003320453,20005,200406,,2,1003320661,天津财经大学,1,Yuan Xinyue,7,SF,905,15.1,200050010792,0,2025-03-13,1,0,68.26,4.42,40.14,0.178836,100,0.630252,100,0.538462,14.97,0.295858,0.030257,65.31,0,0,0,0,0.285714,100,0,0,0,,
2024-25,2024,2024-25,32066,袁欣悦,1003320453,20005,200406,,2,2010422340,哈尔滨体育学院,1,Yuan Xinyue,7,SF,853,14.2,200050010798,1,2025-03-15,1,0,79.51,6.32,82.31,0.251416,55.78,0.444162,98.64,0.4,89.8,0.112613,0.083333,100,0,0,0.0625,69.39,0.181818,95.24,0,0,0,,
2024-25,2024,2024-25,32066,袁欣悦,1003320453,20005,200406,,2,1003320545,中国海洋大学,1,Yuan Xinyue,7,SF,1121,18.7,200050010806,1,2025-03-16,1,0,56.12,2.84,65.99,0.220626,91.16,0.551471,83.67,0.266667,0,0.478927,0.075239,100,0,0,0.266667,100,0,0,0,0,0,,
2024-25,2024,2024-25,32066,袁欣悦,1003320453,20005,200406,,2,2010422337,山东理工大学,1,Yuan Xinyue,7,SF,1063,17.7,200050010813,1,2025-03-17,1,0,95.14,11.41,62.59,0.212359,100,0.768443,68.03,0.2,100,0,0.053537,94.56,0,0,0.125,97.28,0.227273,98.64,0,0,0,,
2024-25,2024,2024-25,32066,袁欣悦,1003320453,20005,200406,,2,1003320452,北京师范大学,2,Yuan Xinyue,7,SF,687,11.5,200050010821,1,2025-03-18,1,0,21.85,-0.76,8.16,0.121827,8.84,0.265957,98.64,0.4,5.44,0.347222,0,0,0,0,0.181818,100,0.2,97.28,0,0,0,,
2023-24,2023,2023-24,32066,袁欣悦,1003320453,20005,200267,,2,1003320454,中国人民大学,1,Yuan Xinyue,7,SF,2728,45.5,200050010421,1,2024-01-22,1,0,66.7,3.84,45.9,0.190375,13.11,0.307377,18.85,0.111111,88.52,0.092937,0.055991,94.26,0,0,0.068966,75.41,0.071429,20.49,0,0,0,,
2023-24,2023,2023-24,32066,袁欣悦,1003320453,20005,200267,,2,1003320452,北京师范大学,1,Yuan Xinyue,7,SF,2472,41.2,200050010423,1,2024-01-23,1,0,1.14,-6.52,82.79,0.262183,25.41,0.369822,80.33,0.25,5.74,0.371747,0,0,0,0,0.052632,59.02,0.05,4.92,4,0,4,1,
2023-24,2023,2023-24,32066,袁欣悦,1003320453,20005,200267,,2,2010421733,北京工业大学,1,Yuan Xinyue,7,SF,910,15.2,200050010428,0,2024-01-24,1,0,92.4,9.43,88.52,0.271396,86.07,0.520833,10.66,0.076923,88.52,0.103734,0.204151,100,0,0,0.076923,81.97,0,0,0,0,0,,
2023-24,2023,2023-24,32066,袁欣悦,1003320453,20005,200267,,2,1003320451,北京科技大学,1,Yuan Xinyue,7,SF,2134,35.6,200050010429,1,2024-01-25,1,0,97.62,12.76,74.59,0.24712,100,0.806452,87.7,0.285714,37.7,0.211864,0.05834,95.08,0,0,0.0625,68.85,0.227273,99.18,4,2,2,0.5,
2023-24,2023,2023-24,32066,袁欣悦,1003320453,20005,200267,,2,1003320449,北京大学,1,Yuan Xinyue,7,SF,2930,48.8,200050010432,1,2024-01-26,1,0,0.02,-9.66,69.67,0.240392,22.13,0.347222,18.85,0.111111,1.64,0.510204,0,0,0,0,0.095238,91.8,0.16129,87.7,4,0,4,1,
2023-24,2023,2023-24,32066,袁欣悦,1003320453,20005,200267,,2,1003320539,山东大学,1,Yuan Xinyue,7,SF,1199,20,200050010570,1,2024-05-03,1,0,84.04,6.82,90.16,0.274316,98.36,0.622605,68.85,0.222222,13.11,0.277008,0.092163,100,0,0,0.058824,67.21,0.333333,100,3,1,2,0.666667,
2023-24,2023,2023-24,32066,袁欣悦,1003320453,20005,200267,,2,1003320821,中国民航大学,1,Yuan Xinyue,7,SF,1074,17.9,200050010576,1,2024-05-05,1,0,36.52,0.4,36.07,0.180424,13.93,0.317259,18.85,0.111111,41.8,0.202429,0.029453,67.21,0,0,0.133333,98.36,0.111111,54.1,2,1,1,0.5,
2023-24,2023,2023-24,32066,袁欣悦,1003320453,20005,200267,,2,1003320817,大连理工大学,1,Yuan Xinyue,7,SF,1537,25.6,200050010588,1,2024-05-06,1,0,79.39,5.85,63.11,0.230325,54.92,0.431034,47.54,0.166667,100,0,0.023632,44.26,0.133333,100,0.130435,98.36,0.173913,94.26,0,0,0,,
2023-24,2023,2023-24,32066,袁欣悦,1003320453,20005,200267,,2,1003320540,山东科技大学,1,Yuan Xinyue,7,SF,1084,18.1,200050010601,1,2024-05-08,1,0,52.36,2.1,53.28,0.208686,59.84,0.436047,55.74,0.1875,77.87,0.126904,0.031456,70.49,0,0,0.153846,98.36,0.111111,54.1,0,0,0,,
2023-24,2023,2023-24,32066,袁欣悦,1003320453,20005,200267,,2,1003320452,北京师范大学,1,Yuan Xinyue,7,SF,2612,43.5,200050010608,1,2024-05-09,1,0,92.23,9.34,88.52,0.27242,100,0.708502,95.9,0.363636,29.51,0.232919,0,0,0,0,0.105263,94.26,0.16,87.7,6,2,4,0.666667,
2023-24,2023,2023-24,32066,袁欣悦,1003320453,20005,200267,,2,1003320449,北京大学,1,Yuan Xinyue,7,SF,1602,26.7,200050010614,1,2024-05-10,1,0,46.67,1.44,100,0.360419,26.23,0.375,97.54,0.375,13.93,0.272727,0.070153,98.36,0,0,0.125,98.36,0,0,0,0,0,,
2023-24,2023,2023-24,32066,袁欣悦,1003320453,20005,200267,,2,1003320435,中国矿业大学,1,Yuan Xinyue,7,SF,224,3.7,200050010622,0,2024-06-06,1,0,,-0.34,,0,,0,,0,,0,0,,0,,0,,0,,0,0,0,,
2023-24,2023,2023-24,32066,袁欣悦,1003320453,20005,200267,,2,1003320653,山西财经大学,1,Yuan Xinyue,7,SF,1134,18.9,200050010636,0,2024-06-07,1,0,89.26,8.24,46.72,0.195437,100,0.799419,93.44,0.333333,77.87,0.126904,0.070621,98.36,0.125,100,0.090909,90.16,0.111111,54.1,3,2,1,0.333333,
2023-24,2023,2023-24,32066,袁欣悦,1003320453,20005,200267,,2,1003320442,华中科技大学,1,Yuan Xinyue,7,SF,557,9.3,200050010651,0,2024-06-08,1,0,,2.21,,0.178998,,0.5,,0.125,,0,0.063752,,0,,0,,0,,0,0,0,,
2023-24,2023,2023-24,32066,袁欣悦,1003320453,20005,200267,,2,1003320493,西安交通大学,1,Yuan Xinyue,7,SF,455,7.6,200050010656,0,2024-06-09,1,0,,-0.5,,0.125,,0,,0.166667,,0,0,,0,,0.142857,,0,,0,0,0,,
2023-24,2023,2023-24,32066,袁欣悦,1003320453,20005,200267,,2,1000120193,中南大学,1,Yuan Xinyue,7,SF,690,11.5,200050010666,0,2024-06-11,1,0,56.98,2.6,7.38,0.125628,100,0.833333,38.52,0.142857,100,0,0,0,0,0,0,0,0,0,0,0,0,,
2023-24,2023,2023-24,32066,袁欣悦,1003320453,20005,200267,,2,1003320452,北京师范大学,2,Yuan Xinyue,7,SF,1216,20.3,200050010668,1,2024-06-29,1,0,3.31,-4.88,97.54,0.32483,2.46,0.177305,98.36,0.4,18.03,0.26178,0,0,0,0,0.076923,81.97,0,0,2,0,2,1,
2023-24,2023,2023-24,32066,袁欣悦,1003320453,20005,200267,,2,1003320442,华中科技大学,1,Yuan Xinyue,7,SF,838,14,200050010670,1,2024-06-30,1,0,22.2,-1.04,83.61,0.264244,13.93,0.322165,0,0,13.11,0.27881,0.065069,96.72,0,0,0,0,0.111111,54.1,1,0,1,1,
2022-23,2022,2022-23,32066,袁欣悦,1003320453,20005,200069,,2,1003320452,北京师范大学,2,Yuan Xinyue,7,PF,1148,19.1,200050010394,0,2023-05-31,1,0,50,1.74,61.9,0.213287,4.76,0.307377,0,0,100,0,0.055932,95.24,0,0,0.09375,85.71,0.055556,0,2,1,1,0.5,
2024-25,2024,2024-25,92943,梁悦洁,1003320453,20005,200406,,2,1003320449,北京大学,1,Liang Yuejie,8,PF,35,0.6,200050010693,0,2024-11-02,1,0,,0,,0,,0,,0,,0,0,,0,,0,,0,,0,0,0,,
2023-24,2023,2023-24,,,,,,,,,,,,,,,,,,,,,,,,,,,,,,,,,,,,,,,,,,,梁悦洁
2024-25,2024,2024-25,80514,王镘淋,1003320453,20005,200406,,2,2010421729,北京体育大学,1,Wang Manlin,9,PG,1466,24.4,200050010676,0,2024-10-20,1,0,60.7,3.42,63.2,0.218943,100,0.708763,29.6,0.235294,13.6,0.39185,0.019014,25.6,0.033333,99.2,0.076923,92.8,0.129032,86.4,0,0,0,,
2024-25,2024,2024-25,80514,王镘淋,1003320453,20005,200406,,2,2010421733,北京工业大学,1,Wang Manlin,9,PG,1213,20.2,200050010679,0,2024-10-23,1,0,83.66,7.21,20,0.15456,11.2,0.285714,1.6,0.08,92.8,0.125,0.143496,100,0,0,0,0,0.217391,100,2,2,0,0,
2024-25,2024,2024-25,80514,王镘淋,1003320453,20005,200406,,2,1003320454,中国人民大学,1,Wang Manlin,9,PG,1127,18.8,200050010683,0,2024-10-26,1,0,78.87,6.18,95.2,0.296912,87.2,0.533333,19.2,0.2,100,0,0,0,0,0,0.05,74.4,0.157895,93.6,0,0,0,,
2024-25,2024,2024-25,80514,王镘淋,1003320453,20005,200406,,2,1003320451,北京科技大学,1,Wang Manlin,9,PG,1393,23.2,200050010686,0,2024-10-27,1,0,24.2,-0.5,42.4,0.191571,21.6,0.333333,64,0.35,12,0.4,0,0,0,0,0,0,0.1,61.6,0,0,0,,
2024-25,2024,2024-25,80514,王镘淋,1003320453,20005,200406,,2,1003320452,北京师范大学,2,Wang Manlin,9,PG,814,13.6,200050010689,0,2024-10-30,1,0,14.7,-1.64,42.4,0.191083,82.4,0.5,95.2,0.5,4.8,0.5,0,0,0,0,0,0,0,0,0,0,0,,
2024-25,2024,2024-25,80514,王镘淋,1003320453,20005,200406,,2,1003320449,北京大学,1,Wang Manlin,9,PG,1814,30.2,200050010693,0,2024-11-02,1,0,20.85,-0.9,59.2,0.213434,41.6,0.39185,0.8,0.052632,68.8,0.190355,0,0,0,0,0.057143,80.8,0.137931,88,0,0,0,,
2024-25,2024,2024-25,80514,王镘淋,1003320453,20005,200406,,2,1003320817,大连理工大学,1,Wang Manlin,9,PG,1056,17.6,200050010787,0,2025-03-12,1,0,80.92,6.64,60.8,0.215344,83.2,0.506073,60,0.333333,100,0,0,0,0,0,0.176471,99.2,0.190476,100,0,0,0,,
2024-25,2024,2024-25,80514,王镘淋,1003320453,20005,200406,,2,1003320661,天津财经大学,1,Wang Manlin,9,PG,1428,23.8,200050010792,1,2025-03-13,1,0,67.43,4.3,95.2,0.30057,88.8,0.543478,98.4,0.538462,51.2,0.236967,0.021397,27.2,0,0,0.181818,100,0,0,0,0,0,,
2024-25,2024,2024-25,80514,王镘淋,1003320453,20005,200406,,2,2010422340,哈尔滨体育学院,1,Wang Manlin,9,PG,1171,19.5,200050010798,0,2025-03-15,1,0,88.07,8.24,77.6,0.233209,91.2,0.5625,32,0.25,63.2,0.2,0.134862,100,0,0,0.05,74.4,0,0,0,0,0,,
2024-25,2024,2024-25,80514,王镘淋,1003320453,20005,200406,,2,1003320545,中国海洋大学,1,Wang Manlin,9,PG,1078,18,200050010806,0,2025-03-16,1,0,68.56,4.47,33.6,0.176471,82.4,0.5,29.6,0.235294,19.2,0.333333,0.086737,99.2,0,0,0.05,74.4,0.125,84,0,0,0,,
2024-25,2024,2024-25,80514,王镘淋,1003320453,20005,200406,,2,2010422337,山东理工大学,1,Wang Manlin,9,PG,959,16,200050010813,0,2025-03-17,1,0,88.26,8.28,100,0.369565,99.2,0.65625,67.2,0.363636,100,0.058824,0,0,0,0,0.222222,100,0,0,0,0,0,,
2024-25,2024,2024-25,80514,王镘淋,1003320453,20005,200406,,2,1003320452,北京师范大学,2,Wang Manlin,9,PG,1634,27.2,200050010821,0,2025-03-18,1,0,15.38,-1.56,79.2,0.23645,3.2,0.168011,32,0.25,100,0.062972,0.043722,77.6,0,0,0.027027,36.8,0.136364,88,2,1,1,0.5,
2024-25,2024,2024-25,80514,王镘淋,1003320453,20005,200406,,2,2010422544,华中科技大学,1,Wang Manlin,9,PG,1029,17.2,200050010932,0,2025-05-30,1,0,3.28,-4.54,74.4,0.226531,14.4,0.307377,7.2,0.125,8,0.45045,0,0,0,0,0.052632,76,0.1,61.6,0,0,0,,
2024-25,2024,2024-25,80514,王镘淋,1003320453,20005,200406,,2,2010422410,西安交通大学,1,Wang Manlin,9,PG,1446,24.1,200050010945,0,2025-05-31,1,0,71.95,4.96,28.8,0.166667,99.2,0.665984,28,0.230769,99.2,0.092937,0,0,0,0,0.066667,88,0.076923,36.8,1,1,0,0,
2024-25,2024,2024-25,80514,王镘淋,1003320453,20005,200406,,2,1000120193,中南大学,1,Wang Manlin,9,PG,1152,19.2,200050010973,0,2025-06-04,1,0,34.74,0.58,84,0.249546,21.6,0.333333,13.6,0.166667,70.4,0.181818,0.028915,48.8,0,0,0.045455,64.8,0.125,84,2,0,2,1,
2024-25,2024,2024-25,80514,王镘淋,1003320453,20005,200406,,2,1003320780,上海交通大学,1,Wang Manlin,9,PG,927,15.5,200050010975,0,2025-06-05,1,0,18.32,-1.19,28.8,0.168011,4,0.2,0,0,100,0,0,0,0,0,0.058824,80.8,0,0,0,0,0,,
2024-25,2024,2024-25,80514,王镘淋,1003320453,20005,200406,,2,1003320449,北京大学,2,Wang Manlin,9,PG,1489,24.8,200050010977,0,2025-06-06,1,0,71.65,4.92,48.8,0.200683,92.8,0.604089,0,0,100,0.085034,0.021259,26.4,0,0,0.076923,92.8,0.125,84,1,1,0,0,
2023-24,2023,2023-24,80514,王镘淋,1003320453,20005,200267,,2,1003320454,中国人民大学,1,Wang Manlin,9,PG,2250,37.5,200050010421,0,2024-01-22,1,0,57.96,2.74,27.45,0.171737,38.24,0.375,92.16,0.444444,10.78,0.428571,0.068213,97.06,0,0,0,0,0.076923,38.24,2,0,2,1,
2023-24,2023,2023-24,80514,王镘淋,1003320453,20005,200267,,2,1003320452,北京师范大学,1,Wang Manlin,9,PG,2566,42.8,200050010423,0,2024-01-23,1,0,4.74,-4.26,81.37,0.256769,33.33,0.357143,92.16,0.444444,20.59,0.363636,0.024771,38.24,0,0,0,0,0,0,6,2,4,0.666667,
2023-24,2023,2023-24,80514,王镘淋,1003320453,20005,200267,,2,2010421733,北京工业大学,1,Wang Manlin,9,PG,896,14.9,200050010428,0,2024-01-24,1,0,72.13,4.6,0,0.101215,87.25,0.5,94.12,0.461538,23.53,0.333333,0.072399,97.06,0,0,0,0,0,0,1,1,0,0,
2023-24,2023,2023-24,80514,王镘淋,1003320453,20005,200267,,2,1003320451,北京科技大学,1,Wang Manlin,9,PG,3866,64.4,200050010429,1,2024-01-25,1,0,94.02,10.22,15.69,0.150784,87.25,0.5,53.92,0.28,32.35,0.3,0.035607,64.71,0,0,0.037037,55.88,0.121212,84.31,0,0,0,,
2023-24,2023,2023-24,80514,王镘淋,1003320453,20005,200267,,2,1003320449,北京大学,1,Wang Manlin,9,PG,3742,62.4,200050010432,1,2024-01-26,1,0,72.32,4.62,96.08,0.310302,56.86,0.417661,20.59,0.181818,89.22,0.151822,0.018834,20.59,0,0,0.034483,49.02,0.095238,60.78,2,0,2,1,
2023-24,2023,2023-24,80514,王镘淋,1003320453,20005,200267,,2,1003320539,山东大学,1,Wang Manlin,9,PG,1359,22.7,200050010570,0,2024-05-03,1,0,83.49,6.71,56.86,0.213063,47.06,0.393357,85.29,0.375,90.2,0.14881,0.039177,77.45,0,0,0.148148,100,0.181818,99.02,3,2,1,0.333333,
2023-24,2023,2023-24,80514,王镘淋,1003320453,20005,200267,,2,1003320821,中国民航大学,1,Wang Manlin,9,PG,1414,23.6,200050010576,0,2024-05-05,1,0,88.88,8.03,0,0.064767,100,0.833333,90.2,0.407407,48.04,0.25,0.020933,21.57,0,0,0,0,0.166667,98.04,1,1,0,0,
2023-24,2023,2023-24,80514,王镘淋,1003320453,20005,200267,,2,1003320817,大连理工大学,1,Wang Manlin,9,PG,1103,18.4,200050010588,0,2024-05-06,1,0,52.88,2.14,11.76,0.148104,100,0.75,1.96,0.066667,70.59,0.2,0,0,0,0,0,0,0,0,0,0,0,,
2023-24,2023,2023-24,80514,王镘淋,1003320453,20005,200267,,2,1003320540,山东科技大学,1,Wang Manlin,9,PG,1200,20,200050010601,0,2024-05-08,1,0,81.9,6.36,45.1,0.196925,97.06,0.563525,83.33,0.368421,98.04,0.092937,0,0,0.043478,99.02,0.115385,97.06,0.111111,78.43,2,2,0,0,
2023-24,2023,2023-24,80514,王镘淋,1003320453,20005,200267,,2,1003320452,北京师范大学,1,Wang Manlin,9,PG,2496,41.6,200050010608,0,2024-05-09,1,0,53.29,2.18,21.57,0.161551,87.25,0.5,0,0.052632,19.61,0.375,0.051964,92.16,0,0,0.066667,92.16,0.045455,11.76,2,0,2,1,
2023-24,2023,2023-24,80514,王镘淋,1003320453,20005,200267,,2,1003320449,北京大学,1,Wang Manlin,9,PG,3630,60.5,200050010614,0,2024-05-10,1,0,42.62,1,45.1,0.19685,28.43,0.346154,28.43,0.2,100,0,0,0,0,0,0.030303,39.22,0.028571,3.92,4,4,0,0,
2023-24,2023,2023-24,80514,王镘淋,1003320453,20005,200267,,2,1003320435,中国矿业大学,1,Wang Manlin,9,PG,851,14.2,200050010622,0,2024-06-06,1,0,23.96,-0.85,69.61,0.235571,100,0.75,74.51,0.333333,2.94,0.5,0,0,0,0,0,0,0.125,87.25,1,0,1,1,
2023-24,2023,2023-24,80514,王镘淋,1003320453,20005,200267,,2,1003320653,山西财经大学,1,Wang Manlin,9,PG,1200,20,200050010636,0,2024-06-07,1,0,83.94,6.79,100,0.370954,88.24,0.503555,10.78,0.142857,100,0.055928,0.061837,95.1,0,0,0.095238,97.06,0.230769,100,1,0,1,1,
2023-24,2023,2023-24,80514,王镘淋,1003320453,20005,200267,,2,1003320442,华中科技大学,1,Wang Manlin,9,PG,1560,26,200050010651,0,2024-06-08,1,0,78.68,5.72,92.16,0.282554,88.24,0.503778,36.27,0.235294,96.08,0.111857,0.022568,30.39,0,0,0.057143,84.31,0.166667,98.04,1,0,1,1,
2023-24,2023,2023-24,80514,王镘淋,1003320453,20005,200267,,2,1003320493,西安交通大学,1,Wang Manlin,9,PG,1007,16.8,200050010656,0,2024-06-09,1,0,16.06,-1.81,10.78,0.146771,0,0,42.16,0.25,86.27,0.166667,0,0,0,0,0.052632,77.45,0,0,1,0,1,1,
2023-24,2023,2023-24,80514,王镘淋,1003320453,20005,200267,,2,1000120193,中南大学,1,Wang Manlin,9,PG,1020,17,200050010666,0,2024-06-11,1,0,66.94,3.87,56.86,0.213675,100,0.666667,3.92,0.1,92.16,0.142857,0.035403,63.73,0,0,0.071429,93.14,0.1,64.71,0,0,0,,
2023-24,2023,2023-24,80514,王镘淋,1003320453,20005,200267,,2,1003320452,北京师范大学,2,Wang Manlin,9,PG,3828,63.8,200050010668,0,2024-06-29,1,0,89.83,8.46,44.12,0.195789,100,0.735294,1.96,0.076923,44.12,0.268817,0.017611,20.59,0,0,0.05,74.51,0,0,6,4,2,0.333333,
2023-24,2023,2023-24,80514,王镘淋,1003320453,20005,200267,,2,1003320442,华中科技大学,1,Wang Manlin,9,PG,1502,25,200050010670,0,2024-06-30,1,0,56.31,2.53,16.67,0.153792,98.04,0.591716,74.51,0.333333,60.78,0.228311,0,0,0,0,0,0,0.030303,3.92,0,0,0,,
CUBAL一级联赛,2024,2024-25,89060,魏亦冉,1003320453,20005,200406,,2,2010421729,北京体育大学,1,Wei Yiran,10,PF,1059,17.7,200050010676,1,2024-10-20,1,0,48.01,1.86,15.54,0.122122,80.41,0.520833,64.86,0.15,0.68,0.409836,0,0,0,0,0,0,0.28,100,0,0,0,,
CUBAL一级联赛,2024,2024-25,89060,魏亦冉,1003320453,20005,200406,,2,2010421733,北京工业大学,1,Wei Yiran,10,PF,455,7.6,200050010679,0,2024-10-23,1,0,,0.37,,0.047893,,0,,0.083333,,1,0.058299,,0.166667,,0.25,,0.1,,1,0,1,1,
CUBAL一级联赛,2024,2024-25,89060,魏亦冉,1003320453,20005,200406,,2,1003320454,中国人民大学,1,Wei Yiran,10,PF,353,5.9,200050010683,0,2024-10-26,1,0,,0.77,,0.055556,,1,,0,,0,0,,0,,0.222222,,0.166667,,0,0,0,,
CUBAL一级联赛,2024,2024-25,89060,魏亦冉,1003320453,20005,200406,,2,1003320451,北京科技大学,1,Wei Yiran,10,PF,656,10.9,200050010686,0,2024-10-27,1,0,32.61,0.34,0,0,0,0,0,0,100,0,0,0,0,0,0.2,100,0,0,0,0,0,,
CUBAL一级联赛,2024,2024-25,89060,魏亦冉,1003320453,20005,200406,,2,1003320817,大连理工大学,1,Wei Yiran,10,PF,651,10.9,200050010787,0,2025-03-12,1,0,55.23,2.69,2.03,0.066934,100,1,0,0,100,0,0,0,0.076923,99.32,0.083333,58.78,0.133333,56.08,0,0,0,,
CUBAL一级联赛,2024,2024-25,89060,魏亦冉,1003320453,20005,200406,,2,1003320661,天津财经大学,1,Wei Yiran,10,PF,765,12.8,200050010792,0,2025-03-13,1,0,65.88,4.07,0,0.038462,100,1,0,0,100,0,0.040291,90.54,0.071429,99.32,0.090909,68.92,0.285714,100,0,0,0,,
CUBAL一级联赛,2024,2024-25,89060,魏亦冉,1003320453,20005,200406,,2,2010422340,哈尔滨体育学院,1,Wei Yiran,10,PF,1306,21.8,200050010798,0,2025-03-15,1,0,73.42,5.22,9.46,0.101921,95.27,0.614754,73.65,0.176471,100,0,0,0,0,0,0.269231,100,0.190476,92.57,0,0,0,,
CUBAL一级联赛,2024,2024-25,89060,魏亦冉,1003320453,20005,200406,,2,1003320545,中国海洋大学,1,Wei Yiran,10,PF,526,8.8,200050010806,0,2025-03-16,1,0,,2.15,,0.25,,0.6,,0,,0.285714,0.056625,,0,,0.5,,0.111111,,0,0,0,,
CUBAL一级联赛,2024,2024-25,89060,魏亦冉,1003320453,20005,200406,,2,2010422337,山东理工大学,1,Wei Yiran,10,PF,700,11.7,200050010813,0,2025-03-17,1,0,24.88,-0.41,12.84,0.111857,20.95,0.333333,34.46,0.1,26.35,0.25,0,0,0,0,0.043478,16.89,0.222222,96.62,0,0,0,,
CUBAL一级联赛,2024,2024-25,89060,魏亦冉,1003320453,20005,200406,,2,1000120193,中南大学,1,Wei Yiran,10,PF,406,6.8,200050010973,0,2025-06-04,1,0,,-0.34,,0.157895,,0.333333,,0.5,,0,0,,0,,0.066667,,0,,1,0,1,1,
2024-25,2024,2024-25,32071,张涛,1003320453,20005,200406,,2,1003320817,大连理工大学,1,Zhang Tao,11,PF,1026,17.1,200050010787,1,2025-03-12,1,0,95.02,11.33,77.03,0.216625,100,0.775194,91.22,0.230769,100,0,0.054855,95.27,0,0,0.210526,100,0.428571,100,0,0,0,,
2024-25,2024,2024-25,32071,张涛,1003320453,20005,200406,,2,1003320661,天津财经大学,1,Zhang Tao,11,PF,1095,18.3,200050010792,1,2025-03-13,1,0,75.46,5.58,50.68,0.175732,95.95,0.625,94.59,0.266667,29.05,0.238095,0.026544,62.84,0,0,0.235294,100,0.291667,100,0,0,0,,
2024-25,2024,2024-25,32071,张涛,1003320453,20005,200406,,2,2010422340,哈尔滨体育学院,1,Zhang Tao,11,PF,441,7.4,200050010798,1,2025-03-15,1,0,,7.19,,0.19685,,1,,0,,0,0.133333,,0,,0.333333,,0.5,,0,0,0,,
2024-25,2024,2024-25,32071,张涛,1003320453,20005,200406,,2,1003320545,中国海洋大学,1,Zhang Tao,11,PF,1091,18.2,200050010806,1,2025-03-16,1,0,74.89,5.49,87.84,0.244027,100,0.873656,66.22,0.153846,6.76,0.34965,0.027072,63.51,0,0,0.2,100,0.304348,100,0,0,0,,
2024-25,2024,2024-25,32071,张涛,1003320453,20005,200406,,2,2010422337,山东理工大学,1,Zhang Tao,11,PF,1018,17,200050010813,1,2025-03-17,1,0,30.44,0.15,68.92,0.200178,97.3,0.666667,0,0,10.14,0.333333,0,0,0,0,0,0,0.190476,92.57,0,0,0,,
2024-25,2024,2024-25,32071,张涛,1003320453,20005,200406,,2,1003320452,北京师范大学,2,Zhang Tao,11,PF,1716,28.6,200050010821,1,2025-03-18,1,0,31.31,0.21,96.62,0.278036,5.41,0.190355,97.97,0.357143,97.97,0.059666,0.04516,94.59,0,0,0.1875,100,0.238095,97.3,3,2,1,0.333333,
2024-25,2024,2024-25,32071,张涛,1003320453,20005,200406,,2,2010422544,华中科技大学,1,Zhang Tao,11,PF,1983,33.1,200050010932,1,2025-05-30,1,0,98.21,14.47,66.89,0.19806,98.65,0.72314,70.95,0.166667,97.3,0.064433,0.048598,95.27,0.027027,85.14,0.090909,68.92,0.236842,97.3,6,3,3,0.5,
2024-25,2024,2024-25,32071,张涛,1003320453,20005,200406,,2,2010422410,西安交通大学,1,Zhang Tao,11,PF,1544,25.7,200050010945,1,2025-05-31,1,0,83.26,7.13,100,0.377803,27.03,0.352444,95.27,0.315789,47.3,0.190259,0.100462,100,0,0,0.28125,100,0.344828,100,5,5,0,0,
2024-25,2024,2024-25,32071,张涛,1003320453,20005,200406,,2,1000120193,中南大学,1,Zhang Tao,11,PF,1535,25.6,200050010973,1,2025-06-04,1,0,99.62,18.47,66.22,0.195122,96.62,0.643382,95.95,0.318182,100,0,0.182693,100,0,0,0.217391,100,0.25,98.65,2,2,0,0,
2024-25,2024,2024-25,32071,张涛,1003320453,20005,200406,,2,1003320780,上海交通大学,1,Zhang Tao,11,PF,2272,37.9,200050010975,1,2025-06-05,1,0,96.66,12.51,89.19,0.247615,95.95,0.619369,95.27,0.304348,71.62,0.144509,0.056502,95.95,0,0,0.090909,68.92,0.2,95.27,6,5,1,0.166667,
2024-25,2024,2024-25,32071,张涛,1003320453,20005,200406,,2,1003320449,北京大学,2,Zhang Tao,11,PF,2153,35.9,200050010977,1,2025-06-06,1,0,32.37,0.31,77.03,0.216704,29.05,0.368852,95.27,0.315789,3.38,0.364583,0.043815,93.92,0,0,0.071429,47.3,0.090909,20.27,7,4,3,0.428571,
2023-24,2023,2023-24,32071,张涛,1003320453,20005,200267,,2,1003320454,中国人民大学,1,Zhang Tao,11,PF,3088,51.5,200050010421,1,2024-01-22,1,0,99.98,27.22,69.44,0.194316,100,0.717213,86.11,0.214286,60.19,0.170068,0.127812,100,0.058824,99.07,0.258065,100,0.2,90.74,4,4,0,0,
2023-24,2023,2023-24,32071,张涛,1003320453,20005,200267,,2,1003320452,北京师范大学,1,Zhang Tao,11,PF,4006,66.8,200050010423,1,2024-01-23,1,0,92.26,9.36,92.59,0.256119,100,0.716846,40.74,0.111111,6.48,0.34965,0.018857,40.74,0,0,0.16129,99.07,0.321429,100,6,2,4,0.666667,
2023-24,2023,2023-24,32071,张涛,1003320453,20005,200267,,2,2010421733,北京工业大学,1,Zhang Tao,11,PF,486,8.1,200050010428,0,2024-01-24,1,0,,5.15,,0.233173,,0.902062,,0,,0,0.135135,,0,,0,,0,,0,0,0,,
2023-24,2023,2023-24,32071,张涛,1003320453,20005,200267,,2,1003320449,北京大学,1,Zhang Tao,11,PF,3304,55.1,200050010432,1,2024-01-26,1,0,29.04,-0.34,75.93,0.208714,79.63,0.507614,100,0.5,6.48,0.3367,0,0,0,0,0.115385,89.81,0.179487,85.19,12,10,2,0.166667,
2023-24,2023,2023-24,32071,张涛,1003320453,20005,200267,,2,1003320539,山东大学,1,Zhang Tao,11,PF,878,14.6,200050010570,1,2024-05-03,1,0,80.4,6.05,89.81,0.246692,98.15,0.688559,58.33,0.133333,95.37,0.095785,0.030864,71.3,0,0,0.153846,99.07,0.636364,100,2,2,0,0,
2023-24,2023,2023-24,32071,张涛,1003320453,20005,200267,,2,1003320821,中国民航大学,1,Zhang Tao,11,PF,1252,20.9,200050010576,1,2024-05-05,1,0,93.47,9.89,34.26,0.147832,93.52,0.571429,100,0.5,35.19,0.222222,0.052617,99.07,0,0,0.16129,99.07,0.32,100,1,1,0,0,
2023-24,2023,2023-24,32071,张涛,1003320453,20005,200267,,2,1003320817,大连理工大学,1,Zhang Tao,11,PF,1091,18.2,200050010588,1,2024-05-06,1,0,46.62,1.43,87.04,0.233663,69.44,0.473934,0,0,93.52,0.105932,0.032905,77.78,0,0,0.1,79.63,0.1875,87.96,0,0,0,,
2023-24,2023,2023-24,32071,张涛,1003320453,20005,200267,,2,1003320540,山东科技大学,1,Zhang Tao,11,PF,1328,22.1,200050010601,1,2024-05-08,1,0,89.35,8.29,98.15,0.292398,87.96,0.538462,93.52,0.25,97.22,0.071429,0.049116,98.15,0,0,0.058824,45.37,0.321429,100,1,1,0,0,
2023-24,2023,2023-24,32071,张涛,1003320453,20005,200267,,2,1003320452,北京师范大学,1,Zhang Tao,11,PF,3272,54.5,200050010608,1,2024-05-09,1,0,8.79,-3.1,33.33,0.146245,40.74,0.386598,86.11,0.222222,1.85,0.563063,0,0,0,0,0.136364,95.37,0.214286,94.44,4,2,2,0.5,
2023-24,2023,2023-24,32071,张涛,1003320453,20005,200267,,2,1003320449,北京大学,1,Zhang Tao,11,PF,4528,75.5,200050010614,1,2024-05-10,1,0,91.85,9.18,86.11,0.22845,98.15,0.597015,97.22,0.272727,12.96,0.309278,0.013453,24.07,0,0,0.083333,67.59,0.153846,67.59,10,4,6,0.6,
2023-24,2023,2023-24,32071,张涛,1003320453,20005,200267,,2,1003320435,中国矿业大学,1,Zhang Tao,11,PF,1672,27.9,200050010622,1,2024-06-06,1,0,42.62,1,86.11,0.224796,98.15,0.625,96.3,0.266667,3.7,0.454545,0.020794,45.37,0,0,0.157895,99.07,0.108108,33.33,5,0,5,1,
2023-24,2023,2023-24,32071,张涛,1003320453,20005,200267,,2,1003320653,山西财经大学,1,Zhang Tao,11,PF,600,10,200050010636,1,2024-06-07,1,0,75.56,5.12,94.44,0.26087,98.15,0.666667,98.15,0.3,100,0,0.053996,100,0,0,0.142857,97.22,0.307692,100,0,0,0,,
2023-24,2023,2023-24,32071,张涛,1003320453,20005,200267,,2,1003320442,华中科技大学,1,Zhang Tao,11,PF,2265,37.8,200050010651,1,2024-06-08,1,0,98.05,13.33,45.37,0.164701,100,0.71885,100,0.333333,79.63,0.137741,0.046282,95.37,0.028571,84.26,0.130435,95.37,0.1875,87.96,4,2,2,0.5,
2023-24,2023,2023-24,32071,张涛,1003320453,20005,200267,,2,1003320493,西安交通大学,1,Zhang Tao,11,PF,1440,24,200050010656,1,2024-06-09,1,0,77.2,5.36,70.37,0.202406,85.19,0.533175,100,0.388889,22.22,0.262238,0.023916,55.56,0,0,0.076923,61.11,0.307692,100,0,0,0,,
2023-24,2023,2023-24,32071,张涛,1003320453,20005,200267,,2,1000120193,中南大学,1,Zhang Tao,11,PF,931,15.5,200050010666,1,2024-06-11,1,0,46.71,1.45,98.15,0.289562,70.37,0.478142,100,0.727273,16.67,0.290698,0,0,0,0,0.2,100,0.071429,13.89,3,2,1,0.333333,
2023-24,2023,2023-24,32071,张涛,1003320453,20005,200267,,2,1003320452,北京师范大学,2,Zhang Tao,11,PF,4636,77.3,200050010668,1,2024-06-29,1,0,94.64,10.54,89.81,0.246479,50,0.426829,100,0.4,20.37,0.267857,0.029615,69.44,0,0,0.148936,98.15,0.351351,100,12,10,2,0.166667,
2023-24,2023,2023-24,32071,张涛,1003320453,20005,200267,,2,1003320442,华中科技大学,1,Zhang Tao,11,PF,1654,27.6,200050010670,1,2024-06-30,1,0,76.23,5.21,58.33,0.18286,71.3,0.480769,76.85,0.181818,34.26,0.223881,0.03688,87.04,0,0,0.135135,95.37,0.323529,100,2,2,0,0,
2022-23,2022,2022-23,32071,张涛,1003320453,20005,200069,,2,1003320452,北京师范大学,2,Zhang Tao,11,PF,2051,34.2,200050010394,1,2023-05-31,1,0,80.97,6.16,66.67,0.226482,28.57,0.375289,100,0.5,90.48,0.147638,0.051099,85.71,0.029412,80.95,0.214286,100,0.16,80.95,5,3,2,0.4,
2024-25,2024,2024-25,32074,王思文,1003320453,20005,200406,,2,1003320449,北京大学,1,Wang Siwen,13,SF,134,2.2,200050010693,0,2024-11-02,1,0,,-0.95,,0.238095,,0,,0,,1,0,,0,,0,,0,,0,0,0,,
2024-25,2024,2024-25,32074,王思文,1003320453,20005,200406,,2,1003320817,大连理工大学,1,Wang Siwen,13,SF,995,16.6,200050010787,0,2025-03-12,1,0,98.47,14.88,82.31,0.250684,100,1.1,55.1,0.176471,93.88,0.090909,0.064079,98.64,0,0,0,0,0,0,0,0,0,,
2024-25,2024,2024-25,32074,王思文,1003320453,20005,200406,,2,1003320661,天津财经大学,1,Wang Siwen,13,SF,724,12.1,200050010792,1,2025-03-13,1,0,69.58,4.63,44.22,0.183824,95.92,0.6,80.95,0.25,60.54,0.166667,0.075153,100,0,0,0,0,0.076923,38.1,0,0,0,,
2024-25,2024,2024-25,32074,王思文,1003320453,20005,200406,,2,2010422340,哈尔滨体育学院,1,Wang Siwen,13,SF,653,10.9,200050010798,0,2025-03-15,1,0,55.91,2.79,8.84,0.125,78.91,0.5,12.24,0.090909,8.16,0.333333,0.111982,100,0,0,0.2,100,0,0,0,0,0,,
2024-25,2024,2024-25,32074,王思文,1003320453,20005,200406,,2,1003320545,中国海洋大学,1,Wang Siwen,13,SF,808,13.5,200050010806,0,2025-03-16,1,0,50.27,2.07,59.86,0.206483,14.29,0.290698,68.03,0.2,100,0,0.041869,84.35,0,0,0.153846,99.32,0.076923,38.1,0,0,0,,
2024-25,2024,2024-25,32074,王思文,1003320453,20005,200406,,2,2010422337,山东理工大学,1,Wang Siwen,13,SF,722,12,200050010813,0,2025-03-17,1,0,48.69,1.91,63.95,0.215252,28.57,0.357143,12.24,0.090909,100,0,0.04347,87.07,0,0,0.058824,68.03,0,0,0,0,0,,
2024-25,2024,2024-25,32074,王思文,1003320453,20005,200406,,2,1003320452,北京师范大学,2,Wang Siwen,13,SF,383,6.4,200050010821,0,2025-03-18,1,0,,-1.1,,0.159744,,0,,0,,0,0,,0,,0,,0,,0,0,0,,
2024-25,2024,2024-25,32074,王思文,1003320453,20005,200406,,2,2010422544,华中科技大学,1,Wang Siwen,13,SF,387,6.5,200050010932,0,2025-05-30,1,0,,-0.29,,0.218023,,0.5,,0,,0.333333,0,,0,,0.142857,,0.2,,0,0,0,,
2024-25,2024,2024-25,32074,王思文,1003320453,20005,200406,,2,2010422410,西安交通大学,1,Wang Siwen,13,SF,214,3.6,200050010945,0,2025-05-31,1,0,,-0.67,,0.225225,,0,,1,,0,0,,0,,0,,0,,0,0,0,,
2024-25,2024,2024-25,32074,王思文,1003320453,20005,200406,,2,1000120193,中南大学,1,Wang Siwen,13,SF,698,11.6,200050010973,0,2025-06-04,1,0,16.25,-1.44,46.94,0.188206,3.4,0.2,34.69,0.142857,60.54,0.166667,0,0,0,0,0.052632,58.5,0.111111,67.35,0,0,0,,
2023-24,2023,2023-24,32074,王思文,1003320453,20005,200267,,2,1003320454,中国人民大学,1,Wang Siwen,13,SG,2258,37.6,200050010421,1,2024-01-22,1,0,97.98,13.2,34.48,0.183824,78.45,0.5,46.55,0.214286,38.79,0.25,0.136379,100,0,0,0.052632,65.52,0.333333,100,0,0,0,,
2023-24,2023,2023-24,32074,王思文,1003320453,20005,200267,,2,1003320452,北京师范大学,1,Wang Siwen,13,SG,3236,53.9,200050010423,1,2024-01-23,1,0,86.45,7.42,27.59,0.175217,10.34,0.290698,0,0,45.69,0.225225,0.092958,100,0.035714,98.28,0.052632,65.52,0.04,5.17,4,4,0,0,
2023-24,2023,2023-24,32074,王思文,1003320453,20005,200267,,2,1003320539,山东大学,1,Wang Siwen,13,SG,1164,19.4,200050010570,1,2024-05-03,1,0,96.21,11.72,73.28,0.230928,100,0.874126,1.72,0.052632,77.59,0.14881,0.069136,100,0,0,0.111111,95.69,0.117647,75,0,0,0,,
2023-24,2023,2023-24,32074,王思文,1003320453,20005,200267,,2,1003320821,中国民航大学,1,Wang Siwen,13,SG,1341,22.4,200050010576,1,2024-05-05,1,0,89.38,8.3,64.66,0.219573,99.14,0.642857,1.72,0.052632,100,0,0.024129,50,0,0,0.181818,100,0,0,0,0,0,,
2023-24,2023,2023-24,32074,王思文,1003320453,20005,200267,,2,1003320817,大连理工大学,1,Wang Siwen,13,SG,1370,22.8,200050010588,1,2024-05-06,1,0,83.94,6.79,0.86,0.099206,100,0.8,0,0,100,0,0.05278,96.55,0,0,0.083333,87.93,0.045455,9.48,0,0,0,,
2023-24,2023,2023-24,32074,王思文,1003320453,20005,200267,,2,1003320540,山东科技大学,1,Wang Siwen,13,SG,1210,20.2,200050010601,1,2024-05-08,1,0,55.03,2.37,18.97,0.167144,95.69,0.6,0,0,23.28,0.285714,0.054259,96.55,0,0,0.066667,78.45,0,0,0,0,0,,
2023-24,2023,2023-24,32074,王思文,1003320453,20005,200267,,2,1003320452,北京师范大学,1,Wang Siwen,13,SG,1896,31.6,200050010608,1,2024-05-09,1,0,13.89,-2.14,86.21,0.263221,12.07,0.295858,0,0,43.97,0.228311,0.034188,75.86,0,0,0,0,0.058824,17.24,2,0,2,1,
2023-24,2023,2023-24,32074,王思文,1003320453,20005,200267,,2,1003320449,北京大学,1,Wang Siwen,13,SG,1364,22.7,200050010614,1,2024-05-10,1,0,29.3,-0.32,0,0.07764,0,0,0,0,1.72,0.5,0.042293,87.93,0,0,0,0,0,0,0,0,0,,
2023-24,2023,2023-24,32074,王思文,1003320453,20005,200267,,2,1003320435,中国矿业大学,1,Wang Siwen,13,SG,1664,27.7,200050010622,1,2024-06-06,1,0,74.3,4.91,72.41,0.228883,92.24,0.562701,2.59,0.076923,99.14,0.074405,0,0,0.025641,95.69,0.142857,98.28,0.027778,1.72,4,3,1,0.25,
2023-24,2023,2023-24,32074,王思文,1003320453,20005,200267,,2,1003320653,山西财经大学,1,Wang Siwen,13,SG,1200,20,200050010636,1,2024-06-07,1,0,91.28,8.96,39.66,0.190476,100,0.6875,37.07,0.1875,100,0,0.060024,97.41,0,0,0.055556,69.83,0.095238,57.76,0,0,0,,
2023-24,2023,2023-24,32074,王思文,1003320453,20005,200267,,2,1003320442,华中科技大学,1,Wang Siwen,13,SG,743,12.4,200050010651,1,2024-06-08,1,0,44.28,1.19,0,0.070922,0,0,99.14,0.5,100,0,0.0408,85.34,0,0,0,0,0,0,2,0,2,1,
2023-24,2023,2023-24,32074,王思文,1003320453,20005,200267,,2,1003320493,西安交通大学,1,Wang Siwen,13,SG,1721,28.7,200050010656,1,2024-06-09,1,0,95.45,11.17,90.52,0.280952,100,0.688559,2.59,0.058824,100,0,0.020545,31.9,0,0,0.151515,99.14,0,0,0,0,0,,
2023-24,2023,2023-24,32074,王思文,1003320453,20005,200267,,2,1000120193,中南大学,1,Wang Siwen,13,SG,1168,19.5,200050010666,1,2024-06-11,1,0,48.28,1.65,0.86,0.099305,99.14,0.666667,19.83,0.142857,38.79,0.25,0,0,0,0,0.142857,98.28,0.05,12.07,0,0,0,,
2023-24,2023,2023-24,32074,王思文,1003320453,20005,200267,,2,1003320452,北京师范大学,2,Wang Siwen,13,SG,924,15.4,200050010668,1,2024-06-29,1,0,23.27,-0.92,0,0.053305,0,0,85.34,0.333333,100,0,0,0,0,0,0,0,0,0,0,0,0,,
2023-24,2023,2023-24,32074,王思文,1003320453,20005,200267,,2,1003320442,华中科技大学,1,Wang Siwen,13,SG,878,14.6,200050010670,1,2024-06-30,1,0,57.6,2.68,79.31,0.24195,14.66,0.315126,19.83,0.142857,93.97,0.095057,0.100334,100,0,0,0.090909,89.66,0.045455,9.48,0,0,0,,
2022-23,2022,2022-23,32074,王思文,1003320453,20005,200069,,2,1003320452,北京师范大学,2,Wang Siwen,13,SG,2004,33.4,200050010394,1,2023-05-31,1,0,22.76,-0.43,5.26,0.163371,0,0.16835,21.05,0.157895,84.21,0.144092,0.032608,68.42,0.027027,78.95,0.054545,68.42,0.041667,15.79,6,1,5,0.833333,
CUBAL一级联赛,2024,2024-25,88706,孙楷文,1003320453,20005,200406,,2,2010421729,北京体育大学,1,Sun Kaiwen,15,C,1341,22.4,200050010676,0,2024-10-20,1,0,60.7,3.42,98.61,0.30823,84.72,0.571237,52.08,0.111111,95.14,0.062972,0,0,0.038462,78.47,0,0,0.034483,0.69,0,0,0,,
CUBAL一级联赛,2024,2024-25,88706,孙楷文,1003320453,20005,200406,,2,2010421733,北京工业大学,1,Sun Kaiwen,15,C,1309,21.8,200050010679,0,2024-10-23,1,0,88.16,8.26,96.53,0.272853,100,0.761421,0,0,100,0,0,0,0.055556,90.28,0,0,0.125,40.97,4,2,2,0.5,
CUBAL一级联赛,2024,2024-25,88706,孙楷文,1003320453,20005,200406,,2,1003320454,中国人民大学,1,Sun Kaiwen,15,C,1361,22.7,200050010683,0,2024-10-26,1,0,83.62,7.2,63.19,0.185867,90.28,0.599042,14.58,0.047619,100,0,0.021967,65.28,0.05,90.28,0.1,63.89,0.238095,96.53,0,0,0,,
CUBAL一级联赛,2024,2024-25,88706,孙楷文,1003320453,20005,200406,,2,1003320451,北京科技大学,1,Sun Kaiwen,15,C,1409,23.5,200050010686,0,2024-10-27,1,0,76.44,5.77,100,0.338157,91.67,0.602792,50,0.1,81.25,0.112613,0.025153,72.92,0.05,90.28,0.190476,98.61,0.111111,31.94,0,0,0,,
CUBAL一级联赛,2024,2024-25,88706,孙楷文,1003320453,20005,200406,,2,1003320452,北京师范大学,2,Sun Kaiwen,15,C,239,4,200050010689,0,2024-10-30,1,0,,-0.93,,0.196078,,0,,0,,0,0,,0,,0.166667,,0,,0,0,0,,
CUBAL一级联赛,2024,2024-25,88706,孙楷文,1003320453,20005,200406,,2,1003320449,北京大学,1,Sun Kaiwen,15,C,1416,23.6,200050010693,0,2024-11-02,1,0,30.91,0.18,25.69,0.138177,50.69,0.443787,0,0,76.39,0.128866,0.021947,65.28,0,0,0,0,0.117647,36.11,0,0,0,,
CUBAL一级联赛,2024,2024-25,88706,孙楷文,1003320453,20005,200406,,2,1003320817,大连理工大学,1,Sun Kaiwen,15,C,1084,18.1,200050010787,0,2025-03-12,1,0,68.41,4.45,88.19,0.238777,96.53,0.666667,17.36,0.058824,87.5,0.1,0,0,0.052632,90.28,0,0,0.3,100,0,0,0,,
CUBAL一级联赛,2024,2024-25,88706,孙楷文,1003320453,20005,200406,,2,1003320661,天津财经大学,1,Sun Kaiwen,15,C,1318,22,200050010792,0,2025-03-13,1,0,71.2,4.83,73.61,0.200658,97.92,0.684932,64.58,0.125,86.11,0.102459,0,0,0.04,78.47,0.05,19.44,0.208333,90.28,0,0,0,,
CUBAL一级联赛,2024,2024-25,88706,孙楷文,1003320453,20005,200406,,2,2010422340,哈尔滨体育学院,1,Sun Kaiwen,15,C,1388,23.1,200050010798,0,2025-03-15,1,0,90.88,9.21,50.69,0.163666,97.92,0.6875,80.56,0.176471,100,0,0.051921,99.31,0.058824,91.67,0,0,0.238095,96.53,0,0,0,,
CUBAL一级联赛,2024,2024-25,88706,孙楷文,1003320453,20005,200406,,2,1003320545,中国海洋大学,1,Sun Kaiwen,15,C,513,8.6,200050010806,0,2025-03-16,1,0,,2.21,,0.145749,,1.06383,,0.25,,0.347222,0,,0,,0,,0.333333,,0,0,0,,
CUBAL一级联赛,2024,2024-25,88706,孙楷文,1003320453,20005,200406,,2,2010422337,山东理工大学,1,Sun Kaiwen,15,C,510,8.5,200050010813,0,2025-03-17,1,0,,5.56,,0.273021,,0.887574,,0,,0,0,,0,,0.1875,,0.111111,,0,0,0,,
CUBAL一级联赛,2024,2024-25,88706,孙楷文,1003320453,20005,200406,,2,1003320452,北京师范大学,2,Sun Kaiwen,15,C,544,9.1,200050010821,0,2025-03-18,1,0,,-0.84,,0.148515,,0.333333,,0,,0,0,,0,,0.076923,,0.125,,1,0,1,1,
CUBAL一级联赛,2024,2024-25,88706,孙楷文,1003320453,20005,200406,,2,2010422544,华中科技大学,1,Sun Kaiwen,15,C,969,16.2,200050010932,0,2025-05-30,1,0,6.6,-3.22,13.89,0.103842,0,0,77.08,0.166667,1.39,0.5,0,0,0,0,0.05,19.44,0.1,24.31,2,2,0,0,
CUBAL一级联赛,2024,2024-25,88706,孙楷文,1003320453,20005,200406,,2,2010422410,西安交通大学,1,Sun Kaiwen,15,C,1094,18.2,200050010945,0,2025-05-31,1,0,43.32,1.42,78.47,0.222594,58.33,0.466805,0,0,88.89,0.093985,0,0,0.052632,90.28,0.076923,43.75,0.086957,14.58,5,3,2,0.4,
CUBAL一级联赛,2024,2024-25,88706,孙楷文,1003320453,20005,200406,,2,1000120193,中南大学,1,Sun Kaiwen,15,C,579,9.7,200050010973,0,2025-06-04,1,0,,2.27,,0.268254,,0.840336,,0,,0.295858,0,,0,,0.181818,,0.25,,2,2,0,0,
CUBAL一级联赛,2024,2024-25,88706,孙楷文,1003320453,20005,200406,,2,1003320780,上海交通大学,1,Sun Kaiwen,15,C,136,2.3,200050010975,0,2025-06-05,1,0,,-0.79,,0.2,,0,,0,,1,0,,0.333333,,0,,0.5,,2,1,1,0.5,
CUBAL一级联赛,2024,2024-25,88706,孙楷文,1003320453,20005,200406,,2,1003320449,北京大学,2,Sun Kaiwen,15,C,169,2.8,200050010977,0,2025-06-06,1,0,,-0.28,,0.2,,0,,0,,0,0,,0,,0,,0.2,,0,0,0,,
2024-25,2024,2024-25,32067,高梓悦,1003320453,20005,200406,,2,2010421733,北京工业大学,1,Gao Ziyue,16,C,1091,18.2,200050010679,1,2024-10-23,1,0,87.56,8.13,98.61,0.285477,100,0.744514,0,0,93.75,0.072674,0.031374,83.33,0,0,0.130435,84.03,0.2,89.58,0,0,0,,
2024-25,2024,2024-25,32067,高梓悦,1003320453,20005,200406,,2,1003320454,中国人民大学,1,Gao Ziyue,16,C,1276,21.3,200050010683,1,2024-10-26,1,0,86.2,7.79,90.28,0.24911,92.36,0.615385,51.39,0.105263,93.75,0.071429,0.023209,66.67,0,0,0.181818,97.92,0.304348,100,0,0,0,,
2024-25,2024,2024-25,32067,高梓悦,1003320453,20005,200406,,2,1003320451,北京科技大学,1,Gao Ziyue,16,C,991,16.5,200050010686,1,2024-10-27,1,0,89.37,8.63,89.58,0.240848,97.92,0.7,27.08,0.071429,100,0,0.029339,81.94,0.105263,100,0,0,0.192308,86.81,0,0,0,,
2024-25,2024,2024-25,32067,高梓悦,1003320453,20005,200406,,2,1003320452,北京师范大学,2,Gao Ziyue,16,C,1792,29.9,200050010689,1,2024-10-30,1,0,61.49,3.52,77.08,0.215176,95.14,0.655738,81.94,0.181818,45.14,0.197368,0.018587,52.08,0,0,0.033333,7.64,0.038462,0.69,0,0,0,,
2024-25,2024,2024-25,32067,高梓悦,1003320453,20005,200406,,2,1003320449,北京大学,1,Gao Ziyue,16,C,1615,26.9,200050010693,1,2024-11-02,1,0,93.01,10.14,90.28,0.246164,97.92,0.690407,34.72,0.083333,95.14,0.067751,0.035483,89.58,0,0,0.041667,13.89,0.25,97.22,0,0,0,,
2024-25,2024,2024-25,32067,高梓悦,1003320453,20005,200406,,2,1003320817,大连理工大学,1,Gao Ziyue,16,C,552,9.2,200050010787,1,2025-03-12,1,0,,5.24,,0.164642,,0.773196,,0.3,,0.204918,0.046959,,0.111111,,0.142857,,0.153846,,0,0,0,,
2024-25,2024,2024-25,32067,高梓悦,1003320453,20005,200406,,2,1003320661,天津财经大学,1,Gao Ziyue,16,C,740,12.3,200050010792,0,2025-03-13,1,0,63.07,3.71,81.25,0.226002,77.78,0.537634,0,0,100,0,0.035562,90.28,0.111111,100,0,0,0.058824,2.78,0,0,0,,
2024-25,2024,2024-25,32067,高梓悦,1003320453,20005,200406,,2,2010422340,哈尔滨体育学院,1,Gao Ziyue,16,C,600,10,200050010798,1,2025-03-15,1,0,83.96,7.26,81.94,0.227401,97.92,0.698758,34.72,0.083333,100,0,0.095557,100,0.1,100,0.1,63.89,0.222222,95.83,0,0,0,,
2024-25,2024,2024-25,32067,高梓悦,1003320453,20005,200406,,2,1003320545,中国海洋大学,1,Gao Ziyue,16,C,1018,17,200050010806,1,2025-03-16,1,0,91.88,9.58,98.61,0.297872,99.31,0.714286,77.08,0.166667,100,0,0.028098,79.86,0,0,0.2,98.61,0.263158,100,0,0,0,,
2024-25,2024,2024-25,32067,高梓悦,1003320453,20005,200406,,2,2010422337,山东理工大学,1,Gao Ziyue,16,C,1310,21.8,200050010813,1,2025-03-17,1,0,26.62,-0.25,93.06,0.260811,65.28,0.480769,15.97,0.05,19.44,0.259067,0,0,0.068966,93.75,0.086957,54.17,0.148148,57.64,0,0,0,,
2024-25,2024,2024-25,32067,高梓悦,1003320453,20005,200406,,2,1003320452,北京师范大学,2,Gao Ziyue,16,C,2554,42.6,200050010821,1,2025-03-18,1,0,51.22,2.21,95.14,0.266372,38.19,0.399645,0,0,65.97,0.15083,0.04294,97.92,0,0,0.148148,90.28,0.175,77.08,8,6,2,0.25,
2024-25,2024,2024-25,32067,高梓悦,1003320453,20005,200406,,2,2010422544,华中科技大学,1,Gao Ziyue,16,C,1654,27.6,200050010932,1,2025-05-30,1,0,89.18,8.55,77.78,0.217828,95.83,0.659938,72.92,0.153846,93.75,0.072046,0.03879,95.14,0,0,0.107143,71.53,0.064516,4.17,6,4,2,0.333333,
2024-25,2024,2024-25,32067,高梓悦,1003320453,20005,200406,,2,2010422410,西安交通大学,1,Gao Ziyue,16,C,1303,21.7,200050010945,1,2025-05-31,1,0,93.04,10.15,93.06,0.259925,100,0.735294,30.56,0.076923,34.72,0.216138,0.095602,100,0.045455,85.42,0.15,90.97,0.25,97.22,5,1,4,0.8,
2024-25,2024,2024-25,32067,高梓悦,1003320453,20005,200406,,2,1000120193,中南大学,1,Gao Ziyue,16,C,1398,23.3,200050010973,1,2025-06-04,1,0,91.54,9.41,84.03,0.230644,99.31,0.706714,64.58,0.125,100,0,0.049689,99.31,0,0,0.052632,21.53,0.105263,26.39,2,0,2,1,
2024-25,2024,2024-25,32067,高梓悦,1003320453,20005,200406,,2,1003320780,上海交通大学,1,Gao Ziyue,16,C,1959,32.7,200050010975,1,2025-06-05,1,0,85.32,7.61,75.69,0.206782,99.31,0.720461,17.36,0.058824,95.14,0.067204,0,0,0,0,0.133333,84.03,0.151515,59.72,5,1,4,0.8,
2024-25,2024,2024-25,32067,高梓悦,1003320453,20005,200406,,2,1003320449,北京大学,2,Gao Ziyue,16,C,1849,30.8,200050010977,1,2025-06-06,1,0,78.3,6.06,59.03,0.179679,48.61,0.437063,77.08,0.166667,67.36,0.14881,0.032034,84.03,0.071429,94.44,0.027778,4.86,0.232558,96.53,10,5,5,0.5,
2023-24,2023,2023-24,32067,高梓悦,1003320453,20005,200267,,2,1003320454,中国人民大学,1,Gao Ziyue,16,C,2240,37.3,200050010421,0,2024-01-22,1,0,39.3,0.66,90.6,0.243728,31.62,0.404858,0,0,94.02,0.091912,0,0,0,0,0.125,92.31,0.272727,99.15,4,4,0,0,
2023-24,2023,2023-24,32067,高梓悦,1003320453,20005,200267,,2,1003320452,北京师范大学,1,Gao Ziyue,16,C,1414,23.6,200050010423,0,2024-01-23,1,0,66.7,3.84,33.33,0.156704,4.27,0.257732,76.92,0.142857,100,0,0.042753,94.87,0.076923,96.58,0.2,99.15,0.111111,26.5,4,4,0,0,
2023-24,2023,2023-24,32067,高梓悦,1003320453,20005,200267,,2,2010421733,北京工业大学,1,Gao Ziyue,16,C,1831,30.5,200050010428,1,2024-01-24,1,0,88.59,7.94,92.31,0.247797,64.1,0.5,50.43,0.105263,100,0,0.034987,88.89,0,0,0.151515,95.73,0.171429,69.23,2,2,0,0,
2023-24,2023,2023-24,32067,高梓悦,1003320453,20005,200267,,2,1003320451,北京科技大学,1,Gao Ziyue,16,C,2440,40.7,200050010429,0,2024-01-25,1,0,49.19,1.74,73.5,0.204545,23.93,0.375,23.08,0.071429,88.03,0.111111,0,0,0,0,0.095238,64.96,0.315789,100,0,0,0,,
2023-24,2023,2023-24,32067,高梓悦,1003320453,20005,200267,,2,1003320449,北京大学,1,Gao Ziyue,16,C,2142,35.7,200050010432,0,2024-01-26,1,0,10.62,-2.72,70.94,0.198789,2.56,0.170068,58.12,0.111111,23.93,0.253807,0.032119,87.18,0.05,88.03,0.095238,64.96,0.208333,92.31,12,10,2,0.166667,
2023-24,2023,2023-24,32067,高梓悦,1003320453,20005,200267,,2,1003320539,山东大学,1,Gao Ziyue,16,C,947,15.8,200050010570,0,2024-05-03,1,0,83.25,6.67,98.29,0.273577,94.02,0.589226,94.87,0.214286,97.44,0.07764,0.025984,74.36,0.0625,92.31,0.0625,37.61,0.142857,46.15,6,5,1,0.166667,
2023-24,2023,2023-24,32067,高梓悦,1003320453,20005,200267,,2,1003320821,中国民航大学,1,Gao Ziyue,16,C,1215,20.3,200050010576,0,2024-05-05,1,0,89.88,8.48,100,0.382098,64.96,0.502622,0,0,100,0,0.02337,66.67,0,0,0.428571,100,0.3,100,4,3,1,0.25,
2023-24,2023,2023-24,32067,高梓悦,1003320453,20005,200267,,2,1003320817,大连理工大学,1,Gao Ziyue,16,C,846,14.1,200050010588,0,2024-05-06,1,0,88.83,8.02,77.78,0.217331,100,0.870253,0,0,100,0,0.075956,100,0.1,99.15,0.166667,96.58,0.090909,11.97,0,0,0,,
2023-24,2023,2023-24,32067,高梓悦,1003320453,20005,200267,,2,1003320540,山东科技大学,1,Gao Ziyue,16,C,952,15.9,200050010601,0,2024-05-08,1,0,95.21,11.05,100,0.374181,99.15,0.6875,96.58,0.230769,100,0,0.034322,88.03,0,0,0.294118,100,0.2,90.6,4,4,0,0,
2023-24,2023,2023-24,32067,高梓悦,1003320453,20005,200267,,2,1003320452,北京师范大学,1,Gao Ziyue,16,C,2558,42.6,200050010608,0,2024-05-09,1,0,96.09,11.66,16.24,0.122549,64.1,0.5,58.12,0.111111,100,0,0.052383,99.15,0,0,0.133333,93.16,0.173913,70.09,6,4,2,0.333333,
2023-24,2023,2023-24,32067,高梓悦,1003320453,20005,200267,,2,1003320449,北京大学,1,Gao Ziyue,16,C,1998,33.3,200050010614,0,2024-05-10,1,0,55.12,2.38,46.15,0.172018,3.42,0.2,0,0,60.68,0.166667,0.032765,87.18,0.052632,88.89,0.176471,97.44,0.3125,100,14,10,4,0.285714,
2023-24,2023,2023-24,32067,高梓悦,1003320453,20005,200267,,2,1003320435,中国矿业大学,1,Gao Ziyue,16,C,853,14.2,200050010622,0,2024-06-06,1,0,28.94,-0.35,100,0.377574,17.09,0.357143,96.58,0.25,69.23,0.151515,0,0,0,0,0.214286,100,0.466667,100,3,2,1,0.333333,
2023-24,2023,2023-24,32067,高梓悦,1003320453,20005,200267,,2,1003320653,山西财经大学,1,Gao Ziyue,16,C,1387,23.1,200050010636,0,2024-06-07,1,0,57.65,2.69,99.15,0.321771,17.09,0.356218,0,0,87.18,0.114679,0.053779,99.15,0.222222,100,0.269231,100,0.125,35.04,4,4,0,0,
2023-24,2023,2023-24,32067,高梓悦,1003320453,20005,200267,,2,1003320442,华中科技大学,1,Gao Ziyue,16,C,1395,23.3,200050010651,0,2024-06-08,1,0,70.46,4.36,23.08,0.141813,95.73,0.607639,20.51,0.066667,23.08,0.257732,0.052854,99.15,0,0,0.166667,96.58,0.105263,22.22,3,0,3,1,
2023-24,2023,2023-24,32067,高梓悦,1003320453,20005,200267,,2,1003320493,西安交通大学,1,Gao Ziyue,16,C,981,16.4,200050010656,0,2024-06-09,1,0,79.44,5.86,73.5,0.205637,100,0.85034,0,0,23.93,0.253807,0.029998,85.47,0.052632,88.89,0.266667,100,0.318182,100,4,3,1,0.25,
2023-24,2023,2023-24,32067,高梓悦,1003320453,20005,200267,,2,1000120193,中南大学,1,Gao Ziyue,16,C,936,15.6,200050010666,0,2024-06-11,1,0,56.1,2.49,98.29,0.273063,10.26,0.317259,29.91,0.083333,88.03,0.112613,0.06343,100,0.0625,92.31,0,0,0.230769,95.73,3,2,1,0.333333,
2023-24,2023,2023-24,32067,高梓悦,1003320453,20005,200267,,2,1003320452,北京师范大学,2,Gao Ziyue,16,C,2436,40.6,200050010668,0,2024-06-29,1,0,20.58,-1.22,72.65,0.20256,6.84,0.307377,0,0,94.02,0.092937,0,0,0.066667,94.02,0.060606,35.9,0.190476,87.18,8,4,4,0.5,
2023-24,2023,2023-24,32067,高梓悦,1003320453,20005,200267,,2,1003320442,华中科技大学,1,Gao Ziyue,16,C,863,14.4,200050010670,0,2024-06-30,1,0,31.97,-0.07,22.22,0.138735,3.42,0.2,89.74,0.181818,100,0,0,0,0.076923,96.58,0.105263,72.65,0.157895,58.12,3,1,2,0.666667,
2022-23,2022,2022-23,32067,高梓悦,1003320453,20005,200069,,2,1003320452,北京师范大学,2,Gao Ziyue,16,C,828,13.8,200050010394,0,2023-05-31,1,0,75,4.97,78.95,0.199305,15.79,0.290698,52.63,0.142857,100,0,0.112233,100,0.071429,78.95,0.142857,100,0.25,100,3,1,2,0.666667,
2024-25,2024,2024-25,,,,,,,,,,,,,,,,,,,,,,,,,,,,,,,,,,,,,,,,,,,金耘可
2023-24,2023,2023-24,32073,金耘可,1003320453,20005,200267,,2,1003320451,北京科技大学,1,Jin Yunke,99,C,1408,23.5,200050010429,0,2024-01-25,1,0,6,-3.8,94.02,0.258348,3.42,0.204918,67.52,0.125,59.83,0.170068,0,0,0,0,0,0,0.125,35.04,0,0,0,,
2022-23,2022,2022-23,,,,,,,,,,,,,,,,,,,,,,,,,,,,,,,,,,,,,,,,,,,金耘可
2024-25,2024,2024-25,93035,李瑜婧,1003320453,20005,200406,,2,2010421729,北京体育大学,1,Li Yujing,21,SF,1096,18.3,200050010676,0,2024-10-20,1,0,62.28,3.61,0,0,0,0,5.44,0.066667,100,0,0.048882,91.84,0.043478,97.28,0,0,0.086957,48.3,0,0,0,,
2024-25,2024,2024-25,93035,李瑜婧,1003320453,20005,200406,,2,2010421733,北京工业大学,1,Li Yujing,21,SF,1088,18.1,200050010679,0,2024-10-23,1,0,79.19,6.23,19.05,0.149317,93.88,0.571429,15.65,0.1,100,0,0.05112,93.2,0,0,0.166667,100,0.142857,85.71,3,0,3,1,
2024-25,2024,2024-25,93035,李瑜婧,1003320453,20005,200406,,2,1003320454,中国人民大学,1,Li Yujing,21,SF,1058,17.6,200050010683,0,2024-10-26,1,0,37.68,0.87,94.56,0.287829,89.12,0.545455,4.76,0.058824,33.33,0.214286,0.028261,57.14,0,0,0.235294,100,0,0,0,0,0,,
2024-25,2024,2024-25,93035,李瑜婧,1003320453,20005,200406,,2,1003320451,北京科技大学,1,Li Yujing,21,SF,1272,21.2,200050010686,0,2024-10-27,1,0,41.36,1.23,5.44,0.107204,78.91,0.5,40.14,0.153846,40.82,0.2,0,0,0,0,0,0,0.16,90.48,0,0,0,,
2024-25,2024,2024-25,93035,李瑜婧,1003320453,20005,200406,,2,1003320452,北京师范大学,2,Li Yujing,21,SF,789,13.2,200050010689,0,2024-10-30,1,0,19.49,-1.08,4.08,0.100699,93.88,0.568182,80.95,0.25,0,0.694444,0,0,0,0,0.083333,80.27,0.066667,25.85,0,0,0,,
2024-25,2024,2024-25,93035,李瑜婧,1003320453,20005,200406,,2,1003320449,北京大学,1,Li Yujing,21,SF,487,8.1,200050010693,0,2024-11-02,1,0,,-0.15,,0.235067,,0.512295,,0,,0,0,,0,,0.153846,,0,,0,0,0,,
2024-25,2024,2024-25,93035,李瑜婧,1003320453,20005,200406,,2,1003320817,大连理工大学,1,Li Yujing,21,SF,523,8.7,200050010787,0,2025-03-12,1,0,,-1.38,,0.192678,,0.333333,,0,,0.25,0,,0,,0.111111,,0,,0,0,0,,
2024-25,2024,2024-25,93035,李瑜婧,1003320453,20005,200406,,2,1003320661,天津财经大学,1,Li Yujing,21,SF,436,7.3,200050010792,0,2025-03-13,1,0,,2,,0.319829,,0.5,,0.333333,,0,0,,0,,0,,0.111111,,0,0,0,,
2024-25,2024,2024-25,93035,李瑜婧,1003320453,20005,200406,,2,2010422340,哈尔滨体育学院,1,Li Yujing,21,SF,1306,21.8,200050010798,0,2025-03-15,1,0,56.02,2.82,82.31,0.250627,78.91,0.5,5.44,0.066667,94.56,0.083333,0,0,0,0,0.038462,35.37,0.095238,53.06,0,0,0,,
2024-25,2024,2024-25,93035,李瑜婧,1003320453,20005,200406,,2,1003320545,中国海洋大学,1,Li Yujing,21,SF,807,13.5,200050010806,0,2025-03-16,1,0,24.28,-0.49,11.56,0.13048,78.91,0.5,9.52,0.083333,0,0.6,0.036477,78.91,0,0,0.071429,75.51,0.214286,97.96,0,0,0,,
2024-25,2024,2024-25,93035,李瑜婧,1003320453,20005,200406,,2,2010422337,山东理工大学,1,Li Yujing,21,SF,910,15.2,200050010813,0,2025-03-17,1,0,49.58,1.99,0.68,0.067024,78.91,0.5,5.44,0.071429,8.16,0.333333,0.033798,74.15,0,0,0.074074,76.19,0.125,76.87,0,0,0,,
2024-25,2024,2024-25,93035,李瑜婧,1003320453,20005,200406,,2,1003320452,北京师范大学,2,Li Yujing,21,SF,460,7.7,200050010821,0,2025-03-18,1,0,,0.18,,0.125436,,0.797872,,0,,0.347222,0,,0,,0.166667,,0,,1,1,0,0,
2024-25,2024,2024-25,93035,李瑜婧,1003320453,20005,200406,,2,2010422544,华中科技大学,1,Li Yujing,21,SF,1693,28.2,200050010932,1,2025-05-30,1,0,12.16,-2.09,24.49,0.159926,3.4,0.201613,89.12,0.3,18.37,0.287356,0,0,0,0,0.037037,34.01,0.035714,4.08,2,2,0,0,
2024-25,2024,2024-25,93035,李瑜婧,1003320453,20005,200406,,2,2010422410,西安交通大学,1,Li Yujing,21,SF,1267,21.1,200050010945,1,2025-05-31,1,0,50.46,2.09,14.97,0.140675,100,0.7,9.52,0.083333,18.37,0.285714,0.022712,43.54,0,0,0.043478,44.22,0.033333,4.08,4,2,2,0.5,
2024-25,2024,2024-25,93035,李瑜婧,1003320453,20005,200406,,2,1000120193,中南大学,1,Li Yujing,21,SF,1411,23.5,200050010973,1,2025-06-04,1,0,70.91,4.78,0.68,0.074571,98.64,0.625,48.3,0.166667,100,0,0.022391,41.5,0,0,0.047619,51.02,0.055556,17.01,2,0,2,1,
2024-25,2024,2024-25,93035,李瑜婧,1003320453,20005,200406,,2,1003320780,上海交通大学,1,Li Yujing,21,SF,1081,18,200050010975,1,2025-06-05,1,0,12.2,-2.08,0,0.048685,0,0,0,0,0,0.5,0,0,0,0,0.055556,63.95,0.055556,17.01,3,3,0,0,
2024-25,2024,2024-25,93035,李瑜婧,1003320453,20005,200406,,2,1003320449,北京大学,2,Li Yujing,21,SF,908,15.1,200050010977,1,2025-06-06,1,0,13.44,-1.84,8.84,0.125881,8.16,0.25,48.3,0.166667,40.82,0.2,0,0,0,0,0.043478,44.22,0,0,5,3,2,0.4,
2023-24,2023,2023-24,93035,李瑜婧,1003320453,20005,200267,,2,1003320454,中国人民大学,1,Li Yujing,21,SF,1712,28.5,200050010421,0,2024-01-22,1,0,93.02,9.62,0,0.063172,90.16,0.531915,60.66,0.2,100,0,0.089606,100,0,0,0.166667,99.18,0.363636,100,6,2,4,0.666667,
2023-24,2023,2023-24,93035,李瑜婧,1003320453,20005,200267,,2,2010421733,北京工业大学,1,Li Yujing,21,SF,714,11.9,200050010428,0,2024-01-24,1,0,49.57,1.78,0,0.035868,0,0,47.54,0.166667,100,0,0.044267,90.16,0,0,0,0,0.214286,97.54,0,0,0,,
2023-24,2023,2023-24,93035,李瑜婧,1003320453,20005,200267,,2,1003320451,北京科技大学,1,Li Yujing,21,SF,2296,38.3,200050010429,0,2024-01-25,1,0,97.78,12.98,21.31,0.163221,81.97,0.5,12.3,0.083333,100,0,0.131062,100,0,0,0.0625,68.85,0,0,2,2,0,0,
2023-24,2023,2023-24,93035,李瑜婧,1003320453,20005,200267,,2,1003320539,山东大学,1,Li Yujing,21,SF,544,9.1,200050010570,0,2024-05-03,1,0,,1.44,,0.046642,,1,,0.083333,,0,0,,0,,0.125,,0,,0,0,0,,
2023-24,2023,2023-24,93035,李瑜婧,1003320453,20005,200267,,2,1003320821,中国民航大学,1,Li Yujing,21,SF,134,2.2,200050010576,0,2024-05-05,1,0,,0.84,,0.257732,,1,,0,,0,0,,0,,0,,0,,0,0,0,,
2023-24,2023,2023-24,93035,李瑜婧,1003320453,20005,200267,,2,1003320817,大连理工大学,1,Li Yujing,21,SF,386,6.4,200050010588,0,2024-05-06,1,0,,1.43,,0.083333,,0,,0,,0,0.102801,,0.166667,,0,,0,,0,0,0,,
2023-24,2023,2023-24,93035,李瑜婧,1003320453,20005,200267,,2,1003320540,山东科技大学,1,Li Yujing,21,SF,397,6.6,200050010601,0,2024-05-08,1,0,,-1.33,,0.111857,,0,,0,,0.5,0,,0,,0.111111,,0,,2,2,0,0,
2023-24,2023,2023-24,93035,李瑜婧,1003320453,20005,200267,,2,1003320452,北京师范大学,1,Li Yujing,21,SF,288,4.8,200050010608,0,2024-05-09,1,0,,0,,0,,0,,0,,0,0,,0,,0,,0,,2,0,2,1,
2023-24,2023,2023-24,93035,李瑜婧,1003320453,20005,200267,,2,1003320653,山西财经大学,1,Li Yujing,21,SF,600,10,200050010636,0,2024-06-07,1,0,30.11,-0.23,18.03,0.157895,17.21,0.333333,0,0,100,0,0,0,0,0,0.090909,90.16,0.25,100,0,0,0,,
2023-24,2023,2023-24,93035,李瑜婧,1003320453,20005,200267,,2,1003320493,西安交通大学,1,Li Yujing,21,SF,600,10,200050010656,0,2024-06-09,1,0,64.41,3.56,12.3,0.145773,100,0.666667,18.85,0.111111,22.13,0.25,0.115942,100,0,0,0.133333,98.36,0.076923,23.77,1,0,1,1,
2023-24,2023,2023-24,93035,李瑜婧,1003320453,20005,200267,,2,1000120193,中南大学,1,Li Yujing,21,SF,748,12.5,200050010666,0,2024-06-11,1,0,76.73,5.27,26.23,0.167857,100,0.664894,0,0,100,0,0.133215,100,0,0,0,0,0.071429,20.49,2,0,2,1,
2023-24,2023,2023-24,93035,李瑜婧,1003320453,20005,200267,,2,1003320442,华中科技大学,1,Li Yujing,21,SF,150,2.5,200050010670,0,2024-06-30,1,0,,0.84,,0.2,,1,,0,,0,0,,0,,0,,0,,0,0,0,,
2024-25,2024,2024-25,,,,,,,,,,,,,,,,,,,,,,,,,,,,,,,,,,,,,,,,,,,郑梓怡
2023-24,2023,2023-24,,,,,,,,,,,,,,,,,,,,,,,,,,,,,,,,,,,,,,,,,,,郑梓怡