_group,_seasonYear,_season,_stageName,得分,进攻篮板,防守篮板,篮板(总),助攻,抢断,盖帽,失误,个人犯规,投篮命中数,投篮出手数,投篮命中率,篮下命中数,篮下出手数,篮下命中率,中距离命中数,中距离出手数,中距离命中率,三分命中数,三分出手数,三分命中率,罚球命中数,罚球出手数,罚球命中率,playerId,date,主客场,胜负,opponentId,对手,leagueEventId,scheduleId,上场时间(分钟),上场时间(秒),_playerName
2024-25,2024,2024-25,全部,15,0,0,0,7,1,0,1,2,6,15,0.4,1,1,1,2,7,0.2857,3,7,0.4286,0,0,0,40730,2024-10-23,0,1,2010421733,北京工业大学,20005,200050010679,18.2,1094,李嘉琳
2024-25,2024,2024-25,全部,6,1,2,3,3,1,0,2,1,2,7,0.2857,0,0,0,0,0,0,2,7,0.2857,0,0,0,40730,2025-06-01,0,1,1003320435,中国矿业大学,20005,200050010954,25.8,1548,李嘉琳
2024-25,2024,2024-25,全部,17,0,3,3,4,1,0,2,0,6,9,0.6667,1,1,1,0,1,0,5,7,0.7143,0,0,0,40730,2025-06-02,0,1,2010422416,山西财经大学,20005,200050010962,27.5,1649,李嘉琳
2024-25,2024,2024-25,全部,12,3,3,6,8,3,0,2,1,5,9,0.5556,2,3,0.6667,1,2,0.5,2,4,0.5,0,0,0,40730,2024-10-20,1,1,2010421729,北京体育大学,20005,200050010676,24.9,1492,李嘉琳
2024-25,2024,2024-25,全部,9,1,1,2,5,1,2,1,1,3,10,0.3,0,0,0,2,3,0.6667,1,7,0.1429,2,2,1,40730,2024-10-26,1,1,1003320454,中国人民大学,20005,200050010683,26.1,1567,李嘉琳
2024-25,2024,2024-25,全部,12,2,3,5,7,3,0,2,4,4,9,0.4444,1,1,1,0,1,0,3,7,0.4286,1,2,0.5,40730,2024-10-27,0,1,1003320451,北京科技大学,20005,200050010686,22.7,1359,李嘉琳
2024-25,2024,2024-25,全部,0,2,0,2,1,0,0,2,1,0,4,0,0,0,0,0,3,0,0,1,0,0,0,0,40730,2024-10-30,1,2,1003320452,北京师范大学,20005,200050010689,13,778,李嘉琳
2024-25,2024,2024-25,全部,7,1,1,2,2,1,0,1,3,3,5,0.6,1,1,1,1,2,0.5,1,2,0.5,0,0,0,40730,2024-11-02,1,1,1003320449,北京大学,20005,200050010693,19.8,1188,李嘉琳
2024-25,2024,2024-25,全部,8,1,2,3,7,1,0,3,0,3,5,0.6,1,1,1,0,0,0,2,4,0.5,0,0,0,40730,2025-03-12,1,1,1003320817,大连理工大学,20005,200050010787,22.7,1359,李嘉琳
2024-25,2024,2024-25,全部,11,0,4,4,7,1,2,1,1,4,11,0.3636,1,2,0.5,0,1,0,3,8,0.375,0,0,0,40730,2025-03-13,0,1,1003320661,天津财经大学,20005,200050010792,19.5,1170,李嘉琳
2024-25,2024,2024-25,全部,15,0,3,3,3,0,0,0,1,5,11,0.4545,0,0,0,0,0,0,5,11,0.4545,0,0,0,40730,2025-03-15,1,1,2010422340,哈尔滨体育学院,20005,200050010798,17.4,1041,李嘉琳
2024-25,2024,2024-25,全部,8,1,1,2,3,2,0,2,0,3,9,0.3333,1,2,0.5,0,0,0,2,7,0.2857,0,0,0,40730,2025-03-16,0,1,1003320545,中国海洋大学,20005,200050010806,19.3,1158,李嘉琳
2024-25,2024,2024-25,全部,6,1,3,4,3,2,0,0,3,2,13,0.1538,0,0,0,0,1,0,2,12,0.1667,0,0,0,40730,2025-03-17,0,1,2010422337,山东理工大学,20005,200050010813,22.7,1364,李嘉琳
2024-25,2024,2024-25,全部,5,1,1,2,1,0,0,2,1,2,7,0.2857,0,0,0,1,1,1,1,6,0.1667,0,0,0,40730,2025-03-18,1,2,1003320452,北京师范大学,20005,200050010821,22.2,1334,李嘉琳
2024-25,2024,2024-25,全部,0,0,0,0,2,2,0,0,0,0,2,0,0,0,0,0,0,0,0,2,0,0,0,0,40730,2025-05-30,1,1,2010422544,华中科技大学,20005,200050010932,11.2,671,李嘉琳
2024-25,2024,2024-25,全部,8,0,1,1,4,0,0,0,1,3,9,0.3333,0,1,0,1,1,1,2,7,0.2857,0,0,0,40730,2025-05-31,0,1,2010422410,西安交通大学,20005,200050010945,19.5,1169,李嘉琳
2024-25,2024,2024-25,全部,5,3,0,3,1,0,0,2,0,2,9,0.2222,1,1,1,0,1,0,1,7,0.1429,0,0,0,40730,2025-06-04,0,1,1000120193,中南大学,20005,200050010973,16.4,981,李嘉琳
2024-25,2024,2024-25,全部,8,0,1,1,0,1,0,1,1,3,7,0.4286,1,1,1,0,1,0,2,5,0.4,0,0,0,40730,2025-06-05,1,1,1003320780,上海交通大学,20005,200050010975,17.3,1035,李嘉琳
2024-25,2024,2024-25,全部,8,2,1,3,1,0,0,0,3,3,12,0.25,1,4,0.25,1,2,0.5,1,6,0.1667,1,1,1,40730,2025-06-06,0,2,1003320449,北京大学,20005,200050010977,21.3,1275,李嘉琳
2023-24,2023,2023-24,全部,12,0,0,0,1,0,0,0,0,4,6,0.6667,0,0,0,0,1,0,4,5,0.8,0,0,0,40730,2024-01-22,0,1,1003320454,中国人民大学,20005,200050010421,9.9,596,李嘉琳
2023-24,2023,2023-24,全部,0,0,1,1,1,0,0,1,0,0,0,0,0,0,0,0,0,0,0,0,0,0,0,0,40730,2024-01-23,0,1,1003320452,北京师范大学,20005,200050010423,4,239,李嘉琳
2023-24,2023,2023-24,全部,3,0,3,3,6,3,0,1,1,1,9,0.1111,0,2,0,0,1,0,1,6,0.1667,0,0,0,40730,2024-01-24,1,1,2010421733,北京工业大学,20005,200050010428,30.5,1831,李嘉琳
2023-24,2023,2023-24,全部,12,0,0,0,3,1,0,0,0,4,6,0.6667,0,0,0,0,0,0,4,6,0.6667,0,0,0,40730,2024-01-25,1,1,1003320451,北京科技大学,20005,200050010429,18.8,1128,李嘉琳
2023-24,2023,2023-24,全部,3,1,0,1,1,0,0,0,0,1,1,1,0,0,0,0,0,0,1,1,1,0,0,0,40730,2024-01-26,1,1,1003320449,北京大学,20005,200050010432,2.8,165,李嘉琳
2023-24,2023,2023-24,全部,0,0,1,1,1,0,0,0,0,0,2,0,0,0,0,0,0,0,0,2,0,0,0,0,40730,2024-06-06,0,1,1003320435,中国矿业大学,20005,200050010622,4.9,292,李嘉琳
2023-24,2023,2023-24,全部,6,1,2,3,4,2,0,1,0,2,5,0.4,0,0,0,0,0,0,2,5,0.4,0,0,0,40730,2024-06-07,1,1,1003320653,山西财经大学,20005,200050010636,26,1559,李嘉琳
2023-24,2023,2023-24,全部,0,0,0,0,0,0,0,0,0,0,2,0,0,0,0,0,0,0,0,2,0,0,0,0,40730,2024-06-08,0,1,1003320442,华中科技大学,20005,200050010651,5.1,306,李嘉琳
2023-24,2023,2023-24,全部,11,0,2,2,0,0,0,0,0,4,8,0.5,0,0,0,1,1,1,3,7,0.4286,0,0,0,40730,2024-06-09,1,1,1003320493,西安交通大学,20005,200050010656,15.2,912,李嘉琳
2023-24,2023,2023-24,全部,9,0,1,1,0,0,1,1,0,4,5,0.8,0,0,0,3,4,0.75,1,1,1,0,0,0,40730,2024-06-11,1,1,1000120193,中南大学,20005,200050010666,13,780,李嘉琳
2023-24,2023,2023-24,全部,5,0,0,0,1,1,0,1,1,1,3,0.3333,0,0,0,0,1,0,1,2,0.5,2,2,1,40730,2024-06-30,0,1,1003320442,华中科技大学,20005,200050010670,12.7,762,李嘉琳
2024-25,2024,2024-25,全部,13,3,4,7,7,3,0,2,1,6,12,0.5,4,4,1,1,2,0.5,1,6,0.1667,0,0,0,32072,2024-10-23,0,1,2010421733,北京工业大学,20005,200050010679,29.8,1785,吴语桐
2024-25,2024,2024-25,全部,10,0,2,2,6,1,0,1,1,5,11,0.4545,4,6,0.6667,1,3,0.3333,0,2,0,0,0,0,32072,2024-10-20,1,1,2010421729,北京体育大学,20005,200050010676,19.2,1149,吴语桐
2024-25,2024,2024-25,全部,16,1,1,2,2,2,0,1,0,7,15,0.4667,2,5,0.4,3,4,0.75,2,6,0.3333,0,1,0,32072,2024-10-26,1,1,1003320454,中国人民大学,20005,200050010683,23.5,1411,吴语桐
2024-25,2024,2024-25,全部,11,3,2,5,5,0,0,1,3,3,6,0.5,3,4,0.75,0,1,0,0,1,0,5,7,0.7143,32072,2024-10-27,0,1,1003320451,北京科技大学,20005,200050010686,17.5,1050,吴语桐
2024-25,2024,2024-25,全部,10,0,2,2,4,1,0,2,1,4,14,0.2857,2,5,0.4,1,3,0.3333,1,6,0.1667,1,2,0.5,32072,2024-10-30,1,2,1003320452,北京师范大学,20005,200050010689,32.1,1927,吴语桐
2024-25,2024,2024-25,全部,4,2,3,5,3,1,0,5,1,2,7,0.2857,1,1,1,1,5,0.2,0,1,0,0,1,0,32072,2024-11-02,1,1,1003320449,北京大学,20005,200050010693,19.6,1175,吴语桐
2024-25,2024,2024-25,全部,8,2,1,3,2,0,0,2,0,3,9,0.3333,1,4,0.25,0,1,0,2,4,0.5,0,0,0,32072,2025-03-12,1,1,1003320817,大连理工大学,20005,200050010787,18.6,1114,吴语桐
2024-25,2024,2024-25,全部,14,2,0,2,1,1,0,0,2,5,8,0.625,4,6,0.6667,1,1,1,0,1,0,4,5,0.8,32072,2025-03-13,0,1,1003320661,天津财经大学,20005,200050010792,12.1,724,吴语桐
2024-25,2024,2024-25,全部,9,2,0,2,3,2,0,0,0,4,5,0.8,3,4,0.75,0,0,0,1,1,1,0,0,0,32072,2025-03-15,1,1,2010422340,哈尔滨体育学院,20005,200050010798,12.7,759,吴语桐
2024-25,2024,2024-25,全部,7,1,0,1,2,2,0,2,0,3,7,0.4286,2,2,1,0,1,0,1,4,0.25,0,0,0,32072,2025-03-16,0,1,1003320545,中国海洋大学,20005,200050010806,21.4,1282,吴语桐
2024-25,2024,2024-25,全部,10,1,1,2,3,0,0,2,0,5,9,0.5556,3,4,0.75,2,3,0.6667,0,2,0,0,0,0,32072,2025-03-17,0,1,2010422337,山东理工大学,20005,200050010813,15.4,923,吴语桐
2024-25,2024,2024-25,全部,19,1,2,3,2,0,0,3,1,6,13,0.4615,4,6,0.6667,0,2,0,2,5,0.4,5,8,0.625,32072,2025-03-18,1,2,1003320452,北京师范大学,20005,200050010821,36.1,2168,吴语桐
2024-25,2024,2024-25,全部,12,4,0,4,1,3,0,3,5,5,15,0.3333,5,9,0.5556,0,2,0,0,4,0,2,4,0.5,32072,2025-05-30,1,1,2010422544,华中科技大学,20005,200050010932,24.5,1467,吴语桐
2024-25,2024,2024-25,全部,11,0,2,2,1,1,0,0,0,5,10,0.5,5,7,0.7143,0,1,0,0,2,0,1,4,0.25,32072,2025-05-31,0,1,2010422410,西安交通大学,20005,200050010945,23.5,1407,吴语桐
2024-25,2024,2024-25,全部,16,1,1,2,2,0,0,2,1,7,9,0.7778,3,3,1,2,3,0.6667,2,3,0.6667,0,0,0,32072,2025-06-04,0,1,1000120193,中南大学,20005,200050010973,17.6,1058,吴语桐
2024-25,2024,2024-25,全部,14,0,2,2,2,2,0,2,1,6,12,0.5,3,3,1,2,3,0.6667,1,6,0.1667,1,1,1,32072,2025-06-05,1,1,1003320780,上海交通大学,20005,200050010975,32.7,1959,吴语桐
2024-25,2024,2024-25,全部,7,4,1,5,1,0,0,2,1,2,5,0.4,0,1,0,1,3,0.3333,1,1,1,2,5,0.4,32072,2025-06-06,0,2,1003320449,北京大学,20005,200050010977,20,1202,吴语桐
2023-24,2023,2023-24,全部,2,2,0,2,3,0,0,2,0,1,3,0.3333,1,2,0.5,0,1,0,0,0,0,0,0,0,32072,2024-01-22,0,1,1003320454,中国人民大学,20005,200050010421,11.2,670,吴语桐
2023-24,2023,2023-24,全部,17,0,2,2,2,2,0,0,1,7,11,0.6364,6,9,0.6667,1,2,0.5,0,0,0,3,4,0.75,32072,2024-01-23,0,1,1003320452,北京师范大学,20005,200050010423,22.4,1344,吴语桐
2023-24,2023,2023-24,全部,1,1,0,1,2,1,0,1,1,0,3,0,0,1,0,0,1,0,0,1,0,1,2,0.5,32072,2024-01-25,1,1,1003320451,北京科技大学,20005,200050010429,12.3,736,吴语桐
2023-24,2023,2023-24,全部,4,2,0,2,2,1,0,1,1,1,4,0.25,1,2,0.5,0,1,0,0,1,0,2,6,0.3333,32072,2024-01-26,1,1,1003320449,北京大学,20005,200050010432,10.4,624,吴语桐
2023-24,2023,2023-24,全部,11,0,0,0,6,3,0,2,2,4,7,0.5714,3,3,1,0,0,0,1,4,0.25,2,4,0.5,32072,2024-05-03,0,1,1003320539,山东大学,20005,200050010570,17.6,1055,吴语桐
2023-24,2023,2023-24,全部,2,3,1,4,1,1,0,2,1,1,5,0.2,0,0,0,1,3,0.3333,0,2,0,0,0,0,32072,2024-05-05,1,1,1003320821,中国民航大学,20005,200050010576,17.7,1059,吴语桐
2023-24,2023,2023-24,全部,10,0,1,1,4,0,0,1,1,5,10,0.5,4,6,0.6667,1,2,0.5,0,2,0,0,0,0,32072,2024-05-06,0,1,1003320817,大连理工大学,20005,200050010588,19.2,1149,吴语桐
2023-24,2023,2023-24,全部,7,1,0,1,4,1,0,1,1,3,6,0.5,3,4,0.75,0,1,0,0,1,0,1,2,0.5,32072,2024-05-08,1,1,1003320540,山东科技大学,20005,200050010601,19.8,1190,吴语桐
2023-24,2023,2023-24,全部,13,1,4,5,4,1,0,2,3,5,10,0.5,4,6,0.6667,1,3,0.3333,0,1,0,3,3,1,32072,2024-05-09,0,1,1003320452,北京师范大学,20005,200050010608,24.2,1452,吴语桐
2023-24,2023,2023-24,全部,8,0,3,3,1,2,0,2,1,3,5,0.6,1,1,1,1,2,0.5,1,2,0.5,1,4,0.25,32072,2024-05-10,1,1,1003320449,北京大学,20005,200050010614,16.5,987,吴语桐
2023-24,2023,2023-24,全部,3,1,0,1,1,0,0,1,0,1,2,0.5,1,2,0.5,0,0,0,0,0,0,1,2,0.5,32072,2024-06-06,0,1,1003320435,中国矿业大学,20005,200050010622,12.1,728,吴语桐
2023-24,2023,2023-24,全部,6,2,0,2,4,0,0,0,1,3,4,0.75,3,3,1,0,0,0,0,1,0,0,0,0,32072,2024-06-07,1,1,1003320653,山西财经大学,20005,200050010636,13.2,791,吴语桐
2023-24,2023,2023-24,全部,7,2,1,3,3,1,0,2,3,3,3,1,1,1,1,1,1,1,1,1,1,0,0,0,32072,2024-06-08,0,1,1003320442,华中科技大学,20005,200050010651,15.2,910,吴语桐
2023-24,2023,2023-24,全部,5,0,2,2,2,2,0,1,4,2,6,0.3333,2,3,0.6667,0,0,0,0,3,0,1,3,0.3333,32072,2024-06-09,1,1,1003320493,西安交通大学,20005,200050010656,21.6,1294,吴语桐
2023-24,2023,2023-24,全部,6,1,1,2,5,1,0,1,2,2,3,0.6667,2,3,0.6667,0,0,0,0,0,0,2,4,0.5,32072,2024-06-11,1,1,1000120193,中南大学,20005,200050010666,17,1017,吴语桐
2023-24,2023,2023-24,全部,4,4,1,5,8,2,0,3,1,1,4,0.25,0,1,0,1,1,1,0,2,0,2,4,0.5,32072,2024-06-29,0,2,1003320452,北京师范大学,20005,200050010668,23.3,1396,吴语桐
2023-24,2023,2023-24,全部,11,3,0,3,2,3,0,1,3,4,7,0.5714,3,5,0.6,1,1,1,0,1,0,3,4,0.75,32072,2024-06-30,0,1,1003320442,华中科技大学,20005,200050010670,19.9,1196,吴语桐
2022-23,2022,2022-23,全部,2,1,3,4,1,0,0,1,1,1,4,0.25,0,0,0,0,0,0,0,1,0,0,0,0,32072,2023-04-26,0,1,,,20005,200050010303,9.9,595,吴语桐
2022-23,2022,2022-23,全部,11,1,0,1,1,3,0,3,1,5,9,0.5556,0,0,0,0,0,0,1,3,0.3333,0,0,0,32072,2023-04-27,0,1,,,20005,200050010312,23,1381,吴语桐
2022-23,2022,2022-23,全部,20,3,0,3,0,3,0,1,0,8,14,0.5714,0,0,0,0,0,0,2,6,0.3333,2,2,1,32072,2023-04-28,1,1,,,20005,200050010314,20,1200,吴语桐
2022-23,2022,2022-23,全部,5,0,0,0,2,2,0,0,0,2,3,0.6667,0,0,0,0,0,0,0,1,0,1,1,1,32072,2023-04-29,0,1,,,20005,200050010325,12.7,762,吴语桐
2022-23,2022,2022-23,全部,15,0,1,1,4,0,0,0,1,6,8,0.75,0,0,0,0,0,0,3,4,0.75,0,1,0,32072,2023-05-01,0,1,,,20005,200050010333,39.5,2372,吴语桐
2022-23,2022,2022-23,全部,5,0,4,4,8,0,1,3,1,2,6,0.3333,0,0,0,0,0,0,1,4,0.25,0,0,0,32072,2023-05-02,0,1,,,20005,200050010339,23.3,1399,吴语桐
2022-23,2022,2022-23,全部,15,1,3,4,0,1,0,1,1,6,8,0.75,0,0,0,0,0,0,1,3,0.3333,2,2,1,32072,2023-05-27,0,1,,,20005,200050010365,20.7,1240,吴语桐
2022-23,2022,2022-23,全部,8,3,2,5,0,1,0,1,1,3,7,0.4286,0,0,0,0,0,0,2,3,0.6667,0,0,0,32072,2023-05-28,0,1,,,20005,200050010377,22.4,1344,吴语桐
2022-23,2022,2022-23,全部,3,2,5,7,1,0,0,0,2,1,8,0.125,0,0,0,0,0,0,1,7,0.1429,0,0,0,32072,2023-05-29,1,1,,,20005,200050010384,23,1380,吴语桐
2022-23,2022,2022-23,全部,4,0,0,0,0,1,0,0,1,2,5,0.4,2,2,1,0,2,0,0,1,0,0,0,0,32072,2023-05-31,0,2,1003320452,北京师范大学,20005,200050010394,8,480,吴语桐
2024-25,2024,2024-25,全部,5,3,4,7,5,4,0,1,1,2,8,0.25,0,0,0,1,4,0.25,1,4,0.25,0,0,0,32064,2024-10-23,0,1,2010421733,北京工业大学,20005,200050010679,23.4,1406,王小青
2024-25,2024,2024-25,全部,12,0,2,2,5,2,0,1,1,4,11,0.3636,3,3,1,0,0,0,1,8,0.125,3,6,0.5,32064,2025-06-01,0,1,1003320435,中国矿业大学,20005,200050010954,27.3,1636,王小青
2024-25,2024,2024-25,全部,2,0,0,0,1,0,0,0,1,1,2,0.5,1,1,1,0,0,0,0,1,0,0,0,0,32064,2025-06-02,0,1,2010422416,山西财经大学,20005,200050010962,5.3,315,王小青
2024-25,2024,2024-25,全部,12,2,3,5,4,0,0,2,0,4,8,0.5,0,3,0,0,0,0,4,5,0.8,0,0,0,32064,2024-10-20,1,1,2010421729,北京体育大学,20005,200050010676,21.9,1313,王小青
2024-25,2024,2024-25,全部,6,0,2,2,4,4,0,3,0,2,5,0.4,1,2,0.5,0,1,0,1,2,0.5,1,1,1,32064,2024-10-26,1,1,1003320454,中国人民大学,20005,200050010683,21.6,1294,王小青
2024-25,2024,2024-25,全部,16,0,5,5,7,1,0,2,1,6,12,0.5,3,6,0.5,0,1,0,3,5,0.6,1,1,1,32064,2024-10-27,0,1,1003320451,北京科技大学,20005,200050010686,26.6,1596,王小青
2024-25,2024,2024-25,全部,8,1,4,5,5,2,0,3,3,3,5,0.6,2,3,0.6667,0,0,0,1,2,0.5,1,3,0.3333,32064,2024-10-30,1,2,1003320452,北京师范大学,20005,200050010689,29.3,1755,王小青
2024-25,2024,2024-25,全部,11,0,0,0,5,1,0,3,2,4,8,0.5,1,1,1,0,2,0,3,5,0.6,0,0,0,32064,2024-11-02,1,1,1003320449,北京大学,20005,200050010693,36.4,2186,王小青
2024-25,2024,2024-25,全部,7,0,1,1,3,1,0,2,2,3,8,0.375,2,3,0.6667,0,0,0,1,5,0.2,0,0,0,32064,2025-03-12,1,1,1003320817,大连理工大学,20005,200050010787,18.3,1098,王小青
2024-25,2024,2024-25,全部,9,0,1,1,4,0,0,1,1,3,6,0.5,1,1,1,1,1,1,1,4,0.25,2,2,1,32064,2025-03-13,0,1,1003320661,天津财经大学,20005,200050010792,20.5,1230,王小青
2024-25,2024,2024-25,全部,5,1,0,1,5,1,0,0,1,2,6,0.3333,1,1,1,0,1,0,1,4,0.25,0,0,0,32064,2025-03-15,1,1,2010422340,哈尔滨体育学院,20005,200050010798,17.4,1041,王小青
2024-25,2024,2024-25,全部,12,1,4,5,6,3,0,2,1,5,8,0.625,2,2,1,1,1,1,2,5,0.4,0,0,0,32064,2025-03-16,0,1,1003320545,中国海洋大学,20005,200050010806,22,1322,王小青
2024-25,2024,2024-25,全部,8,1,4,5,8,0,0,0,2,3,4,0.75,1,2,0.5,0,0,0,2,2,1,0,2,0,32064,2025-03-17,0,1,2010422337,山东理工大学,20005,200050010813,20,1199,王小青
2024-25,2024,2024-25,全部,15,0,3,3,7,1,0,4,3,5,10,0.5,2,3,0.6667,0,1,0,3,6,0.5,2,2,1,32064,2025-03-18,1,2,1003320452,北京师范大学,20005,200050010821,47.5,2850,王小青
2024-25,2024,2024-25,全部,14,0,4,4,7,1,0,4,0,4,10,0.4,2,3,0.6667,0,2,0,2,5,0.4,4,4,1,32064,2025-05-30,1,1,2010422544,华中科技大学,20005,200050010932,32.6,1953,王小青
2024-25,2024,2024-25,全部,2,0,1,1,13,0,0,1,2,1,3,0.3333,0,0,0,1,1,1,0,2,0,0,0,0,32064,2025-05-31,0,1,2010422410,西安交通大学,20005,200050010945,30,1798,王小青
2024-25,2024,2024-25,全部,7,1,2,3,5,1,1,0,2,3,9,0.3333,1,3,0.3333,1,1,1,1,5,0.2,0,0,0,32064,2025-06-04,0,1,1000120193,中南大学,20005,200050010973,25.2,1511,王小青
2024-25,2024,2024-25,全部,12,0,4,4,7,3,0,1,5,4,12,0.3333,2,4,0.5,0,1,0,2,7,0.2857,2,4,0.5,32064,2025-06-05,1,1,1003320780,上海交通大学,20005,200050010975,33.1,1988,王小青
2024-25,2024,2024-25,全部,6,1,5,6,5,0,0,5,3,2,9,0.2222,1,3,0.3333,0,0,0,1,6,0.1667,1,2,0.5,32064,2025-06-06,0,2,1003320449,北京大学,20005,200050010977,32.5,1947,王小青
2023-24,2023,2023-24,全部,5,3,2,5,3,1,0,2,0,2,6,0.3333,1,3,0.3333,0,1,0,1,2,0.5,0,0,0,32064,2024-01-22,0,1,1003320454,中国人民大学,20005,200050010421,28.8,1729,王小青
2023-24,2023,2023-24,全部,0,0,1,1,2,0,0,0,3,0,4,0,0,0,0,0,0,0,0,4,0,0,0,0,32064,2024-01-23,0,1,1003320452,北京师范大学,20005,200050010423,18.6,1117,王小青
2023-24,2023,2023-24,全部,10,1,1,2,5,2,0,1,2,4,5,0.8,2,2,1,0,0,0,2,3,0.6667,0,0,0,32064,2024-01-24,1,1,2010421733,北京工业大学,20005,200050010428,24,1442,王小青
2023-24,2023,2023-24,全部,6,1,2,3,2,0,0,1,2,2,5,0.4,0,0,0,0,0,0,2,5,0.4,0,0,0,32064,2024-01-25,1,1,1003320451,北京科技大学,20005,200050010429,16.2,970,王小青
2023-24,2023,2023-24,全部,11,0,1,1,3,0,0,1,1,4,6,0.6667,0,0,0,1,1,1,3,5,0.6,0,2,0,32064,2024-01-26,1,1,1003320449,北京大学,20005,200050010432,38.4,2305,王小青
2023-24,2023,2023-24,全部,3,0,0,0,5,1,0,3,1,1,3,0.3333,0,0,0,0,0,0,1,3,0.3333,0,0,0,32064,2024-05-03,0,1,1003320539,山东大学,20005,200050010570,20.1,1207,王小青
2023-24,2023,2023-24,全部,0,1,2,3,4,0,0,0,1,0,4,0,0,2,0,0,0,0,0,2,0,0,0,0,32064,2024-05-05,1,1,1003320821,中国民航大学,20005,200050010576,16.4,986,王小青
2023-24,2023,2023-24,全部,2,1,3,4,2,1,0,1,2,1,6,0.1667,1,4,0.25,0,0,0,0,2,0,0,0,0,32064,2024-05-06,0,1,1003320817,大连理工大学,20005,200050010588,20.9,1251,王小青
2023-24,2023,2023-24,全部,4,0,0,0,4,1,0,2,0,2,2,1,2,2,1,0,0,0,0,0,0,0,0,0,32064,2024-05-08,1,1,1003320540,山东科技大学,20005,200050010601,20,1200,王小青
2023-24,2023,2023-24,全部,11,1,1,2,1,0,0,1,1,3,6,0.5,1,2,0.5,0,0,0,2,4,0.5,3,5,0.6,32064,2024-05-09,0,1,1003320452,北京师范大学,20005,200050010608,19.2,1152,王小青
2023-24,2023,2023-24,全部,5,1,4,5,3,1,0,2,3,2,4,0.5,1,1,1,0,1,0,1,2,0.5,0,0,0,32064,2024-05-10,1,1,1003320449,北京大学,20005,200050010614,23.2,1394,王小青
2023-24,2023,2023-24,全部,6,1,2,3,6,1,0,3,0,2,2,1,0,0,0,1,1,1,1,1,1,1,2,0.5,32064,2024-06-06,0,1,1003320435,中国矿业大学,20005,200050010622,28.3,1699,王小青
2023-24,2023,2023-24,全部,2,1,0,1,5,1,0,2,0,1,1,1,1,1,1,0,0,0,0,0,0,0,0,0,32064,2024-06-07,1,1,1003320653,山西财经大学,20005,200050010636,14,841,王小青
2023-24,2023,2023-24,全部,9,3,3,6,4,1,0,2,1,3,8,0.375,0,1,0,0,0,0,3,7,0.4286,0,0,0,32064,2024-06-08,0,1,1003320442,华中科技大学,20005,200050010651,27.4,1643,王小青
2023-24,2023,2023-24,全部,6,0,2,2,1,3,0,1,3,2,4,0.5,0,0,0,0,1,0,2,3,0.6667,0,0,0,32064,2024-06-09,1,1,1003320493,西安交通大学,20005,200050010656,18.5,1108,王小青
2023-24,2023,2023-24,全部,5,1,1,2,3,1,0,0,1,2,7,0.2857,1,1,1,0,1,0,1,5,0.2,0,0,0,32064,2024-06-11,1,1,1000120193,中南大学,20005,200050010666,20,1200,王小青
2023-24,2023,2023-24,全部,4,0,3,3,0,1,0,3,1,1,4,0.25,0,2,0,0,0,0,1,2,0.5,1,2,0.5,32064,2024-06-29,0,2,1003320452,北京师范大学,20005,200050010668,19.1,1147,王小青
2023-24,2023,2023-24,全部,7,0,1,1,2,0,0,1,1,2,5,0.4,1,1,1,0,2,0,1,2,0.5,2,2,1,32064,2024-06-30,0,1,1003320442,华中科技大学,20005,200050010670,11.5,692,王小青
2022-23,2022,2022-23,全部,7,0,2,2,3,1,0,2,3,2,6,0.3333,0,0,0,0,0,0,1,4,0.25,2,2,1,32064,2023-04-26,0,1,,,20005,200050010303,21.7,1300,王小青
2022-23,2022,2022-23,全部,8,1,2,3,0,1,0,3,1,3,4,0.75,0,0,0,0,0,0,2,3,0.6667,0,0,0,32064,2023-04-27,0,1,,,20005,200050010312,17,1018,王小青
2022-23,2022,2022-23,全部,4,1,1,2,1,4,0,1,2,2,5,0.4,0,0,0,0,0,0,0,1,0,0,0,0,32064,2023-04-28,1,1,,,20005,200050010314,20,1200,王小青
2022-23,2022,2022-23,全部,15,5,3,8,4,2,0,1,2,6,10,0.6,0,0,0,0,0,0,3,4,0.75,0,2,0,32064,2023-04-29,0,1,,,20005,200050010325,27.5,1648,王小青
2022-23,2022,2022-23,全部,2,0,1,1,0,1,0,2,4,0,4,0,0,0,0,0,0,0,0,1,0,2,2,1,32064,2023-04-30,1,1,,,20005,200050010330,20.8,1247,王小青
2022-23,2022,2022-23,全部,5,0,3,3,0,0,0,0,2,2,5,0.4,0,0,0,0,0,0,1,4,0.25,0,0,0,32064,2023-05-01,0,1,,,20005,200050010333,10.9,655,王小青
2022-23,2022,2022-23,全部,12,0,2,2,1,6,0,0,1,5,10,0.5,0,0,0,0,0,0,2,6,0.3333,0,0,0,32064,2023-05-02,0,1,,,20005,200050010339,17.4,1045,王小青
2022-23,2022,2022-23,全部,8,0,0,0,4,1,0,2,2,3,8,0.375,0,0,0,0,0,0,2,6,0.3333,0,2,0,32064,2023-05-03,1,2,,,20005,200050010343,28.2,1689,王小青
2022-23,2022,2022-23,全部,12,0,3,3,3,1,0,5,3,4,7,0.5714,0,0,0,0,0,0,4,5,0.8,0,0,0,32064,2023-05-26,1,1,,,20005,200050010355,32.1,1928,王小青
2022-23,2022,2022-23,全部,6,1,3,4,1,0,0,2,2,2,5,0.4,0,0,0,0,0,0,1,4,0.25,1,2,0.5,32064,2023-05-27,0,1,,,20005,200050010365,18.6,1115,王小青
2022-23,2022,2022-23,全部,3,1,3,4,4,2,0,1,0,1,3,0.3333,0,0,0,0,0,0,1,2,0.5,0,0,0,32064,2023-05-28,0,1,,,20005,200050010377,16.8,1006,王小青
2022-23,2022,2022-23,全部,2,2,1,3,4,0,0,1,1,1,7,0.1429,0,0,0,0,0,0,0,4,0,0,0,0,32064,2023-05-29,1,1,,,20005,200050010384,20.6,1238,王小青
2022-23,2022,2022-23,全部,14,2,2,4,2,1,0,1,5,6,13,0.4615,3,4,0.75,1,3,0.3333,2,6,0.3333,0,0,0,32064,2023-05-31,0,2,1003320452,北京师范大学,20005,200050010394,35.5,2129,王小青
2024-25,2024,2024-25,全部,8,5,2,7,3,1,2,0,1,4,7,0.5714,2,2,1,2,3,0.6667,0,2,0,0,0,0,92064,2024-10-23,0,1,2010421733,北京工业大学,20005,200050010679,22.9,1372,刘琦
2024-25,2024,2024-25,全部,17,0,2,2,2,0,0,1,0,6,9,0.6667,2,2,1,0,0,0,4,7,0.5714,1,2,0.5,92064,2025-06-01,0,1,1003320435,中国矿业大学,20005,200050010954,23.9,1436,刘琦
2024-25,2024,2024-25,全部,8,2,9,11,5,2,0,3,2,3,11,0.2727,1,1,1,0,2,0,2,8,0.25,0,0,0,92064,2025-06-02,0,1,2010422416,山西财经大学,20005,200050010962,29.3,1759,刘琦
2024-25,2024,2024-25,全部,7,1,13,14,3,2,0,0,1,3,7,0.4286,3,4,0.75,0,0,0,0,3,0,1,2,0.5,92064,2024-10-20,1,1,2010421729,北京体育大学,20005,200050010676,25.6,1534,刘琦
2024-25,2024,2024-25,全部,6,7,2,9,2,2,1,1,4,2,8,0.25,2,3,0.6667,0,4,0,0,1,0,2,2,1,92064,2024-10-26,1,1,1003320454,中国人民大学,20005,200050010683,26.1,1564,刘琦
2024-25,2024,2024-25,全部,11,5,9,14,5,3,2,1,1,4,9,0.4444,3,3,1,0,2,0,1,4,0.25,2,2,1,92064,2024-10-27,0,1,1003320451,北京科技大学,20005,200050010686,25.3,1519,刘琦
2024-25,2024,2024-25,全部,8,2,9,11,1,1,0,2,1,2,7,0.2857,1,1,1,1,3,0.3333,0,3,0,4,8,0.5,92064,2024-10-30,1,2,1003320452,北京师范大学,20005,200050010689,33,1980,刘琦
2024-25,2024,2024-25,全部,5,2,1,3,2,0,1,1,2,2,6,0.3333,0,0,0,1,3,0.3333,1,3,0.3333,0,0,0,92064,2024-11-02,1,1,1003320449,北京大学,20005,200050010693,17.1,1026,刘琦
2024-25,2024,2024-25,全部,11,6,5,11,5,2,0,1,1,5,9,0.5556,4,4,1,0,0,0,1,5,0.2,0,0,0,92064,2025-03-12,1,1,1003320817,大连理工大学,20005,200050010787,20.2,1214,刘琦
2024-25,2024,2024-25,全部,5,1,5,6,2,3,0,1,1,2,4,0.5,1,2,0.5,0,0,0,1,2,0.5,0,0,0,92064,2025-03-13,0,1,1003320661,天津财经大学,20005,200050010792,24.4,1465,刘琦
2024-25,2024,2024-25,全部,16,4,7,11,4,0,0,0,0,7,13,0.5385,4,5,0.8,1,1,1,2,7,0.2857,0,0,0,92064,2025-03-15,1,1,2010422340,哈尔滨体育学院,20005,200050010798,24,1441,刘琦
2024-25,2024,2024-25,全部,6,2,2,4,2,1,0,0,2,2,10,0.2,0,1,0,0,1,0,2,8,0.25,0,0,0,92064,2025-03-16,0,1,1003320545,中国海洋大学,20005,200050010806,21.3,1276,刘琦
2024-25,2024,2024-25,全部,6,4,4,8,5,1,1,1,1,2,8,0.25,0,0,0,2,5,0.4,0,3,0,2,2,1,92064,2025-03-17,0,1,2010422337,山东理工大学,20005,200050010813,22,1322,刘琦
2024-25,2024,2024-25,全部,0,1,3,4,1,0,0,2,2,0,0,0,0,0,0,0,0,0,0,0,0,0,0,0,92064,2025-03-18,1,2,1003320452,北京师范大学,20005,200050010821,11.2,670,刘琦
2024-25,2024,2024-25,全部,0,0,1,1,0,0,0,0,0,0,0,0,0,0,0,0,0,0,0,0,0,0,0,0,92064,2025-05-30,1,1,2010422544,华中科技大学,20005,200050010932,3.2,194,刘琦
2024-25,2024,2024-25,全部,2,3,4,7,1,1,0,1,1,1,6,0.1667,1,2,0.5,0,0,0,0,4,0,0,0,0,92064,2025-05-31,0,1,2010422410,西安交通大学,20005,200050010945,12.6,758,刘琦
2024-25,2024,2024-25,全部,8,5,4,9,1,1,1,0,0,3,10,0.3,0,0,0,1,3,0.3333,2,7,0.2857,0,0,0,92064,2025-06-04,0,1,1000120193,中南大学,20005,200050010973,21.2,1271,刘琦
2024-25,2024,2024-25,全部,0,0,1,1,1,0,0,3,2,0,3,0,0,0,0,0,0,0,0,3,0,0,0,0,92064,2025-06-05,1,1,1003320780,上海交通大学,20005,200050010975,10.7,643,刘琦
2024-25,2024,2024-25,全部,11,0,2,2,1,0,1,0,2,3,7,0.4286,0,0,0,1,1,1,2,6,0.3333,3,4,0.75,92064,2025-06-06,0,2,1003320449,北京大学,20005,200050010977,16.8,1008,刘琦
2023-24,2023,2023-24,全部,0,0,1,1,0,0,1,0,0,0,0,0,0,0,0,0,0,0,0,0,0,0,0,0,92064,2024-01-23,0,1,1003320452,北京师范大学,20005,200050010423,6.6,397,刘琦
2023-24,2023,2023-24,全部,8,4,9,13,2,1,1,2,0,2,7,0.2857,2,3,0.6667,0,1,0,0,3,0,4,4,1,92064,2024-01-24,1,1,2010421733,北京工业大学,20005,200050010428,24.8,1490,刘琦
2023-24,2023,2023-24,全部,4,5,5,10,4,1,2,1,1,2,2,1,1,1,1,1,1,1,0,0,0,0,0,0,92064,2024-01-25,1,1,1003320451,北京科技大学,20005,200050010429,20.9,1252,刘琦
2023-24,2023,2023-24,全部,3,2,1,3,0,0,0,2,1,1,1,1,0,0,0,1,1,1,0,0,0,1,2,0.5,92064,2024-01-26,1,1,1003320449,北京大学,20005,200050010432,12.5,748,刘琦
2023-24,2023,2023-24,全部,7,5,6,11,5,2,0,1,1,3,7,0.4286,2,5,0.4,0,1,0,1,1,1,0,0,0,92064,2024-05-03,0,1,1003320539,山东大学,20005,200050010570,25.4,1522,刘琦
2023-24,2023,2023-24,全部,12,1,2,3,4,1,0,0,1,5,7,0.7143,3,3,1,2,3,0.6667,0,1,0,2,2,1,92064,2024-05-05,1,1,1003320821,中国民航大学,20005,200050010576,19.1,1148,刘琦
2023-24,2023,2023-24,全部,3,1,2,3,0,1,0,0,1,1,4,0.25,0,1,0,0,1,0,1,2,0.5,0,0,0,92064,2024-05-06,0,1,1003320817,大连理工大学,20005,200050010588,15.4,923,刘琦
2023-24,2023,2023-24,全部,4,4,5,9,3,0,1,1,0,2,4,0.5,2,4,0.5,0,0,0,0,0,0,0,0,0,92064,2024-05-08,1,1,1003320540,山东科技大学,20005,200050010601,17.9,1072,刘琦
2023-24,2023,2023-24,全部,6,1,2,3,1,2,0,0,0,3,4,0.75,3,4,0.75,0,0,0,0,0,0,0,0,0,92064,2024-05-09,0,1,1003320452,北京师范大学,20005,200050010608,12.7,764,刘琦
2023-24,2023,2023-24,全部,0,0,1,1,0,0,0,0,0,0,1,0,0,0,0,0,1,0,0,0,0,0,0,0,92064,2024-05-10,1,1,1003320449,北京大学,20005,200050010614,2.3,136,刘琦
2023-24,2023,2023-24,全部,3,1,1,2,0,1,1,3,2,1,3,0.3333,0,1,0,0,0,0,1,2,0.5,0,0,0,92064,2024-06-06,0,1,1003320435,中国矿业大学,20005,200050010622,13.8,829,刘琦
2023-24,2023,2023-24,全部,6,3,2,5,3,0,0,0,0,3,5,0.6,0,0,0,3,3,1,0,2,0,0,0,0,92064,2024-06-07,1,1,1003320653,山西财经大学,20005,200050010636,20,1200,刘琦
2023-24,2023,2023-24,全部,0,0,0,0,0,0,1,0,0,0,1,0,0,0,0,0,0,0,0,1,0,0,0,0,92064,2024-06-08,0,1,1003320442,华中科技大学,20005,200050010651,2.3,135,刘琦
2023-24,2023,2023-24,全部,4,5,4,9,2,1,0,0,0,2,8,0.25,1,1,1,1,3,0.3333,0,4,0,0,0,0,92064,2024-06-09,1,1,1003320493,西安交通大学,20005,200050010656,16,960,刘琦
2023-24,2023,2023-24,全部,2,2,5,7,1,0,0,1,1,1,3,0.3333,1,1,1,0,0,0,0,2,0,0,0,0,92064,2024-06-11,1,1,1000120193,中南大学,20005,200050010666,18.4,1106,刘琦
2023-24,2023,2023-24,全部,2,2,0,2,1,0,0,1,1,0,2,0,0,0,0,0,0,0,0,2,0,2,2,1,92064,2024-06-30,0,1,1003320442,华中科技大学,20005,200050010670,12.4,746,刘琦
2024-25,2024,2024-25,全部,16,6,0,6,1,7,0,0,0,7,14,0.5,4,5,0.8,2,6,0.3333,1,3,0.3333,1,1,1,32066,2024-10-23,0,1,2010421733,北京工业大学,20005,200050010679,19.8,1187,袁欣悦
2024-25,2024,2024-25,全部,21,2,4,6,3,2,1,1,3,9,13,0.6923,9,12,0.75,0,0,0,0,1,0,3,7,0.4286,32066,2024-10-20,1,1,2010421729,北京体育大学,20005,200050010676,25.8,1550,袁欣悦
2024-25,2024,2024-25,全部,15,5,3,8,3,3,0,0,2,6,7,0.8571,6,6,1,0,1,0,0,0,0,3,8,0.375,32066,2024-10-26,1,1,1003320454,中国人民大学,20005,200050010683,16.5,989,袁欣悦
2024-25,2024,2024-25,全部,6,1,0,1,1,0,0,0,5,3,4,0.75,2,3,0.6667,1,1,1,0,0,0,0,0,0,32066,2024-10-27,0,1,1003320451,北京科技大学,20005,200050010686,12.6,755,袁欣悦
2024-25,2024,2024-25,全部,23,3,2,5,5,3,0,4,5,5,10,0.5,5,8,0.625,0,0,0,0,2,0,13,17,0.7647,32066,2024-10-30,1,2,1003320452,北京师范大学,20005,200050010689,32.1,1926,袁欣悦
2024-25,2024,2024-25,全部,8,2,1,3,2,0,0,3,1,3,8,0.375,2,3,0.6667,1,4,0.25,0,1,0,2,3,0.6667,32066,2024-11-02,1,1,1003320449,北京大学,20005,200050010693,15.4,924,袁欣悦
2024-25,2024,2024-25,全部,14,2,9,11,5,4,0,3,2,5,8,0.625,3,5,0.6,0,1,0,2,2,1,2,3,0.6667,32066,2025-03-12,1,1,1003320817,大连理工大学,20005,200050010787,22.1,1328,袁欣悦
2024-25,2024,2024-25,全部,6,0,6,6,7,1,0,2,4,2,3,0.6667,2,3,0.6667,0,0,0,0,0,0,2,4,0.5,32066,2025-03-13,0,1,1003320661,天津财经大学,20005,200050010792,15.1,905,袁欣悦
2024-25,2024,2024-25,全部,7,1,2,3,6,2,0,1,0,2,7,0.2857,0,0,0,0,0,0,2,7,0.2857,1,2,0.5,32066,2025-03-15,1,1,2010422340,哈尔滨体育学院,20005,200050010798,14.2,853,袁欣悦
2024-25,2024,2024-25,全部,6,4,0,4,4,3,0,5,0,3,5,0.6,3,4,0.75,0,0,0,0,1,0,0,1,0,32066,2025-03-16,0,1,1003320545,中国海洋大学,20005,200050010806,18.7,1121,袁欣悦
2024-25,2024,2024-25,全部,15,2,5,7,3,2,0,0,0,5,8,0.625,4,7,0.5714,0,0,0,1,1,1,4,4,1,32066,2025-03-17,0,1,2010422337,山东理工大学,20005,200050010813,17.7,1063,袁欣悦
2024-25,2024,2024-25,全部,1,2,1,3,2,0,0,1,3,0,1,0,0,1,0,0,0,0,0,0,0,1,2,0.5,32066,2025-03-18,1,2,1003320452,北京师范大学,20005,200050010821,11.5,687,袁欣悦
2023-24,2023,2023-24,全部,6,2,1,3,2,2,0,1,2,1,8,0.125,0,1,0,0,3,0,1,4,0.25,3,4,0.75,32066,2024-01-22,0,1,1003320454,中国人民大学,20005,200050010421,22.7,1364,袁欣悦
2023-24,2023,2023-24,全部,5,1,1,2,1,0,0,4,1,1,5,0.2,1,4,0.25,0,1,0,0,0,0,3,4,0.75,32066,2024-01-23,0,1,1003320452,北京师范大学,20005,200050010423,20.6,1236,袁欣悦
2023-24,2023,2023-24,全部,9,1,0,1,1,6,0,1,0,3,6,0.5,3,4,0.75,0,2,0,0,0,0,3,6,0.5,32066,2024-01-24,1,1,2010421733,北京工业大学,20005,200050010428,15.2,910,袁欣悦
2023-24,2023,2023-24,全部,12,1,5,6,2,2,0,2,3,6,7,0.8571,5,5,1,1,1,1,0,1,0,0,1,0,32066,2024-01-25,1,1,1003320451,北京科技大学,20005,200050010429,17.8,1067,袁欣悦
2023-24,2023,2023-24,全部,4,2,5,7,1,0,0,6,3,1,4,0.25,1,3,0.3333,0,1,0,0,0,0,2,4,0.5,32066,2024-01-26,1,1,1003320449,北京大学,20005,200050010432,24.4,1465,袁欣悦
2023-24,2023,2023-24,全部,13,1,5,6,4,4,0,4,4,6,10,0.6,6,7,0.8571,0,2,0,0,1,0,1,1,1,32066,2024-05-03,0,1,1003320539,山东大学,20005,200050010570,20,1199,袁欣悦
2023-24,2023,2023-24,全部,5,4,2,6,2,1,0,2,1,2,7,0.2857,2,4,0.5,0,0,0,0,3,0,1,2,0.5,32066,2024-05-05,1,1,1003320821,中国民航大学,20005,200050010576,17.9,1074,袁欣悦
2023-24,2023,2023-24,全部,11,3,4,7,3,1,2,0,1,5,11,0.4545,5,9,0.5556,0,0,0,0,2,0,1,4,0.25,32066,2024-05-06,0,1,1003320817,大连理工大学,20005,200050010588,25.6,1537,袁欣悦
2023-24,2023,2023-24,全部,6,2,2,4,3,1,0,1,3,2,6,0.3333,2,2,1,0,0,0,0,4,0,2,2,1,32066,2024-05-08,1,1,1003320540,山东科技大学,20005,200050010601,18.1,1084,袁欣悦
2023-24,2023,2023-24,全部,14,2,4,6,4,0,0,3,1,6,9,0.6667,4,6,0.6667,1,1,1,1,2,0.5,1,2,0.5,32066,2024-05-09,0,1,1003320452,北京师范大学,20005,200050010608,21.8,1306,袁欣悦
2023-24,2023,2023-24,全部,6,1,0,1,3,2,0,3,1,3,8,0.375,3,3,1,0,2,0,0,3,0,0,0,0,32066,2024-05-10,1,1,1003320449,北京大学,20005,200050010614,13.4,801,袁欣悦
2023-24,2023,2023-24,全部,0,0,0,0,0,0,0,0,1,0,0,0,0,0,0,0,0,0,0,0,0,0,0,0,32066,2024-06-06,0,1,1003320435,中国矿业大学,20005,200050010622,3.7,224,袁欣悦
2023-24,2023,2023-24,全部,11,2,2,4,3,2,1,1,2,4,6,0.6667,3,3,1,0,0,0,1,3,0.3333,2,2,1,32066,2024-06-07,1,1,1003320653,山西财经大学,20005,200050010636,18.9,1134,袁欣悦
2023-24,2023,2023-24,全部,3,0,0,0,1,1,0,0,1,1,3,0.3333,0,1,0,0,1,0,1,1,1,0,0,0,32066,2024-06-08,0,1,1003320442,华中科技大学,20005,200050010651,9.3,557,袁欣悦
2023-24,2023,2023-24,全部,0,1,0,1,1,0,0,0,0,0,2,0,0,0,0,0,0,0,0,2,0,0,0,0,32066,2024-06-09,1,1,1003320493,西安交通大学,20005,200050010656,7.6,455,袁欣悦
2023-24,2023,2023-24,全部,5,0,0,0,1,0,0,0,0,2,3,0.6667,1,1,1,0,1,0,1,1,1,0,0,0,32066,2024-06-11,1,1,1000120193,中南大学,20005,200050010666,11.5,690,袁欣悦
2023-24,2023,2023-24,全部,2,1,0,1,2,0,0,2,0,0,3,0,0,2,0,0,1,0,0,0,0,2,6,0.3333,32066,2024-06-29,0,2,1003320452,北京师范大学,20005,200050010668,10.1,608,袁欣悦
2023-24,2023,2023-24,全部,5,0,2,2,0,2,0,3,2,2,6,0.3333,2,5,0.4,0,0,0,0,1,0,1,4,0.25,32066,2024-06-30,0,1,1003320442,华中科技大学,20005,200050010670,14,838,袁欣悦
2022-23,2022,2022-23,全部,13,1,0,1,3,4,0,4,2,6,15,0.4,0,0,0,0,0,0,0,5,0,1,1,1,32066,2023-04-26,0,1,,,20005,200050010303,24.1,1447,袁欣悦
2022-23,2022,2022-23,全部,11,2,2,4,1,4,0,1,0,3,11,0.2727,0,0,0,0,0,0,1,5,0.2,4,8,0.5,32066,2023-04-27,0,1,,,20005,200050010312,19.2,1154,袁欣悦
2022-23,2022,2022-23,全部,12,2,1,3,0,3,1,0,2,5,8,0.625,0,0,0,0,0,0,1,1,1,1,2,0.5,32066,2023-04-28,1,1,,,20005,200050010314,20,1200,袁欣悦
2022-23,2022,2022-23,全部,13,0,1,1,2,0,1,2,0,5,8,0.625,0,0,0,0,0,0,3,4,0.75,0,0,0,32066,2023-04-29,0,1,,,20005,200050010325,19.4,1165,袁欣悦
2022-23,2022,2022-23,全部,11,2,3,5,2,2,0,0,2,4,10,0.4,0,0,0,0,0,0,0,2,0,3,5,0.6,32066,2023-04-30,1,1,,,20005,200050010330,22.9,1372,袁欣悦
2022-23,2022,2022-23,全部,4,0,3,3,2,1,1,2,0,1,7,0.1429,0,0,0,0,0,0,0,3,0,2,5,0.4,32066,2023-05-01,0,1,,,20005,200050010333,18.9,1135,袁欣悦
2022-23,2022,2022-23,全部,12,2,0,2,2,0,0,0,2,5,5,1,0,0,0,0,0,0,1,1,1,1,2,0.5,32066,2023-05-02,0,1,,,20005,200050010339,11.3,678,袁欣悦
2022-23,2022,2022-23,全部,8,1,5,6,0,3,0,5,4,3,8,0.375,0,0,0,0,0,0,1,3,0.3333,1,4,0.25,32066,2023-05-03,1,2,,,20005,200050010343,25.3,1515,袁欣悦
2022-23,2022,2022-23,全部,4,0,1,1,1,0,0,2,2,2,4,0.5,0,0,0,0,0,0,0,0,0,0,0,0,32066,2023-05-26,1,1,,,20005,200050010355,19.2,1149,袁欣悦
2022-23,2022,2022-23,全部,7,3,1,4,1,2,0,1,3,3,4,0.75,0,0,0,0,0,0,0,0,0,1,4,0.25,32066,2023-05-27,0,1,,,20005,200050010365,16.1,964,袁欣悦
2022-23,2022,2022-23,全部,9,1,4,5,3,2,1,2,3,3,11,0.2727,0,0,0,0,0,0,1,7,0.1429,2,4,0.5,32066,2023-05-28,0,1,,,20005,200050010377,19.5,1171,袁欣悦
2022-23,2022,2022-23,全部,7,1,0,1,2,3,0,0,1,2,10,0.2,0,0,0,0,0,0,1,4,0.25,2,2,1,32066,2023-05-29,1,1,,,20005,200050010384,14.8,889,袁欣悦
2022-23,2022,2022-23,全部,6,3,1,4,0,2,0,0,2,2,8,0.25,2,4,0.5,0,3,0,0,1,0,2,4,0.5,32066,2023-05-31,0,2,1003320452,北京师范大学,20005,200050010394,19.1,1148,袁欣悦
2024-25,2024,2024-25,全部,2,2,1,3,3,3,0,1,0,1,10,0.1,0,5,0,1,4,0.25,0,1,0,0,0,0,92943,2025-06-02,0,1,2010422416,山西财经大学,20005,200050010962,30.3,1820,梁悦洁
2024-25,2024,2024-25,全部,0,0,0,0,0,0,0,0,0,0,0,0,0,0,0,0,0,0,0,0,0,0,0,0,92943,2024-11-02,1,1,1003320449,北京大学,20005,200050010693,0.6,35,梁悦洁
2023-24,2023,2023-24,全部,,,,,,,,,,,,,,,,,,,,,,,,,,,,,,,,,,,梁悦洁
2024-25,2024,2024-25,全部,4,0,5,5,2,6,0,1,3,2,7,0.2857,1,1,1,1,1,1,0,5,0,0,0,0,80514,2024-10-23,0,1,2010421733,北京工业大学,20005,200050010679,20.2,1213,王镘淋
2024-25,2024,2024-25,全部,6,4,1,5,3,2,0,2,2,2,7,0.2857,1,2,0.5,1,1,1,0,4,0,2,2,1,80514,2025-06-01,0,1,1003320435,中国矿业大学,20005,200050010954,30.3,1817,王镘淋
2024-25,2024,2024-25,全部,11,1,1,2,3,2,0,0,0,4,4,1,3,3,1,1,1,1,0,0,0,3,4,0.75,80514,2025-06-02,0,1,2010422416,山西财经大学,20005,200050010962,13.7,822,王镘淋
2024-25,2024,2024-25,全部,11,2,4,6,4,1,1,5,3,3,6,0.5,2,3,0.6667,0,0,0,1,3,0.3333,4,4,1,80514,2024-10-20,1,1,2010421729,北京体育大学,20005,200050010676,24.4,1466,王镘淋
2024-25,2024,2024-25,全部,16,1,3,4,3,0,0,0,1,6,15,0.4,0,0,0,2,4,0.5,4,11,0.3636,0,0,0,80514,2024-10-26,1,1,1003320454,中国人民大学,20005,200050010683,18.8,1127,王镘淋
2024-25,2024,2024-25,全部,4,0,3,3,7,0,0,4,0,2,6,0.3333,2,4,0.5,0,0,0,0,2,0,0,0,0,80514,2024-10-27,0,1,1003320451,北京科技大学,20005,200050010686,23.2,1393,王镘淋
2024-25,2024,2024-25,全部,3,0,0,0,1,0,0,3,0,1,3,0.3333,0,0,0,0,1,0,1,2,0.5,0,0,0,80514,2024-10-30,1,2,1003320452,北京师范大学,20005,200050010689,13.6,814,王镘淋
2024-25,2024,2024-25,全部,10,2,4,6,1,0,0,3,2,3,11,0.2727,0,0,0,1,6,0.1667,2,5,0.4,2,4,0.5,80514,2024-11-02,1,1,1003320449,北京大学,20005,200050010693,30.2,1814,王镘淋
2024-25,2024,2024-25,全部,10,3,4,7,7,0,0,0,1,3,9,0.3333,1,2,0.5,0,1,0,2,6,0.3333,2,2,1,80514,2025-03-12,1,1,1003320817,大连理工大学,20005,200050010787,17.6,1056,王镘淋
2024-25,2024,2024-25,全部,14,4,0,4,7,1,0,4,0,6,12,0.5,5,5,1,0,4,0,1,3,0.3333,1,2,0.5,80514,2025-03-13,0,1,1003320661,天津财经大学,20005,200050010792,23.8,1428,王镘淋
2024-25,2024,2024-25,全部,9,1,0,1,4,4,0,2,0,3,8,0.375,0,0,0,0,1,0,3,7,0.4286,0,0,0,80514,2025-03-15,1,1,2010422340,哈尔滨体育学院,20005,200050010798,19.5,1171,王镘淋
2024-25,2024,2024-25,全部,6,1,2,3,4,3,0,3,0,3,6,0.5,3,3,1,0,1,0,0,2,0,0,0,0,80514,2025-03-16,0,1,1003320545,中国海洋大学,20005,200050010806,18,1078,王镘淋
2024-25,2024,2024-25,全部,21,4,0,4,4,0,0,1,0,9,16,0.5625,5,8,0.625,1,3,0.3333,3,5,0.6,0,0,0,80514,2025-03-17,0,1,2010422337,山东理工大学,20005,200050010813,16,959,王镘淋
2024-25,2024,2024-25,全部,5,1,3,4,4,2,0,1,4,2,14,0.1429,1,4,0.25,1,4,0.25,0,6,0,1,2,0.5,80514,2025-03-18,1,2,1003320452,北京师范大学,20005,200050010821,27.2,1634,王镘淋
2024-25,2024,2024-25,全部,3,1,2,3,1,0,0,4,4,1,4,0.25,0,1,0,1,3,0.3333,0,0,0,1,2,0.5,80514,2025-05-30,1,1,2010422544,华中科技大学,20005,200050010932,17.2,1029,王镘淋
2024-25,2024,2024-25,全部,13,2,2,4,3,0,0,1,2,5,8,0.625,3,4,0.75,0,0,0,2,4,0.5,1,4,0.25,80514,2025-05-31,0,1,2010422410,西安交通大学,20005,200050010945,24.1,1446,王镘淋
2024-25,2024,2024-25,全部,6,1,2,3,2,1,0,2,1,2,9,0.2222,0,0,0,0,0,0,2,9,0.2222,0,0,0,80514,2025-06-04,0,1,1000120193,中南大学,20005,200050010973,19.2,1152,王镘淋
2024-25,2024,2024-25,全部,2,1,0,1,0,0,0,0,0,1,5,0.2,1,1,1,0,2,0,0,2,0,0,0,0,80514,2025-06-05,1,1,1003320780,上海交通大学,20005,200050010975,15.5,927,王镘淋
2024-25,2024,2024-25,全部,13,2,3,5,0,1,0,1,2,4,9,0.4444,2,2,1,0,2,0,2,5,0.4,3,4,0.75,80514,2025-06-06,0,2,1003320449,北京大学,20005,200050010977,24.8,1489,王镘淋
2023-24,2023,2023-24,全部,3,0,1,1,4,2,0,3,2,1,4,0.25,0,0,0,0,0,0,1,4,0.25,0,0,0,80514,2024-01-22,0,1,1003320454,中国人民大学,20005,200050010421,18.8,1125,王镘淋
2023-24,2023,2023-24,全部,5,0,0,0,4,1,0,4,4,2,7,0.2857,1,1,1,0,1,0,1,5,0.2,0,0,0,80514,2024-01-23,0,1,1003320452,北京师范大学,20005,200050010423,21.4,1283,王镘淋
2023-24,2023,2023-24,全部,2,0,0,0,6,2,0,1,0,1,2,0.5,1,1,1,0,0,0,0,1,0,0,0,0,80514,2024-01-24,1,1,2010421733,北京工业大学,20005,200050010428,14.9,896,王镘淋
2023-24,2023,2023-24,全部,7,1,4,5,7,2,0,3,1,3,7,0.4286,1,2,0.5,1,1,1,1,4,0.25,0,0,0,80514,2024-01-25,1,1,1003320451,北京科技大学,20005,200050010429,32.2,1933,王镘淋
2023-24,2023,2023-24,全部,14,1,4,5,2,1,0,3,1,4,15,0.2667,0,0,0,0,4,0,4,11,0.3636,2,4,0.5,80514,2024-01-26,1,1,1003320449,北京大学,20005,200050010432,31.2,1871,王镘淋
2023-24,2023,2023-24,全部,9,4,4,8,9,2,0,2,0,4,11,0.3636,3,6,0.5,0,1,0,1,4,0.25,0,1,0,80514,2024-05-03,0,1,1003320539,山东大学,20005,200050010570,22.7,1359,王镘淋
2023-24,2023,2023-24,全部,5,0,4,4,11,1,0,1,1,2,3,0.6667,1,1,1,0,0,0,1,2,0.5,0,0,0,80514,2024-05-05,1,1,1003320821,中国民航大学,20005,200050010576,23.6,1414,王镘淋
2023-24,2023,2023-24,全部,6,0,0,0,1,0,0,1,0,2,4,0.5,0,0,0,0,0,0,2,4,0.5,0,0,0,80514,2024-05-06,0,1,1003320817,大连理工大学,20005,200050010588,18.4,1103,王镘淋
2023-24,2023,2023-24,全部,11,3,3,6,7,0,1,1,0,5,8,0.625,5,6,0.8333,0,1,0,0,1,0,1,4,0.25,80514,2024-05-08,1,1,1003320540,山东科技大学,20005,200050010601,20,1200,王镘淋
2023-24,2023,2023-24,全部,5,1,1,2,1,2,0,3,2,2,5,0.4,1,1,1,0,2,0,1,2,0.5,0,0,0,80514,2024-05-09,0,1,1003320452,北京师范大学,20005,200050010608,20.8,1248,王镘淋
2023-24,2023,2023-24,全部,9,1,1,2,3,0,0,0,2,4,13,0.3077,1,1,1,2,8,0.25,1,4,0.25,0,0,0,80514,2024-05-10,1,1,1003320449,北京大学,20005,200050010614,30.3,1815,王镘淋
2023-24,2023,2023-24,全部,6,0,2,2,1,0,0,4,2,2,4,0.5,0,0,0,0,0,0,2,4,0.5,0,0,0,80514,2024-06-06,0,1,1003320435,中国矿业大学,20005,200050010622,14.2,851,王镘淋
2023-24,2023,2023-24,全部,17,2,3,5,2,2,0,1,0,7,16,0.4375,4,6,0.6667,2,6,0.3333,1,4,0.25,2,2,1,80514,2024-06-07,1,1,1003320653,山西财经大学,20005,200050010636,20,1200,王镘淋
2023-24,2023,2023-24,全部,16,2,3,5,4,1,0,2,1,6,15,0.4,1,1,1,1,4,0.25,4,10,0.4,0,2,0,80514,2024-06-08,0,1,1003320442,华中科技大学,20005,200050010651,26,1560,王镘淋
2023-24,2023,2023-24,全部,0,1,0,1,4,0,0,1,0,0,5,0,0,0,0,0,0,0,0,5,0,0,0,0,80514,2024-06-09,1,1,1003320493,西安交通大学,20005,200050010656,16.8,1007,王镘淋
2023-24,2023,2023-24,全部,8,1,1,2,1,1,0,1,1,3,6,0.5,1,1,1,0,1,0,2,4,0.5,0,0,0,80514,2024-06-11,1,1,1000120193,中南大学,20005,200050010666,17,1020,王镘淋
2023-24,2023,2023-24,全部,16,2,0,2,1,1,0,4,3,5,10,0.5,0,0,0,0,2,0,5,8,0.625,1,2,0.5,80514,2024-06-29,0,2,1003320452,北京师范大学,20005,200050010668,31.9,1914,王镘淋
2023-24,2023,2023-24,全部,8,0,1,1,5,0,0,2,2,2,5,0.4,0,0,0,0,3,0,2,2,1,2,4,0.5,80514,2024-06-30,0,1,1003320442,华中科技大学,20005,200050010670,25,1502,王镘淋
CUBAL一级联赛,2024,2024-25,全部,0,2,1,3,1,1,1,1,5,0,0,0,0,0,0,0,0,0,0,0,0,0,0,0,89060,2024-10-23,0,1,2010421733,北京工业大学,20005,200050010679,7.6,455,魏亦冉
CUBAL一级联赛,2024,2024-25,全部,0,0,0,0,0,0,0,0,0,0,0,0,0,0,0,0,0,0,0,0,0,0,0,0,89060,2025-06-01,0,1,1003320435,中国矿业大学,20005,200050010954,1.2,72,魏亦冉
CUBAL一级联赛,2024,2024-25,全部,10,2,4,6,1,0,1,1,0,5,10,0.5,3,4,0.75,2,6,0.3333,0,0,0,0,0,0,89060,2025-06-02,0,1,2010422416,山西财经大学,20005,200050010962,32.5,1950,魏亦冉
CUBAL一级联赛,2024,2024-25,全部,3,0,7,7,3,0,0,2,0,1,2,0.5,1,1,1,0,1,0,0,0,0,1,2,0.5,89060,2024-10-20,1,1,2010421729,北京体育大学,20005,200050010676,17.7,1059,魏亦冉
CUBAL一级联赛,2024,2024-25,全部,2,2,1,3,0,0,0,0,2,1,1,1,1,1,1,0,0,0,0,0,0,0,0,0,89060,2024-10-26,1,1,1003320454,中国人民大学,20005,200050010683,5.9,353,魏亦冉
CUBAL一级联赛,2024,2024-25,全部,0,2,0,2,0,0,0,0,0,0,0,0,0,0,0,0,0,0,0,0,0,0,0,0,89060,2024-10-27,0,1,1003320451,北京科技大学,20005,200050010686,10.9,656,魏亦冉
CUBAL一级联赛,2024,2024-25,全部,4,1,2,3,0,0,1,0,1,2,2,1,2,2,1,0,0,0,0,0,0,0,0,0,89060,2025-03-12,1,1,1003320817,大连理工大学,20005,200050010787,10.9,651,魏亦冉
CUBAL一级联赛,2024,2024-25,全部,2,1,4,5,0,1,1,0,0,1,1,1,0,0,0,1,1,1,0,0,0,0,0,0,89060,2025-03-13,0,1,1003320661,天津财经大学,20005,200050010792,12.8,765,魏亦冉
CUBAL一级联赛,2024,2024-25,全部,6,7,4,11,3,0,0,0,0,2,4,0.5,2,3,0.6667,0,1,0,0,0,0,2,2,1,89060,2025-03-15,1,1,2010422340,哈尔滨体育学院,20005,200050010798,21.8,1306,魏亦冉
CUBAL一级联赛,2024,2024-25,全部,6,6,1,7,0,1,0,2,0,3,5,0.6,2,3,0.6667,1,2,0.5,0,0,0,0,0,0,89060,2025-03-16,0,1,1003320545,中国海洋大学,20005,200050010806,8.8,526,魏亦冉
CUBAL一级联赛,2024,2024-25,全部,2,1,2,3,1,0,0,1,1,1,3,0.3333,1,2,0.5,0,0,0,0,1,0,0,0,0,89060,2025-03-17,0,1,2010422337,山东理工大学,20005,200050010813,11.7,700,魏亦冉
CUBAL一级联赛,2024,2024-25,全部,2,1,0,1,1,0,0,0,2,1,3,0.3333,1,1,1,0,2,0,0,0,0,0,0,0,89060,2025-06-04,0,1,1000120193,中南大学,20005,200050010973,6.8,406,魏亦冉
2024-25,2024,2024-25,全部,10,7,7,14,3,1,0,2,3,4,9,0.4444,4,8,0.5,0,0,0,0,1,0,2,6,0.3333,32071,2025-06-01,0,1,1003320435,中国矿业大学,20005,200050010954,26.1,1564,张涛
2024-25,2024,2024-25,全部,16,4,9,13,3,2,0,0,4,7,9,0.7778,7,9,0.7778,0,0,0,0,0,0,2,3,0.6667,32071,2025-03-12,1,1,1003320817,大连理工大学,20005,200050010787,17.1,1026,张涛
2024-25,2024,2024-25,全部,8,4,7,11,4,1,0,2,2,1,2,0.5,1,2,0.5,0,0,0,0,0,0,6,10,0.6,32071,2025-03-13,0,1,1003320661,天津财经大学,20005,200050010792,18.3,1095,张涛
2024-25,2024,2024-25,全部,8,2,3,5,0,2,0,0,0,4,4,1,4,4,1,0,0,0,0,0,0,0,0,0,32071,2025-03-15,1,1,2010422340,哈尔滨体育学院,20005,200050010798,7.4,441,张涛
2024-25,2024,2024-25,全部,13,3,7,10,2,1,0,4,1,6,7,0.8571,6,7,0.8571,0,0,0,0,0,0,1,1,1,32071,2025-03-16,0,1,1003320545,中国海洋大学,20005,200050010806,18.2,1091,张涛
2024-25,2024,2024-25,全部,8,0,4,4,0,0,0,3,1,4,6,0.6667,4,6,0.6667,0,0,0,0,0,0,0,0,0,32071,2025-03-17,0,1,2010422337,山东理工大学,20005,200050010813,17,1018,张涛
2024-25,2024,2024-25,全部,6,6,5,11,5,2,0,1,5,2,14,0.1429,2,9,0.2222,0,5,0,0,0,0,2,4,0.5,32071,2025-03-18,1,2,1003320452,北京师范大学,20005,200050010821,28.6,1716,张涛
2024-25,2024,2024-25,全部,21,3,9,12,3,3,1,1,2,7,11,0.6364,1,2,0.5,6,9,0.6667,0,0,0,7,8,0.875,32071,2025-05-30,1,1,2010422544,华中科技大学,20005,200050010932,33.1,1983,张涛
2024-25,2024,2024-25,全部,15,9,10,19,6,5,0,5,4,3,16,0.1875,2,12,0.1667,0,2,0,1,2,0.5,8,12,0.6667,32071,2025-05-31,0,1,2010422410,西安交通大学,20005,200050010945,25.7,1544,张涛
2024-25,2024,2024-25,全部,14,5,4,9,7,8,0,0,4,6,10,0.6,4,6,0.6667,1,3,0.3333,1,1,1,1,2,0.5,32071,2025-06-04,0,1,1000120193,中南大学,20005,200050010973,25.6,1535,张涛
2024-25,2024,2024-25,全部,22,3,8,11,7,4,0,3,4,10,16,0.625,8,12,0.6667,2,3,0.6667,0,1,0,2,4,0.5,32071,2025-06-05,1,1,1003320780,上海交通大学,20005,200050010975,37.9,2272,张涛
2024-25,2024,2024-25,全部,9,3,4,7,6,3,0,7,3,3,10,0.3,3,6,0.5,0,4,0,0,0,0,3,5,0.6,32071,2025-06-06,0,2,1003320449,北京大学,20005,200050010977,35.9,2153,张涛
2023-24,2023,2023-24,全部,14,8,3,11,3,5,1,2,0,5,8,0.625,4,5,0.8,1,3,0.3333,0,0,0,4,4,1,32071,2024-01-22,0,1,1003320454,中国人民大学,20005,200050010421,25.7,1544,张涛
2023-24,2023,2023-24,全部,16,5,9,14,1,1,0,6,2,2,5,0.4,1,2,0.5,1,3,0.3333,0,0,0,12,14,0.8571,32071,2024-01-23,0,1,1003320452,北京师范大学,20005,200050010423,33.4,2003,张涛
2023-24,2023,2023-24,全部,7,0,0,0,0,2,0,0,1,3,3,1,3,3,1,0,0,0,0,0,0,1,2,0.5,32071,2024-01-24,1,1,2010421733,北京工业大学,20005,200050010428,8.1,486,张涛
2023-24,2023,2023-24,全部,8,3,7,10,4,0,0,4,5,4,7,0.5714,1,3,0.3333,3,4,0.75,0,0,0,0,2,0,32071,2024-01-26,1,1,1003320449,北京大学,20005,200050010432,27.5,1652,张涛
2023-24,2023,2023-24,全部,13,2,7,9,2,1,0,1,4,6,9,0.6667,6,9,0.6667,0,0,0,0,0,0,1,1,1,32071,2024-05-03,0,1,1003320539,山东大学,20005,200050010570,14.6,878,张涛
2023-24,2023,2023-24,全部,8,5,8,13,11,2,0,2,1,4,7,0.5714,3,4,0.75,1,3,0.3333,0,0,0,0,0,0,32071,2024-05-05,1,1,1003320821,中国民航大学,20005,200050010576,20.9,1252,张涛
2023-24,2023,2023-24,全部,8,2,3,5,0,1,0,1,3,4,8,0.5,4,7,0.5714,0,1,0,0,0,0,0,1,0,32071,2024-05-06,0,1,1003320817,大连理工大学,20005,200050010588,18.2,1091,张涛
2023-24,2023,2023-24,全部,14,1,9,10,4,2,0,1,1,7,13,0.5385,7,11,0.6364,0,2,0,0,0,0,0,0,0,32071,2024-05-08,1,1,1003320540,山东科技大学,20005,200050010601,22.1,1328,张涛
2023-24,2023,2023-24,全部,3,3,6,9,4,0,0,5,2,1,3,0.3333,0,1,0,1,2,0.5,0,0,0,1,2,0.5,32071,2024-05-09,0,1,1003320452,北京师范大学,20005,200050010608,27.3,1636,张涛
2023-24,2023,2023-24,全部,16,3,6,9,6,1,0,6,0,5,9,0.5556,2,3,0.6667,3,6,0.5,0,0,0,6,10,0.6,32071,2024-05-10,1,1,1003320449,北京大学,20005,200050010614,37.7,2264,张涛
2023-24,2023,2023-24,全部,9,3,4,7,4,1,0,6,2,2,5,0.4,2,5,0.4,0,0,0,0,0,0,5,5,1,32071,2024-06-06,0,1,1003320435,中国矿业大学,20005,200050010622,27.9,1672,张涛
2023-24,2023,2023-24,全部,8,1,4,5,3,1,0,0,3,4,6,0.6667,4,6,0.6667,0,0,0,0,0,0,0,0,0,32071,2024-06-07,1,1,1003320653,山西财经大学,20005,200050010636,10,600,张涛
2023-24,2023,2023-24,全部,18,6,6,12,7,3,1,2,3,7,9,0.7778,5,7,0.7143,2,2,1,0,0,0,4,8,0.5,32071,2024-06-08,0,1,1003320442,华中科技大学,20005,200050010651,37.8,2265,张涛
2023-24,2023,2023-24,全部,9,2,8,10,7,1,0,3,1,4,8,0.5,3,5,0.6,1,3,0.3333,0,0,0,1,1,1,32071,2024-06-09,1,1,1003320493,西安交通大学,20005,200050010656,24,1440,张涛
2023-24,2023,2023-24,全部,7,3,1,4,8,0,0,3,3,2,6,0.3333,2,5,0.4,0,1,0,0,0,0,3,3,1,32071,2024-06-11,1,1,1000120193,中南大学,20005,200050010666,15.5,931,张涛
2023-24,2023,2023-24,全部,14,7,13,20,6,2,0,6,0,5,12,0.4167,5,8,0.625,0,4,0,0,0,0,4,10,0.4,32071,2024-06-29,0,2,1003320452,北京师范大学,20005,200050010668,38.6,2318,张涛
2023-24,2023,2023-24,全部,10,5,11,16,2,2,0,3,3,2,6,0.3333,2,4,0.5,0,2,0,0,0,0,6,10,0.6,32071,2024-06-30,0,1,1003320442,华中科技大学,20005,200050010670,27.6,1654,张涛
2022-23,2022,2022-23,全部,6,3,9,12,0,2,0,3,3,3,6,0.5,0,0,0,0,0,0,0,0,0,0,0,0,32071,2023-04-26,0,1,,,20005,200050010303,19,1139,张涛
2022-23,2022,2022-23,全部,14,3,10,13,6,0,0,2,2,7,10,0.7,0,0,0,0,0,0,0,0,0,0,2,0,32071,2023-04-27,0,1,,,20005,200050010312,20.6,1237,张涛
2022-23,2022,2022-23,全部,11,8,4,12,5,5,0,2,1,5,9,0.5556,0,0,0,0,0,0,0,0,0,1,2,0.5,32071,2023-04-28,1,1,,,20005,200050010314,20,1200,张涛
2022-23,2022,2022-23,全部,10,2,4,6,1,2,0,1,1,5,7,0.7143,0,0,0,0,0,0,0,0,0,0,0,0,32071,2023-04-29,0,1,,,20005,200050010325,23.3,1397,张涛
2022-23,2022,2022-23,全部,14,5,10,15,3,2,1,3,4,7,16,0.4375,0,0,0,0,0,0,0,1,0,0,2,0,32071,2023-04-30,1,1,,,20005,200050010330,31.2,1869,张涛
2022-23,2022,2022-23,全部,6,1,1,2,2,1,0,0,0,3,3,1,0,0,0,0,0,0,0,0,0,0,0,0,32071,2023-05-01,0,1,,,20005,200050010333,10,601,张涛
2022-23,2022,2022-23,全部,11,3,4,7,4,2,2,2,2,5,7,0.7143,0,0,0,0,0,0,0,0,0,1,2,0.5,32071,2023-05-02,0,1,,,20005,200050010339,18.5,1112,张涛
2022-23,2022,2022-23,全部,19,2,11,13,4,4,0,5,3,8,16,0.5,0,0,0,0,0,0,0,0,0,3,7,0.4286,32071,2023-05-03,1,2,,,20005,200050010343,40,2400,张涛
2022-23,2022,2022-23,全部,6,5,11,16,5,1,0,4,3,2,6,0.3333,0,0,0,0,0,0,0,0,0,2,6,0.3333,32071,2023-05-26,1,1,,,20005,200050010355,35.8,2147,张涛
2022-23,2022,2022-23,全部,14,1,3,4,1,1,0,2,1,7,11,0.6364,0,0,0,0,0,0,0,0,0,0,0,0,32071,2023-05-27,0,1,,,20005,200050010365,21.9,1314,张涛
2022-23,2022,2022-23,全部,14,7,1,8,3,2,0,1,3,6,10,0.6,0,0,0,0,0,0,0,0,0,2,3,0.6667,32071,2023-05-28,0,1,,,20005,200050010377,17.5,1049,张涛
2022-23,2022,2022-23,全部,9,3,4,7,4,2,0,4,2,4,6,0.6667,0,0,0,0,0,0,0,0,0,1,2,0.5,32071,2023-05-29,1,1,,,20005,200050010384,18.7,1123,张涛
2022-23,2022,2022-23,全部,13,12,4,16,7,3,1,3,4,6,16,0.375,2,6,0.3333,4,10,0.4,0,0,0,1,3,0.3333,32071,2023-05-31,0,2,1003320452,北京师范大学,20005,200050010394,34.2,2051,张涛
2024-25,2024,2024-25,全部,2,1,3,4,0,2,0,2,0,0,4,0,0,1,0,0,0,0,0,3,0,2,2,1,32074,2025-06-02,0,1,2010422416,山西财经大学,20005,200050010962,13.9,834,王思文
2024-25,2024,2024-25,全部,0,0,0,0,0,0,0,1,0,0,0,0,0,0,0,0,0,0,0,0,0,0,0,0,32074,2024-11-02,1,1,1003320449,北京大学,20005,200050010693,2.2,134,王思文
2024-25,2024,2024-25,全部,22,0,0,0,3,2,0,1,0,8,10,0.8,1,1,1,1,1,1,6,8,0.75,0,0,0,32074,2025-03-12,1,1,1003320817,大连理工大学,20005,200050010787,16.6,995,王思文
2024-25,2024,2024-25,全部,6,0,1,1,2,2,0,1,1,2,5,0.4,0,0,0,0,2,0,2,3,0.6667,0,0,0,32074,2025-03-13,0,1,1003320661,天津财经大学,20005,200050010792,12.1,724,王思文
2024-25,2024,2024-25,全部,2,2,0,2,1,2,0,1,0,1,2,0.5,1,1,1,0,0,0,0,1,0,0,0,0,32074,2025-03-15,1,1,2010422340,哈尔滨体育学院,20005,200050010798,10.9,653,王思文
2024-25,2024,2024-25,全部,4,2,1,3,3,1,0,0,1,1,6,0.1667,1,2,0.5,0,1,0,0,3,0,2,2,1,32074,2025-03-16,0,1,1003320545,中国海洋大学,20005,200050010806,13.5,808,王思文
2024-25,2024,2024-25,全部,5,1,0,1,1,1,0,0,0,2,7,0.2857,1,1,1,0,1,0,1,5,0.2,0,0,0,32074,2025-03-17,0,1,2010422337,山东理工大学,20005,200050010813,12,722,王思文
2024-25,2024,2024-25,全部,0,0,0,0,0,0,0,0,0,0,2,0,0,0,0,0,1,0,0,1,0,0,0,0,32074,2025-03-18,1,2,1003320452,北京师范大学,20005,200050010821,6.4,383,王思文
2024-25,2024,2024-25,全部,2,1,2,3,0,0,0,1,1,1,2,0.5,1,1,1,0,0,0,0,1,0,0,0,0,32074,2025-05-30,1,1,2010422544,华中科技大学,20005,200050010932,6.5,387,王思文
2024-25,2024,2024-25,全部,0,0,0,0,1,0,0,0,0,0,2,0,0,0,0,0,0,0,0,2,0,0,0,0,32074,2025-05-31,0,1,2010422410,西安交通大学,20005,200050010945,3.6,214,王思文
2024-25,2024,2024-25,全部,2,1,1,2,1,0,0,1,0,1,5,0.2,0,0,0,1,2,0.5,0,3,0,0,0,0,32074,2025-06-04,0,1,1000120193,中南大学,20005,200050010973,11.6,698,王思文
2023-24,2023,2023-24,全部,6,1,3,4,3,4,0,2,0,3,6,0.5,2,3,0.6667,1,2,0.5,0,1,0,0,0,0,32074,2024-01-22,0,1,1003320454,中国人民大学,20005,200050010421,18.8,1129,王思文
2023-24,2023,2023-24,全部,4,1,1,2,0,4,1,2,0,1,6,0.1667,1,1,1,0,4,0,0,1,0,2,2,1,32074,2024-01-23,0,1,1003320452,北京师范大学,20005,200050010423,27,1618,王思文
2023-24,2023,2023-24,全部,20,2,2,4,1,3,0,2,0,9,11,0.8182,7,7,1,0,0,0,2,4,0.5,0,1,0,32074,2024-05-03,0,1,1003320539,山东大学,20005,200050010570,19.4,1164,王思文
2023-24,2023,2023-24,全部,18,6,0,6,1,1,0,0,2,7,14,0.5,1,3,0.3333,2,2,1,4,9,0.4444,0,0,0,32074,2024-05-05,1,1,1003320821,中国民航大学,20005,200050010576,22.4,1341,王思文
2023-24,2023,2023-24,全部,8,2,1,3,0,2,0,0,0,3,5,0.6,1,2,0.5,0,0,0,2,3,0.6667,0,0,0,32074,2024-05-06,0,1,1003320817,大连理工大学,20005,200050010588,22.8,1370,王思文
2023-24,2023,2023-24,全部,6,1,0,1,0,2,0,2,0,3,5,0.6,3,4,0.75,0,0,0,0,1,0,0,0,0,32074,2024-05-08,1,1,1003320540,山东科技大学,20005,200050010601,20.2,1210,王思文
2023-24,2023,2023-24,全部,4,0,1,1,0,1,0,2,0,1,5,0.2,1,2,0.5,0,0,0,0,3,0,2,4,0.5,32074,2024-05-09,0,1,1003320452,北京师范大学,20005,200050010608,15.8,948,王思文
2023-24,2023,2023-24,全部,0,0,0,0,0,1,0,1,0,0,1,0,0,0,0,0,0,0,0,1,0,0,0,0,32074,2024-05-10,1,1,1003320449,北京大学,20005,200050010614,11.4,682,王思文
2023-24,2023,2023-24,全部,14,3,1,4,1,0,1,1,0,5,12,0.4167,2,4,0.5,0,0,0,3,8,0.375,1,1,1,32074,2024-06-06,0,1,1003320435,中国矿业大学,20005,200050010622,27.7,1664,王思文
2023-24,2023,2023-24,全部,11,1,2,3,3,2,0,0,0,4,8,0.5,1,2,0.5,0,1,0,3,5,0.6,0,0,0,32074,2024-06-07,1,1,1003320653,山西财经大学,20005,200050010636,20,1200,王思文
2023-24,2023,2023-24,全部,0,0,0,0,3,1,0,0,1,0,2,0,0,0,0,0,1,0,0,1,0,0,0,0,32074,2024-06-08,0,1,1003320442,华中科技大学,20005,200050010651,12.4,743,王思文
2023-24,2023,2023-24,全部,26,5,0,5,1,1,0,0,0,11,18,0.6111,7,10,0.7,2,2,1,2,6,0.3333,2,2,1,32074,2024-06-09,1,1,1003320493,西安交通大学,20005,200050010656,28.7,1721,王思文
2023-24,2023,2023-24,全部,4,2,1,3,2,0,0,1,0,2,3,0.6667,2,3,0.6667,0,0,0,0,0,0,0,0,0,32074,2024-06-11,1,1,1000120193,中南大学,20005,200050010666,19.5,1168,王思文
2023-24,2023,2023-24,全部,0,0,0,0,1,0,0,0,1,0,1,0,0,0,0,0,0,0,0,1,0,0,0,0,32074,2024-06-29,0,2,1003320452,北京师范大学,20005,200050010668,7.7,462,王思文
2023-24,2023,2023-24,全部,6,2,1,3,1,3,0,1,2,1,6,0.1667,0,0,0,1,4,0.25,0,2,0,4,8,0.5,32074,2024-06-30,0,1,1003320442,华中科技大学,20005,200050010670,14.6,878,王思文
2022-23,2022,2022-23,全部,14,0,0,0,0,0,0,1,1,5,5,1,0,0,0,0,0,0,4,4,1,0,0,0,32074,2023-04-26,0,1,,,20005,200050010303,18,1082,王思文
2022-23,2022,2022-23,全部,11,1,1,2,3,1,0,0,1,4,8,0.5,0,0,0,0,0,0,2,5,0.4,1,1,1,32074,2023-04-27,0,1,,,20005,200050010312,14.2,851,王思文
2022-23,2022,2022-23,全部,10,1,0,1,0,3,0,1,0,3,12,0.25,0,0,0,0,0,0,1,6,0.1667,3,3,1,32074,2023-04-28,1,1,,,20005,200050010314,20,1200,王思文
2022-23,2022,2022-23,全部,12,1,0,1,1,2,0,2,0,5,9,0.5556,0,0,0,0,0,0,2,5,0.4,0,0,0,32074,2023-04-29,0,1,,,20005,200050010325,19.5,1168,王思文
2022-23,2022,2022-23,全部,23,1,1,2,0,1,0,1,1,8,18,0.4444,0,0,0,0,0,0,1,5,0.2,6,7,0.8571,32074,2023-04-30,1,1,,,20005,200050010330,36.3,2175,王思文
2022-23,2022,2022-23,全部,0,0,0,0,0,4,0,2,0,0,3,0,0,0,0,0,0,0,0,1,0,0,0,0,32074,2023-05-02,0,1,,,20005,200050010339,10.3,617,王思文
2022-23,2022,2022-23,全部,9,1,2,3,2,0,1,0,1,2,13,0.1538,0,0,0,0,0,0,0,6,0,5,5,1,32074,2023-05-03,1,2,,,20005,200050010343,32.4,1943,王思文
2022-23,2022,2022-23,全部,15,0,1,1,0,1,1,5,1,5,12,0.4167,0,0,0,0,0,0,2,4,0.5,3,3,1,32074,2023-05-26,1,1,,,20005,200050010355,27.5,1651,王思文
2022-23,2022,2022-23,全部,11,1,1,2,1,0,0,1,1,4,11,0.3636,0,0,0,0,0,0,3,6,0.5,0,1,0,32074,2023-05-27,0,1,,,20005,200050010365,18.1,1084,王思文
2022-23,2022,2022-23,全部,20,1,1,2,2,3,0,1,2,8,10,0.8,0,0,0,0,0,0,4,6,0.6667,0,0,0,32074,2023-05-28,0,1,,,20005,200050010377,16.3,977,王思文
2022-23,2022,2022-23,全部,13,3,1,4,0,3,1,1,0,5,10,0.5,0,0,0,0,0,0,3,6,0.5,0,0,0,32074,2023-05-29,1,1,,,20005,200050010384,15.8,945,王思文
2022-23,2022,2022-23,全部,4,3,1,4,3,2,1,2,1,1,11,0.0909,1,5,0.2,0,1,0,0,5,0,2,2,1,32074,2023-05-31,0,2,1003320452,北京师范大学,20005,200050010394,33.4,2004,王思文
CUBAL一级联赛,2024,2024-25,全部,24,0,3,3,0,0,1,0,4,11,14,0.7857,7,7,1,4,7,0.5714,0,0,0,2,4,0.5,88706,2024-10-23,0,1,2010421733,北京工业大学,20005,200050010679,21.8,1309,孙楷文
CUBAL一级联赛,2024,2024-25,全部,2,0,3,3,0,0,0,1,5,1,2,0.5,1,1,1,0,1,0,0,0,0,0,0,0,88706,2025-06-01,0,1,1003320435,中国矿业大学,20005,200050010954,9.6,575,孙楷文
CUBAL一级联赛,2024,2024-25,全部,23,7,6,13,1,1,1,0,2,9,17,0.5294,6,9,0.6667,1,3,0.3333,1,4,0.25,4,4,1,88706,2025-06-02,0,1,2010422416,山西财经大学,20005,200050010962,28.3,1700,孙楷文
CUBAL一级联赛,2024,2024-25,全部,17,0,1,1,1,0,1,1,2,8,14,0.5714,7,8,0.875,1,6,0.1667,0,0,0,1,2,0.5,88706,2024-10-20,1,1,2010421729,北京体育大学,20005,200050010676,22.4,1341,孙楷文
CUBAL一级联赛,2024,2024-25,全部,15,3,5,8,1,1,1,0,3,5,9,0.5556,3,4,0.75,2,5,0.4,0,0,0,5,8,0.625,88706,2024-10-26,1,1,1003320454,中国人民大学,20005,200050010683,22.7,1361,孙楷文
CUBAL一级联赛,2024,2024-25,全部,19,4,3,7,1,1,1,2,3,8,14,0.5714,6,11,0.5455,2,3,0.6667,0,0,0,3,4,0.75,88706,2024-10-27,0,1,1003320451,北京科技大学,20005,200050010686,23.5,1409,孙楷文
CUBAL一级联赛,2024,2024-25,全部,0,1,0,1,0,0,0,0,0,0,2,0,0,1,0,0,1,0,0,0,0,0,0,0,88706,2024-10-30,1,2,1003320452,北京师范大学,20005,200050010689,4,239,孙楷文
CUBAL一级联赛,2024,2024-25,全部,6,0,2,2,0,1,0,1,4,2,5,0.4,0,0,0,2,5,0.4,0,0,0,2,4,0.5,88706,2024-11-02,1,1,1003320449,北京大学,20005,200050010693,23.6,1416,孙楷文
CUBAL一级联赛,2024,2024-25,全部,12,0,6,6,1,0,1,1,2,6,9,0.6667,4,5,0.8,2,4,0.5,0,0,0,0,0,0,88706,2025-03-12,1,1,1003320817,大连理工大学,20005,200050010787,18.1,1084,孙楷文
CUBAL一级联赛,2024,2024-25,全部,12,1,5,6,2,0,1,1,4,4,7,0.5714,3,4,0.75,0,1,0,1,2,0.5,3,4,0.75,88706,2025-03-13,0,1,1003320661,天津财经大学,20005,200050010792,22,1318,孙楷文
CUBAL一级联赛,2024,2024-25,全部,11,0,5,5,3,2,1,0,1,5,8,0.625,4,5,0.8,0,2,0,1,1,1,0,0,0,88706,2025-03-15,1,1,2010422340,哈尔滨体育学院,20005,200050010798,23.1,1388,孙楷文
CUBAL一级联赛,2024,2024-25,全部,4,0,3,3,1,0,0,1,0,1,1,1,1,1,1,0,0,0,0,0,0,2,2,1,88706,2025-03-16,0,1,1003320545,中国海洋大学,20005,200050010806,8.6,513,孙楷文
CUBAL一级联赛,2024,2024-25,全部,12,3,1,4,0,0,0,0,0,5,5,1,3,3,1,2,2,1,0,0,0,2,4,0.5,88706,2025-03-17,0,1,2010422337,山东理工大学,20005,200050010813,8.5,510,孙楷文
CUBAL一级联赛,2024,2024-25,全部,2,1,1,2,0,0,0,0,3,1,3,0.3333,1,2,0.5,0,1,0,0,0,0,0,0,0,88706,2025-03-18,1,2,1003320452,北京师范大学,20005,200050010821,9.1,544,孙楷文
CUBAL一级联赛,2024,2024-25,全部,0,1,2,3,1,0,0,2,4,0,2,0,0,1,0,0,1,0,0,0,0,0,0,0,88706,2025-05-30,1,1,2010422544,华中科技大学,20005,200050010932,16.2,969,孙楷文
CUBAL一级联赛,2024,2024-25,全部,9,2,2,4,0,0,1,1,1,3,7,0.4286,3,6,0.5,0,0,0,0,1,0,3,6,0.5,88706,2025-05-31,0,1,2010422410,西安交通大学,20005,200050010945,18.2,1094,孙楷文
CUBAL一级联赛,2024,2024-25,全部,8,2,2,4,0,0,0,2,0,2,3,0.6667,1,1,1,1,2,0.5,0,0,0,4,4,1,88706,2025-06-04,0,1,1000120193,中南大学,20005,200050010973,9.7,579,孙楷文
CUBAL一级联赛,2024,2024-25,全部,0,0,2,2,0,0,1,1,3,0,0,0,0,0,0,0,0,0,0,0,0,0,0,0,88706,2025-06-05,1,1,1003320780,上海交通大学,20005,200050010975,2.3,136,孙楷文
CUBAL一级联赛,2024,2024-25,全部,0,0,1,1,0,0,0,0,0,0,1,0,0,0,0,0,0,0,0,1,0,0,0,0,88706,2025-06-06,0,2,1003320449,北京大学,20005,200050010977,2.8,169,孙楷文
2024-25,2024,2024-25,全部,19,3,2,5,0,1,0,1,0,8,11,0.7273,4,4,1,3,4,0.75,1,3,0.3333,2,4,0.5,32067,2024-10-23,0,1,2010421733,北京工业大学,20005,200050010679,18.2,1091,高梓悦
2024-25,2024,2024-25,全部,18,8,9,17,0,1,0,1,0,8,17,0.4706,7,14,0.5,0,0,0,1,3,0.3333,1,2,0.5,32067,2025-06-01,0,1,1003320435,中国矿业大学,20005,200050010954,27.7,1659,高梓悦
2024-25,2024,2024-25,全部,7,0,2,2,1,0,0,0,0,3,3,1,1,1,1,2,2,1,0,0,0,1,1,1,32067,2025-06-02,0,1,2010422416,山西财经大学,20005,200050010962,5.3,315,高梓悦
2024-25,2024,2024-25,全部,16,4,7,11,2,1,0,1,0,8,13,0.6154,5,7,0.7143,3,6,0.5,0,0,0,0,0,0,32067,2024-10-26,1,1,1003320454,中国人民大学,20005,200050010683,21.3,1276,高梓悦
2024-25,2024,2024-25,全部,14,0,5,5,1,1,2,0,0,7,10,0.7,5,6,0.8333,2,4,0.5,0,0,0,0,0,0,32067,2024-10-27,0,1,1003320451,北京科技大学,20005,200050010686,16.5,991,高梓悦
2024-25,2024,2024-25,全部,16,1,1,2,2,1,0,3,3,6,10,0.6,5,6,0.8333,1,4,0.25,0,0,0,4,5,0.8,32067,2024-10-30,1,2,1003320452,北京师范大学,20005,200050010689,29.9,1792,高梓悦
2024-25,2024,2024-25,全部,19,1,8,9,1,2,0,1,2,7,12,0.5833,4,4,1,2,5,0.4,1,3,0.3333,4,4,1,32067,2024-11-02,1,1,1003320449,北京大学,20005,200050010693,26.9,1615,高梓悦
2024-25,2024,2024-25,全部,6,1,2,3,3,1,1,1,0,2,3,0.6667,2,2,1,0,1,0,0,0,0,2,2,1,32067,2025-03-12,1,1,1003320817,大连理工大学,20005,200050010787,9.2,552,高梓悦
2024-25,2024,2024-25,全部,8,0,1,1,0,1,1,0,0,4,7,0.5714,3,4,0.75,1,2,0.5,0,1,0,0,1,0,32067,2025-03-13,0,1,1003320661,天津财经大学,20005,200050010792,12.3,740,高梓悦
2024-25,2024,2024-25,全部,9,1,2,3,1,2,1,0,0,4,6,0.6667,2,2,1,2,3,0.6667,0,1,0,1,1,1,32067,2025-03-15,1,1,2010422340,哈尔滨体育学院,20005,200050010798,10,600,高梓悦
2024-25,2024,2024-25,全部,20,3,5,8,2,1,0,0,2,10,14,0.7143,6,7,0.8571,4,6,0.6667,0,1,0,0,0,0,32067,2025-03-16,0,1,1003320545,中国海洋大学,20005,200050010806,17,1018,高梓悦
2024-25,2024,2024-25,全部,11,2,4,6,1,0,2,4,3,5,11,0.4545,2,4,0.5,3,6,0.5,0,1,0,1,1,1,32067,2025-03-17,0,1,2010422337,山东理工大学,20005,200050010813,21.8,1310,高梓悦
2024-25,2024,2024-25,全部,18,8,7,15,0,3,0,4,5,7,19,0.3684,4,8,0.5,3,8,0.375,0,3,0,4,8,0.5,32067,2025-03-18,1,2,1003320452,北京师范大学,20005,200050010821,42.6,2554,高梓悦
2024-25,2024,2024-25,全部,17,3,2,5,2,2,0,1,1,7,12,0.5833,5,6,0.8333,1,3,0.3333,1,3,0.3333,2,2,1,32067,2025-05-30,1,1,2010422544,华中科技大学,20005,200050010932,27.6,1654,高梓悦
2024-25,2024,2024-25,全部,16,3,6,9,1,4,1,3,2,8,10,0.8,5,5,1,3,5,0.6,0,0,0,0,2,0,32067,2025-05-31,0,1,2010422410,西安交通大学,20005,200050010945,21.7,1303,高梓悦
2024-25,2024,2024-25,全部,16,1,2,3,2,2,0,0,1,6,10,0.6,2,3,0.6667,3,4,0.75,1,3,0.3333,3,3,1,32067,2025-06-04,0,1,1000120193,中南大学,20005,200050010973,23.3,1398,高梓悦
2024-25,2024,2024-25,全部,20,4,5,9,1,0,0,1,1,9,13,0.6923,8,10,0.8,1,3,0.3333,0,0,0,2,2,1,32067,2025-06-05,1,1,1003320780,上海交通大学,20005,200050010975,32.7,1959,高梓悦
2024-25,2024,2024-25,全部,10,1,10,11,2,2,3,2,3,5,11,0.4545,5,5,1,0,4,0,0,2,0,0,1,0,32067,2025-06-06,0,2,1003320449,北京大学,20005,200050010977,30.8,1849,高梓悦
2023-24,2023,2023-24,全部,8,3,3,6,0,0,0,1,1,3,9,0.3333,2,2,1,1,7,0.1429,0,0,0,2,2,1,32067,2024-01-22,0,1,1003320454,中国人民大学,20005,200050010421,18.7,1120,高梓悦
2023-24,2023,2023-24,全部,2,2,1,3,1,1,1,0,1,1,3,0.3333,1,1,1,0,2,0,0,0,0,0,2,0,32067,2024-01-23,0,1,1003320452,北京师范大学,20005,200050010423,11.8,707,高梓悦
2023-24,2023,2023-24,全部,18,5,6,11,2,2,0,0,2,9,18,0.5,6,10,0.6,3,8,0.375,0,0,0,0,0,0,32067,2024-01-24,1,1,2010421733,北京工业大学,20005,200050010428,30.5,1831,高梓悦
2023-24,2023,2023-24,全部,6,2,6,8,1,0,0,1,1,3,8,0.375,2,4,0.5,1,4,0.25,0,0,0,0,0,0,32067,2024-01-25,1,1,1003320451,北京科技大学,20005,200050010429,20.3,1220,高梓悦
2023-24,2023,2023-24,全部,2,2,5,7,1,1,1,2,5,1,5,0.2,1,2,0.5,0,3,0,0,0,0,0,2,0,32067,2024-01-26,1,1,1003320449,北京大学,20005,200050010432,17.9,1071,高梓悦
2023-24,2023,2023-24,全部,14,1,3,4,3,1,1,1,0,6,11,0.5455,3,5,0.6,3,5,0.6,0,1,0,2,2,1,32067,2024-05-03,0,1,1003320539,山东大学,20005,200050010570,15.8,947,高梓悦
2023-24,2023,2023-24,全部,23,12,6,18,0,1,0,0,0,11,22,0.5,8,15,0.5333,3,6,0.5,0,1,0,1,2,0.5,32067,2024-05-05,1,1,1003320821,中国民航大学,20005,200050010576,20.3,1215,高梓悦
2023-24,2023,2023-24,全部,11,2,1,3,0,2,1,0,1,4,5,0.8,3,4,0.75,1,1,1,0,0,0,3,3,1,32067,2024-05-06,0,1,1003320817,大连理工大学,20005,200050010588,14.1,846,高梓悦
2023-24,2023,2023-24,全部,22,5,4,9,3,1,0,0,0,11,16,0.6875,9,10,0.9,2,6,0.3333,0,0,0,0,0,0,32067,2024-05-08,1,1,1003320540,山东科技大学,20005,200050010601,15.9,952,高梓悦
2023-24,2023,2023-24,全部,6,2,4,6,2,2,0,0,0,3,6,0.5,3,3,1,0,3,0,0,0,0,0,0,0,32067,2024-05-09,0,1,1003320452,北京师范大学,20005,200050010608,21.3,1279,高梓悦
2023-24,2023,2023-24,全部,2,3,5,8,0,1,1,1,1,1,5,0.2,1,3,0.3333,0,2,0,0,0,0,0,0,0,32067,2024-05-10,1,1,1003320449,北京大学,20005,200050010614,16.7,999,高梓悦
2023-24,2023,2023-24,全部,8,3,7,10,1,0,0,2,3,2,9,0.2222,2,7,0.2857,0,2,0,0,0,0,4,5,0.8,32067,2024-06-06,0,1,1003320435,中国矿业大学,20005,200050010622,14.2,853,高梓悦
2023-24,2023,2023-24,全部,11,7,2,9,0,2,2,2,1,5,15,0.3333,5,10,0.5,0,5,0,0,0,0,1,1,1,32067,2024-06-07,1,1,1003320653,山西财经大学,20005,200050010636,23.1,1387,高梓悦
2023-24,2023,2023-24,全部,7,5,2,7,1,2,0,2,0,3,4,0.75,2,3,0.6667,1,1,1,0,0,0,1,4,0.25,32067,2024-06-08,0,1,1003320442,华中科技大学,20005,200050010651,23.3,1395,高梓悦
2023-24,2023,2023-24,全部,10,4,7,11,0,1,1,2,2,4,5,0.8,2,2,1,2,3,0.6667,0,0,0,2,2,1,32067,2024-06-09,1,1,1003320493,西安交通大学,20005,200050010656,16.4,981,高梓悦
2023-24,2023,2023-24,全部,5,0,3,3,1,2,1,1,1,2,7,0.2857,1,2,0.5,1,5,0.2,0,0,0,1,2,0.5,32067,2024-06-11,1,1,1000120193,中南大学,20005,200050010666,15.6,936,高梓悦
2023-24,2023,2023-24,全部,6,2,4,6,0,0,1,1,2,2,8,0.25,1,3,0.3333,1,5,0.2,0,0,0,2,4,0.5,32067,2024-06-29,0,2,1003320452,北京师范大学,20005,200050010668,20.3,1218,高梓悦
2023-24,2023,2023-24,全部,2,2,3,5,2,0,1,0,4,1,5,0.2,1,2,0.5,0,3,0,0,0,0,0,0,0,32067,2024-06-30,0,1,1003320442,华中科技大学,20005,200050010670,14.4,863,高梓悦
2022-23,2022,2022-23,全部,22,8,9,17,1,1,0,4,1,9,14,0.6429,0,0,0,0,0,0,0,1,0,4,4,1,32067,2023-04-26,0,1,,,20005,200050010303,27,1618,高梓悦
2022-23,2022,2022-23,全部,18,5,4,9,3,4,1,4,0,9,19,0.4737,0,0,0,0,0,0,0,1,0,0,0,0,32067,2023-04-27,0,1,,,20005,200050010312,21.2,1274,高梓悦
2022-23,2022,2022-23,全部,8,3,1,4,2,0,0,1,0,4,6,0.6667,0,0,0,0,0,0,0,1,0,0,0,0,32067,2023-04-28,1,1,,,20005,200050010314,10,600,高梓悦
2022-23,2022,2022-23,全部,20,4,6,10,1,1,1,2,1,9,14,0.6429,0,0,0,0,0,0,0,0,0,2,2,1,32067,2023-04-29,0,1,,,20005,200050010325,24.4,1461,高梓悦
2022-23,2022,2022-23,全部,13,4,2,6,0,2,1,3,2,5,11,0.4545,0,0,0,0,0,0,1,1,1,2,2,1,32067,2023-04-30,1,1,,,20005,200050010330,19.9,1191,高梓悦
2022-23,2022,2022-23,全部,0,0,0,0,0,0,0,0,0,0,0,0,0,0,0,0,0,0,0,0,0,0,0,0,32067,2023-05-01,0,1,,,20005,200050010333,3.1,188,高梓悦
2022-23,2022,2022-23,全部,4,1,2,3,0,0,0,0,0,2,2,1,0,0,0,0,0,0,0,0,0,0,0,0,32067,2023-05-02,0,1,,,20005,200050010339,4.4,264,高梓悦
2022-23,2022,2022-23,全部,12,6,2,8,0,0,1,2,2,5,10,0.5,0,0,0,0,0,0,0,1,0,2,4,0.5,32067,2023-05-03,1,2,,,20005,200050010343,18,1077,高梓悦
2022-23,2022,2022-23,全部,8,1,1,2,0,2,2,2,0,4,9,0.4444,0,0,0,0,0,0,0,1,0,0,1,0,32067,2023-05-26,1,1,,,20005,200050010355,16.2,970,高梓悦
2022-23,2022,2022-23,全部,8,3,6,9,1,0,0,0,0,4,8,0.5,0,0,0,0,0,0,0,1,0,0,0,0,32067,2023-05-27,0,1,,,20005,200050010365,15.4,922,高梓悦
2022-23,2022,2022-23,全部,6,1,0,1,0,1,0,1,3,3,7,0.4286,0,0,0,0,0,0,0,0,0,0,1,0,32067,2023-05-28,0,1,,,20005,200050010377,12.2,734,高梓悦
2022-23,2022,2022-23,全部,4,3,2,5,1,3,1,0,1,1,6,0.1667,1,2,0.5,0,4,0,0,0,0,2,2,1,32067,2023-05-31,0,2,1003320452,北京师范大学,20005,200050010394,13.8,828,高梓悦
2024-25,2024,2024-25,全部,,,,,,,,,,,,,,,,,,,,,,,,,,,,,,,,,,,金耘可
2023-24,2023,2023-24,全部,2,0,1,1,1,0,0,1,1,1,4,0.25,0,1,0,1,2,0.5,0,1,0,0,2,0,32073,2024-01-25,1,1,1003320451,北京科技大学,20005,200050010429,11.7,704,金耘可
2022-23,2022,2022-23,全部,2,1,3,4,0,0,0,1,1,1,5,0.2,0,0,0,0,0,0,0,1,0,0,0,0,32073,2023-04-26,0,1,,,20005,200050010303,9.9,595,金耘可
2022-23,2022,2022-23,全部,0,3,0,3,0,1,0,0,4,0,3,0,0,0,0,0,0,0,0,0,0,0,0,0,32073,2023-04-27,0,1,,,20005,200050010312,15.4,921,金耘可
2022-23,2022,2022-23,全部,6,4,11,15,1,1,1,1,1,3,11,0.2727,0,0,0,0,0,0,0,3,0,0,2,0,32073,2023-04-28,1,1,,,20005,200050010314,20,1200,金耘可
2022-23,2022,2022-23,全部,0,1,3,4,0,0,0,2,1,0,1,0,0,0,0,0,0,0,0,0,0,0,0,0,32073,2023-04-29,0,1,,,20005,200050010325,10.3,615,金耘可
2022-23,2022,2022-23,全部,0,0,0,0,0,0,0,0,0,0,0,0,0,0,0,0,0,0,0,0,0,0,0,0,32073,2023-04-30,1,1,,,20005,200050010330,0.4,26,金耘可
2022-23,2022,2022-23,全部,6,10,12,22,1,0,0,2,1,3,11,0.2727,0,0,0,0,0,0,0,0,0,0,2,0,32073,2023-05-01,0,1,,,20005,200050010333,29.6,1778,金耘可
2022-23,2022,2022-23,全部,12,4,9,13,2,1,0,4,0,4,4,1,0,0,0,0,0,0,2,2,1,2,2,1,32073,2023-05-02,0,1,,,20005,200050010339,21.5,1288,金耘可
2022-23,2022,2022-23,全部,2,1,3,4,0,0,0,1,1,1,3,0.3333,0,0,0,0,0,0,0,0,0,0,0,0,32073,2023-05-27,0,1,,,20005,200050010365,11.3,679,金耘可
2022-23,2022,2022-23,全部,0,3,1,4,0,3,1,1,1,0,3,0,0,0,0,0,0,0,0,1,0,0,0,0,32073,2023-05-28,0,1,,,20005,200050010377,12.4,746,金耘可
2022-23,2022,2022-23,全部,8,10,5,15,2,0,0,3,0,3,12,0.25,0,0,0,0,0,0,0,3,0,2,3,0.6667,32073,2023-05-29,1,1,,,20005,200050010384,20.8,1249,金耘可
2024-25,2024,2024-25,全部,8,3,3,6,2,2,0,0,1,4,7,0.5714,0,0,0,4,6,0.6667,0,1,0,0,0,0,93035,2024-10-23,0,1,2010421733,北京工业大学,20005,200050010679,18.1,1088,李瑜婧
2024-25,2024,2024-25,全部,5,1,1,2,0,0,0,2,4,0,4,0,0,0,0,0,1,0,0,3,0,5,5,1,93035,2025-06-01,0,1,1003320435,中国矿业大学,20005,200050010954,28.2,1691,李瑜婧
2024-25,2024,2024-25,全部,5,1,0,1,2,0,0,1,0,2,3,0.6667,0,0,0,1,1,1,1,2,0.5,0,0,0,93035,2025-06-02,0,1,2010422416,山西财经大学,20005,200050010962,13.9,835,李瑜婧
2024-25,2024,2024-25,全部,0,0,2,2,1,2,1,0,2,0,0,0,0,0,0,0,0,0,0,0,0,0,0,0,93035,2024-10-20,1,1,2010421729,北京体育大学,20005,200050010676,18.3,1096,李瑜婧
2024-25,2024,2024-25,全部,12,4,0,4,1,1,0,3,3,6,11,0.5455,4,8,0.5,2,3,0.6667,0,0,0,0,0,0,93035,2024-10-26,1,1,1003320454,中国人民大学,20005,200050010683,17.6,1058,李瑜婧
2024-25,2024,2024-25,全部,4,0,4,4,2,0,0,1,1,2,4,0.5,1,2,0.5,1,2,0.5,0,0,0,0,0,0,93035,2024-10-27,0,1,1003320451,北京科技大学,20005,200050010686,21.2,1272,李瑜婧
2024-25,2024,2024-25,全部,1,1,1,2,1,0,0,2,1,0,0,0,0,0,0,0,0,0,0,0,0,1,2,0.5,93035,2024-10-30,1,2,1003320452,北京师范大学,20005,200050010689,13.2,789,李瑜婧
2024-25,2024,2024-25,全部,5,2,0,2,0,0,0,0,4,2,4,0.5,1,1,1,1,3,0.3333,0,0,0,1,2,0.5,93035,2024-11-02,1,1,1003320449,北京大学,20005,200050010693,8.1,487,李瑜婧
2024-25,2024,2024-25,全部,2,1,0,1,0,0,0,1,1,1,3,0.3333,1,2,0.5,0,0,0,0,1,0,0,0,0,93035,2025-03-12,1,1,1003320817,大连理工大学,20005,200050010787,8.7,523,李瑜婧
2024-25,2024,2024-25,全部,6,0,1,1,2,0,0,0,0,3,6,0.5,3,5,0.6,0,1,0,0,0,0,0,0,0,93035,2025-03-13,0,1,1003320661,天津财经大学,20005,200050010792,7.3,436,李瑜婧
2024-25,2024,2024-25,全部,11,1,2,3,1,0,0,1,0,4,11,0.3636,0,0,0,1,2,0.5,3,9,0.3333,0,0,0,93035,2025-03-15,1,1,2010422340,哈尔滨体育学院,20005,200050010798,21.8,1306,李瑜婧
2024-25,2024,2024-25,全部,2,1,3,4,1,1,0,3,2,1,2,0.5,1,1,1,0,0,0,0,1,0,0,0,0,93035,2025-03-16,0,1,1003320545,中国海洋大学,20005,200050010806,13.5,807,李瑜婧
2024-25,2024,2024-25,全部,2,2,2,4,1,1,0,1,0,1,2,0.5,1,2,0.5,0,0,0,0,0,0,0,0,0,93035,2025-03-17,0,1,2010422337,山东理工大学,20005,200050010813,15.2,910,李瑜婧
2024-25,2024,2024-25,全部,3,2,0,2,0,0,0,1,1,1,1,1,0,0,0,1,1,1,0,0,0,1,2,0.5,93035,2025-03-18,1,2,1003320452,北京师范大学,20005,200050010821,7.7,460,李瑜婧
2024-25,2024,2024-25,全部,3,1,1,2,6,0,0,3,1,1,7,0.1429,0,1,0,1,4,0.25,0,2,0,1,1,1,93035,2025-05-30,1,1,2010422544,华中科技大学,20005,200050010932,28.2,1693,李瑜婧
2024-25,2024,2024-25,全部,7,1,1,2,1,1,0,2,2,3,5,0.6,1,1,1,1,2,0.5,1,2,0.5,0,0,0,93035,2025-05-31,0,1,2010422410,西安交通大学,20005,200050010945,21.1,1267,李瑜婧
2024-25,2024,2024-25,全部,5,1,1,2,4,1,0,0,1,2,4,0.5,0,0,0,1,3,0.3333,1,1,1,0,0,0,93035,2025-06-04,0,1,1000120193,中南大学,20005,200050010973,23.5,1411,李瑜婧
2024-25,2024,2024-25,全部,0,1,1,2,0,0,0,1,3,0,1,0,0,1,0,0,0,0,0,0,0,0,0,0,93035,2025-06-05,1,1,1003320780,上海交通大学,20005,200050010975,18,1081,李瑜婧
2024-25,2024,2024-25,全部,2,1,0,1,1,0,0,1,2,1,4,0.25,1,1,1,0,0,0,0,3,0,0,0,0,93035,2025-06-06,0,2,1003320449,北京大学,20005,200050010977,15.1,908,李瑜婧
2023-24,2023,2023-24,全部,2,2,4,6,2,2,0,0,2,0,1,0,0,0,0,0,1,0,0,0,0,2,2,1,93035,2024-01-22,0,1,1003320454,中国人民大学,20005,200050010421,14.3,856,李瑜婧
2023-24,2023,2023-24,全部,0,0,3,3,2,1,0,0,2,0,1,0,0,1,0,0,0,0,0,0,0,0,0,0,93035,2024-01-24,1,1,2010421733,北京工业大学,20005,200050010428,11.9,714,李瑜婧
2023-24,2023,2023-24,全部,6,1,0,1,1,4,0,0,1,3,6,0.5,2,3,0.6667,1,3,0.3333,0,0,0,0,0,0,93035,2024-01-25,1,1,1003320451,北京科技大学,20005,200050010429,19.1,1148,李瑜婧
2023-24,2023,2023-24,全部,2,1,0,1,1,0,0,0,0,1,1,1,1,1,1,0,0,0,0,0,0,0,0,0,93035,2024-05-03,0,1,1003320539,山东大学,20005,200050010570,9.1,544,李瑜婧
2023-24,2023,2023-24,全部,2,0,0,0,0,0,0,0,0,1,1,1,0,0,0,1,1,1,0,0,0,0,0,0,93035,2024-05-05,1,1,1003320821,中国民航大学,20005,200050010576,2.2,134,李瑜婧
2023-24,2023,2023-24,全部,0,0,0,0,0,1,1,0,0,0,1,0,0,1,0,0,0,0,0,0,0,0,0,0,93035,2024-05-06,0,1,1003320817,大连理工大学,20005,200050010588,6.4,386,李瑜婧
2023-24,2023,2023-24,全部,0,1,0,1,0,0,0,1,0,0,1,0,0,1,0,0,0,0,0,0,0,0,0,0,93035,2024-05-08,1,1,1003320540,山东科技大学,20005,200050010601,6.6,397,李瑜婧
2023-24,2023,2023-24,全部,0,0,0,0,0,0,0,0,0,0,0,0,0,0,0,0,0,0,0,0,0,0,0,0,93035,2024-05-09,0,1,1003320452,北京师范大学,20005,200050010608,2.4,144,李瑜婧
2023-24,2023,2023-24,全部,2,1,2,3,0,0,0,0,2,1,3,0.3333,0,0,0,1,3,0.3333,0,0,0,0,0,0,93035,2024-06-07,1,1,1003320653,山西财经大学,20005,200050010636,10,600,李瑜婧
2023-24,2023,2023-24,全部,4,2,1,3,1,2,0,1,1,2,3,0.6667,1,2,0.5,1,1,1,0,0,0,0,0,0,93035,2024-06-09,1,1,1003320493,西安交通大学,20005,200050010656,10,600,李瑜婧
2023-24,2023,2023-24,全部,5,0,1,1,0,3,0,0,2,1,2,0.5,1,1,1,0,1,0,0,0,0,3,4,0.75,93035,2024-06-11,1,1,1000120193,中南大学,20005,200050010666,12.5,748,李瑜婧
2023-24,2023,2023-24,全部,2,0,0,0,0,0,0,0,0,1,1,1,1,1,1,0,0,0,0,0,0,0,0,0,93035,2024-06-30,0,1,1003320442,华中科技大学,20005,200050010670,2.5,150,李瑜婧
2024-25,2024,2024-25,全部,,,,,,,,,,,,,,,,,,,,,,,,,,,,,,,,,,,郑梓怡
2023-24,2023,2023-24,全部,,,,,,,,,,,,,,,,,,,,,,,,,,,,,,,,,,,郑梓怡