_group,_leagueName,上场时间(秒),上场时间(分钟),出场次数,打法类型,得分,每回合得分,打法类型回合数,篮下出手数,篮下命中数,篮下未命中数,中距离出手数,中距离命中数,中距离未命中数,三分出手数,三分命中数,三分未命中数,失误,有效投篮命中率,篮下比重,中距离比重,三分比重,失误占比,造罚球回合数,造罚球占比,playerId,playerName,playerEnName,number,age,sex,teamId,teamName,position,height,weight,positionCn,leagueEventId,leagueEvent,seasonId,season,year,每100回合打法使用次数,每36分钟打法使用次数,每36分钟打法使用次数百分位排名,每100回合打法使用次数百分位排名,球员每回合得分百分位排名,球员有效投篮命中率百分位排名,球员篮下出手占比百分位排名,球员中距离出手占比百分位排名,球员三分出手占比百分位排名,球员失误占比百分位排名,球员造罚球占比百分位排名,_playerName
CUBAL一级联赛,CUBAL一级联赛,20035,333.9,17,Transition,35,0.9211,38,10,6,4,2,1,1,22,7,15,4,0.514706,0.2941,0.0588,0.6471,0.1053,0,0,40730,李嘉琳,Li Jialin,2,,,1003320453,清华大学,SF,,,小前锋,20005,CUBAL一级联赛,200406,2024-25,2024,5.8756,4.097,44.47,45.62,58.99,53,10.83,18.43,95.39,73.96,0,
CUBAL一级联赛,CUBAL一级联赛,20035,333.9,17,P&R-Ball-Handler,15,1,15,1,1,0,6,2,4,6,3,3,2,0.576923,0.0769,0.4615,0.4615,0.1333,0,0,40730,李嘉琳,Li Jialin,2,,,1003320453,清华大学,SF,,,小前锋,20005,CUBAL一级联赛,200406,2024-25,2024,2.3193,1.6173,7.69,8.28,93.49,90.53,13.02,76.33,66.27,75.15,0,
CUBAL一级联赛,CUBAL一级联赛,20035,333.9,17,Isolation,0,0,1,0,0,0,0,0,0,1,0,1,0,0,0,0,1,0,0,0,40730,李嘉琳,Li Jialin,2,,,1003320453,清华大学,SF,,,小前锋,20005,CUBAL一级联赛,200406,2024-25,2024,0.1546,0.1078,,,,,,,,,,
CUBAL一级联赛,CUBAL一级联赛,20035,333.9,17,Spot-Up,52,0.7324,71,1,0,1,9,2,7,56,16,40,5,0.393939,0.0152,0.1364,0.8485,0.0704,0,0,40730,李嘉琳,Li Jialin,2,,,1003320453,清华大学,SF,,,小前锋,20005,CUBAL一级联赛,200406,2024-25,2024,10.9782,7.655,76.19,79.22,64.29,61.9,21.21,32.47,84.42,79.22,0,
CUBAL一级联赛,CUBAL一级联赛,20035,333.9,17,Off-Screen,12,0.8,15,0,0,0,1,0,1,13,4,9,1,0.428571,0,0.0714,0.9286,0.0667,0,0,40730,李嘉琳,Li Jialin,2,,,1003320453,清华大学,SF,,,小前锋,20005,CUBAL一级联赛,200406,2024-25,2024,2.3193,1.6173,32.35,35.29,57.35,55.88,0,20.59,88.24,57.35,0,
CUBAL一级联赛,CUBAL一级联赛,20035,333.9,17,Hand-Off,3,0.75,4,0,0,0,0,0,0,3,1,2,1,0.5,0,0,1,0.25,0,0,40730,李嘉琳,Li Jialin,2,,,1003320453,清华大学,SF,,,小前锋,20005,CUBAL一级联赛,200406,2024-25,2024,0.6185,0.4313,,,,,,,,,,
CUBAL一级联赛,CUBAL一级联赛,20035,333.9,17,Cut,10,1.25,8,2,1,1,5,3,2,0,0,0,0,0.571429,0.2857,0.7143,0,0,1,0.125,40730,李嘉琳,Li Jialin,2,,,1003320453,清华大学,SF,,,小前锋,20005,CUBAL一级联赛,200406,2024-25,2024,1.237,0.8625,,,,,,,,,,
CUBAL一级联赛,CUBAL一级联赛,20035,333.9,17,P&R-Roll-Man,0,0,1,0,0,0,1,0,1,0,0,0,0,0,0,1,0,0,0,0,40730,李嘉琳,Li Jialin,2,,,1003320453,清华大学,SF,,,小前锋,20005,CUBAL一级联赛,200406,2024-25,2024,0.1546,0.1078,,,,,,,,,,
CUBAL一级联赛,CUBAL一级联赛,20035,333.9,17,Put-Backs,7,1.1667,6,4,3,1,1,0,1,0,0,0,0,0.6,0.8,0.2,0,0,1,0.1667,40730,李嘉琳,Li Jialin,2,,,1003320453,清华大学,SF,,,小前锋,20005,CUBAL一级联赛,200406,2024-25,2024,0.9277,0.6469,,,,,,,,,,
CUBAL一级联赛,CUBAL一级联赛,20035,333.9,17,Miscellaneous,2,0.2,10,0,0,0,1,1,0,2,0,2,7,0.333333,0,0.3333,0.6667,0.7,0,0,40730,李嘉琳,Li Jialin,2,,,1003320453,清华大学,SF,,,小前锋,20005,CUBAL一级联赛,200406,2024-25,2024,1.5462,1.0782,2.36,2.36,43.31,43.31,0,55.91,87.4,50.39,0,
CUBAL一级联赛,CUBAL一级联赛,8570,142.8,11,Transition,9,1.125,8,2,0,2,0,0,0,6,3,3,0,0.5625,0.25,0,0.75,0,0,0,40730,李嘉琳,Li Jialin,2,,,1003320453,清华大学,SG,,,得分后卫,20005,CUBAL一级联赛,200267,2023-24,2023,3.3798,2.0168,,,,,,,,,,
CUBAL一级联赛,CUBAL一级联赛,8570,142.8,11,P&R-Ball-Handler,10,1.4286,7,0,0,0,2,1,1,3,2,1,1,0.8,0,0.4,0.6,0.1429,1,0.1429,40730,李嘉琳,Li Jialin,2,,,1003320453,清华大学,SG,,,得分后卫,20005,CUBAL一级联赛,200267,2023-24,2023,2.9573,1.7647,,,,,,,,,,
CUBAL一级联赛,CUBAL一级联赛,8570,142.8,11,Isolation,0,0,1,0,0,0,0,0,0,1,0,1,0,0,0,0,1,0,0,0,40730,李嘉琳,Li Jialin,2,,,1003320453,清华大学,SG,,,得分后卫,20005,CUBAL一级联赛,200267,2023-24,2023,0.4225,0.2521,,,,,,,,,,
CUBAL一级联赛,CUBAL一级联赛,8570,142.8,11,Spot-Up,28,1.5556,18,0,0,0,2,2,0,16,8,8,0,0.777778,0,0.1111,0.8889,0,0,0,40730,李嘉琳,Li Jialin,2,,,1003320453,清华大学,SG,,,得分后卫,20005,CUBAL一级联赛,200267,2023-24,2023,7.6045,4.5378,37.98,54.57,100,99.28,0,15.38,92.07,100,0,
CUBAL一级联赛,CUBAL一级联赛,8570,142.8,11,Off-Screen,3,0.5,6,0,0,0,0,0,0,6,1,5,0,0.25,0,0,1,0,0,0,40730,李嘉琳,Li Jialin,2,,,1003320453,清华大学,SG,,,得分后卫,20005,CUBAL一级联赛,200267,2023-24,2023,2.5348,1.5126,,,,,,,,,,
CUBAL一级联赛,CUBAL一级联赛,8570,142.8,11,Hand-Off,6,2,3,0,0,0,0,0,0,2,2,0,1,1.5,0,0,1,0.3333,0,0,40730,李嘉琳,Li Jialin,2,,,1003320453,清华大学,SG,,,得分后卫,20005,CUBAL一级联赛,200267,2023-24,2023,1.2674,0.7563,,,,,,,,,,
CUBAL一级联赛,CUBAL一级联赛,8570,142.8,11,Cut,2,0.6667,3,0,0,0,3,1,2,0,0,0,0,0.333333,0,1,0,0,0,0,40730,李嘉琳,Li Jialin,2,,,1003320453,清华大学,SG,,,得分后卫,20005,CUBAL一级联赛,200267,2023-24,2023,1.2674,0.7563,,,,,,,,,,
CUBAL一级联赛,CUBAL一级联赛,8570,142.8,11,Miscellaneous,3,0.4286,7,0,0,0,1,0,1,3,1,2,3,0.375,0,0.25,0.75,0.4286,0,0,40730,李嘉琳,Li Jialin,2,,,1003320453,清华大学,SG,,,得分后卫,20005,CUBAL一级联赛,200267,2023-24,2023,2.9573,1.7647,,,,,,,,,,
CUBAL一级联赛,CUBAL一级联赛,22560,376,17,Transition,87,1.1013,79,41,30,11,10,5,5,11,3,8,10,0.637097,0.6613,0.1613,0.1774,0.1266,7,0.0886,32072,吴语桐,Wu Yutong,4,,,1003320453,清华大学,SG,,,得分后卫,20005,CUBAL一级联赛,200406,2024-25,2024,10.7621,7.5638,89.63,91.47,80.65,77.88,60.37,47.24,50,66.59,56.91,
CUBAL一级联赛,CUBAL一级联赛,22560,376,17,P&R-Ball-Handler,31,0.8857,35,12,8,4,10,3,7,4,1,3,6,0.480769,0.4615,0.3846,0.1538,0.1714,3,0.0857,32072,吴语桐,Wu Yutong,4,,,1003320453,清华大学,SG,,,得分后卫,20005,CUBAL一级联赛,200406,2024-25,2024,4.768,3.3511,50.3,54.44,84.62,80.47,75.74,60.36,22.49,59.76,64.5,
CUBAL一级联赛,CUBAL一级联赛,22560,376,17,Isolation,6,0.6,10,6,3,3,3,0,3,0,0,0,1,0.333333,0.6667,0.3333,0,0.1,0,0,32072,吴语桐,Wu Yutong,4,,,1003320453,清华大学,SG,,,得分后卫,20005,CUBAL一级联赛,200406,2024-25,2024,1.3623,0.9574,12,12,48,32,84,24,0,80,0,
CUBAL一级联赛,CUBAL一级联赛,22560,376,17,Spot-Up,35,0.7955,44,3,2,1,7,3,4,31,8,23,3,0.414634,0.0732,0.1707,0.7561,0.0682,0,0,32072,吴语桐,Wu Yutong,4,,,1003320453,清华大学,SG,,,得分后卫,20005,CUBAL一级联赛,200406,2024-25,2024,5.9941,4.2128,23.38,24.46,72.73,69.48,37.23,41.77,69.7,80.09,0,
CUBAL一级联赛,CUBAL一级联赛,22560,376,17,Off-Screen,8,1,8,1,1,0,0,0,0,5,2,3,2,0.666667,0.1667,0,0.8333,0.25,0,0,32072,吴语桐,Wu Yutong,4,,,1003320453,清华大学,SG,,,得分后卫,20005,CUBAL一级联赛,200406,2024-25,2024,1.0898,0.766,,,,,,,,,,
CUBAL一级联赛,CUBAL一级联赛,22560,376,17,Hand-Off,5,0.5556,9,1,1,0,3,1,2,2,0,2,2,0.333333,0.1667,0.5,0.3333,0.2222,1,0.1111,32072,吴语桐,Wu Yutong,4,,,1003320453,清华大学,SG,,,得分后卫,20005,CUBAL一级联赛,200406,2024-25,2024,1.2261,0.8617,,,,,,,,,,
CUBAL一级联赛,CUBAL一级联赛,22560,376,17,Cut,16,1.7778,9,4,4,0,3,3,0,0,0,0,1,1,0.5714,0.4286,0,0.1111,1,0.1111,32072,吴语桐,Wu Yutong,4,,,1003320453,清华大学,SG,,,得分后卫,20005,CUBAL一级联赛,200406,2024-25,2024,1.2261,0.8617,,,,,,,,,,
CUBAL一级联赛,CUBAL一级联赛,22560,376,17,Put-Backs,1,0.0769,13,6,0,6,2,0,2,2,0,2,2,0,0.6,0.2,0.2,0.1538,1,0.0769,32072,吴语桐,Wu Yutong,4,,,1003320453,清华大学,SG,,,得分后卫,20005,CUBAL一级联赛,200406,2024-25,2024,1.771,1.2447,3.7,3.7,0,0,16.3,49.63,95.56,10.37,24.44,
CUBAL一级联赛,CUBAL一级联赛,22560,376,17,Miscellaneous,0,0,4,0,0,0,0,0,0,0,0,0,3,0,0,0,0,0.75,1,0.25,32072,吴语桐,Wu Yutong,4,,,1003320453,清华大学,SG,,,得分后卫,20005,CUBAL一级联赛,200406,2024-25,2024,0.5449,0.383,,,,,,,,,,
CUBAL一级联赛,CUBAL一级联赛,17598,293.3,17,Transition,36,1.2414,29,15,12,3,2,1,1,3,1,2,5,0.725,0.75,0.1,0.15,0.1724,4,0.1379,32072,吴语桐,Wu Yutong,4,,,1003320453,清华大学,SG,,,得分后卫,20005,CUBAL一级联赛,200267,2023-24,2023,5.4346,3.5595,44.65,52.14,91.71,91.71,87.43,14.97,39.84,50.8,81.28,
CUBAL一级联赛,CUBAL一级联赛,17598,293.3,17,P&R-Ball-Handler,14,0.6364,22,6,3,3,3,0,3,2,1,1,5,0.409091,0.5455,0.2727,0.1818,0.2273,6,0.2727,32072,吴语桐,Wu Yutong,4,,,1003320453,清华大学,SG,,,得分后卫,20005,CUBAL一级联赛,200267,2023-24,2023,4.1228,2.7003,38.85,46.04,64.75,72.66,96.4,22.3,23.74,41.73,98.56,
CUBAL一级联赛,CUBAL一级联赛,17598,293.3,17,Isolation,12,1.5,8,5,4,1,1,1,0,0,0,0,0,0.833333,0.8333,0.1667,0,0,2,0.25,32072,吴语桐,Wu Yutong,4,,,1003320453,清华大学,SG,,,得分后卫,20005,CUBAL一级联赛,200267,2023-24,2023,1.4992,0.9819,,,,,,,,,,
CUBAL一级联赛,CUBAL一级联赛,17598,293.3,17,Spot-Up,18,0.75,24,4,2,2,3,3,0,8,1,7,4,0.433333,0.2667,0.2,0.5333,0.1667,5,0.2083,32072,吴语桐,Wu Yutong,4,,,1003320453,清华大学,SG,,,得分后卫,20005,CUBAL一级联赛,200267,2023-24,2023,4.4976,2.9458,16.83,18.99,66.83,74.76,91.83,35.58,33.41,26.92,98.56,
CUBAL一级联赛,CUBAL一级联赛,17598,293.3,17,Off-Screen,6,0.8571,7,3,2,1,2,1,1,2,0,2,0,0.428571,0.4286,0.2857,0.2857,0,0,0,32072,吴语桐,Wu Yutong,4,,,1003320453,清华大学,SG,,,得分后卫,20005,CUBAL一级联赛,200267,2023-24,2023,1.3118,0.8592,,,,,,,,,,
CUBAL一级联赛,CUBAL一级联赛,17598,293.3,17,Hand-Off,14,0.875,16,9,6,3,2,0,2,3,0,3,0,0.428571,0.6429,0.1429,0.2143,0,2,0.125,32072,吴语桐,Wu Yutong,4,,,1003320453,清华大学,SG,,,得分后卫,20005,CUBAL一级联赛,200267,2023-24,2023,2.9984,1.9639,61.54,71.79,69.23,66.67,94.87,10.26,17.95,100,69.23,
CUBAL一级联赛,CUBAL一级联赛,17598,293.3,17,Cut,5,1.6667,3,1,1,0,1,1,0,0,0,0,0,1,0.5,0.5,0,0,1,0.3333,32072,吴语桐,Wu Yutong,4,,,1003320453,清华大学,SG,,,得分后卫,20005,CUBAL一级联赛,200267,2023-24,2023,0.5622,0.3682,,,,,,,,,,
CUBAL一级联赛,CUBAL一级联赛,17598,293.3,17,Put-Backs,0,0,5,1,0,1,2,0,2,1,0,1,1,0,0.25,0.5,0.25,0.2,0,0,32072,吴语桐,Wu Yutong,4,,,1003320453,清华大学,SG,,,得分后卫,20005,CUBAL一级联赛,200267,2023-24,2023,0.937,0.6137,,,,,,,,,,
CUBAL一级联赛,CUBAL一级联赛,17598,293.3,17,Miscellaneous,2,0.1818,11,2,1,1,1,0,1,1,0,1,7,0.25,0.5,0.25,0.25,0.6364,0,0,32072,吴语桐,Wu Yutong,4,,,1003320453,清华大学,SG,,,得分后卫,20005,CUBAL一级联赛,200267,2023-24,2023,2.0614,1.3502,20.1,25.77,42.78,36.6,74.74,55.67,55.67,63.4,0,
CUBAL一级联赛,CUBAL一级联赛,480,8,1,Transition,2,2,1,1,1,0,0,0,0,0,0,0,0,1,1,0,0,0,0,0,32072,吴语桐,Wu Yutong,4,,,1003320453,清华大学,PG,,,控球后卫,20005,CUBAL一级联赛,200069,2022-23,2022,5.1461,4.5,,,,,,,,,,
CUBAL一级联赛,CUBAL一级联赛,480,8,1,Spot-Up,0,0,2,0,0,0,1,0,1,1,0,1,0,0,0,0.5,0.5,0,0,0,32072,吴语桐,Wu Yutong,4,,,1003320453,清华大学,PG,,,控球后卫,20005,CUBAL一级联赛,200069,2022-23,2022,10.2922,9,,,,,,,,,,
CUBAL一级联赛,CUBAL一级联赛,480,8,1,Cut,2,2,1,1,1,0,0,0,0,0,0,0,0,1,1,0,0,0,0,0,32072,吴语桐,Wu Yutong,4,,,1003320453,清华大学,PG,,,控球后卫,20005,CUBAL一级联赛,200069,2022-23,2022,5.1461,4.5,,,,,,,,,,
CUBAL一级联赛,CUBAL一级联赛,480,8,1,Miscellaneous,0,0,1,0,0,0,1,0,1,0,0,0,0,0,0,1,0,0,0,0,32072,吴语桐,Wu Yutong,4,,,1003320453,清华大学,PG,,,控球后卫,20005,CUBAL一级联赛,200069,2022-23,2022,5.1461,4.5,,,,,,,,,,
CUBAL一级联赛,CUBAL一级联赛,27487,458.1,17,Transition,44,0.7719,57,24,14,10,4,1,3,15,3,12,12,0.453488,0.5581,0.093,0.3488,0.2105,2,0.0351,32064,王小青,Wang Xiaoqing,5,,,1003320453,清华大学,PG,,,控球后卫,20005,CUBAL一级联赛,200406,2024-25,2024,6.4668,4.4794,53.69,57.6,38.02,36.18,47.47,27.19,74.19,34.1,29.26,
CUBAL一级联赛,CUBAL一级联赛,27487,458.1,17,P&R-Ball-Handler,21,0.6774,31,10,4,6,3,0,3,6,3,3,8,0.447368,0.5263,0.1579,0.3158,0.2581,4,0.129,32064,王小青,Wang Xiaoqing,5,,,1003320453,清华大学,PG,,,控球后卫,20005,CUBAL一级联赛,200406,2024-25,2024,3.5171,2.4361,26.63,27.81,66.86,75.15,83.43,18.34,43.2,33.73,82.25,
CUBAL一级联赛,CUBAL一级联赛,27487,458.1,17,Isolation,0,0,3,0,0,0,1,0,1,2,0,2,0,0,0,0.3333,0.6667,0,0,0,32064,王小青,Wang Xiaoqing,5,,,1003320453,清华大学,PG,,,控球后卫,20005,CUBAL一级联赛,200406,2024-25,2024,0.3404,0.2358,,,,,,,,,,
CUBAL一级联赛,CUBAL一级联赛,27487,458.1,17,Spot-Up,50,1.1111,45,1,1,0,4,3,1,37,14,23,3,0.595238,0.0238,0.0952,0.881,0.0667,0,0,32064,王小青,Wang Xiaoqing,5,,,1003320453,清华大学,PG,,,控球后卫,20005,CUBAL一级联赛,200406,2024-25,2024,5.1054,3.5363,13.42,14.5,97.4,95.45,22.29,22.08,88.31,81.6,0,
CUBAL一级联赛,CUBAL一级联赛,27487,458.1,17,Off-Screen,21,1.75,12,1,0,1,1,0,1,10,7,3,0,0.875,0.0833,0.0833,0.8333,0,0,0,32064,王小青,Wang Xiaoqing,5,,,1003320453,清华大学,PG,,,控球后卫,20005,CUBAL一级联赛,200406,2024-25,2024,1.3614,0.943,2.94,2.94,100,100,41.18,23.53,80.88,100,0,
CUBAL一级联赛,CUBAL一级联赛,27487,458.1,17,Hand-Off,4,0.8,5,2,1,1,1,0,1,1,0,1,0,0.25,0.5,0.25,0.25,0,1,0.2,32064,王小青,Wang Xiaoqing,5,,,1003320453,清华大学,PG,,,控球后卫,20005,CUBAL一级联赛,200406,2024-25,2024,0.5673,0.3929,,,,,,,,,,
CUBAL一级联赛,CUBAL一级联赛,27487,458.1,17,Cut,8,1.6,5,2,2,0,2,1,1,0,0,0,0,0.75,0.5,0.5,0,0,1,0.2,32064,王小青,Wang Xiaoqing,5,,,1003320453,清华大学,PG,,,控球后卫,20005,CUBAL一级联赛,200406,2024-25,2024,0.5673,0.3929,,,,,,,,,,
CUBAL一级联赛,CUBAL一级联赛,27487,458.1,17,P&R-Roll-Man,0,0,1,0,0,0,1,0,1,0,0,0,0,0,0,1,0,0,0,0,32064,王小青,Wang Xiaoqing,5,,,1003320453,清华大学,PG,,,控球后卫,20005,CUBAL一级联赛,200406,2024-25,2024,0.1135,0.0786,,,,,,,,,,
CUBAL一级联赛,CUBAL一级联赛,27487,458.1,17,Put-Backs,4,1.3333,3,0,0,0,0,0,0,1,1,0,1,1.5,0,0,1,0.3333,1,0.3333,32064,王小青,Wang Xiaoqing,5,,,1003320453,清华大学,PG,,,控球后卫,20005,CUBAL一级联赛,200406,2024-25,2024,0.3404,0.2358,,,,,,,,,,
CUBAL一级联赛,CUBAL一级联赛,27487,458.1,17,Miscellaneous,3,0.25,12,0,0,0,0,0,0,2,1,1,10,0.75,0,0,1,0.8333,0,0,32064,王小青,Wang Xiaoqing,5,,,1003320453,清华大学,PG,,,控球后卫,20005,CUBAL一级联赛,200406,2024-25,2024,1.3614,0.943,0,0,51.18,81.1,0,0,100,25.2,0,
CUBAL一级联赛,CUBAL一级联赛,23083,384.7,18,Transition,20,0.7407,27,8,4,4,3,1,2,9,3,6,6,0.475,0.4,0.15,0.45,0.2222,1,0.037,32064,王小青,Wang Xiaoqing,5,,,1003320453,清华大学,PG,,,控球后卫,20005,CUBAL一级联赛,200267,2023-24,2023,3.9021,2.5266,21.12,25.67,35.03,41.71,30.75,26.74,81.28,34.76,31.55,
CUBAL一级联赛,CUBAL一级联赛,23083,384.7,18,P&R-Ball-Handler,11,0.6875,16,3,2,1,3,0,3,5,2,3,4,0.454545,0.2727,0.2727,0.4545,0.25,1,0.0625,32064,王小青,Wang Xiaoqing,5,,,1003320453,清华大学,PG,,,控球后卫,20005,CUBAL一级联赛,200267,2023-24,2023,2.3123,1.4973,11.51,17.27,72.66,84.89,68.35,22.3,66.19,31.65,38.13,
CUBAL一级联赛,CUBAL一级联赛,23083,384.7,18,Isolation,4,2,2,0,0,0,0,0,0,1,1,0,0,1.5,0,0,1,0,1,0.5,32064,王小青,Wang Xiaoqing,5,,,1003320453,清华大学,PG,,,控球后卫,20005,CUBAL一级联赛,200267,2023-24,2023,0.289,0.1872,,,,,,,,,,
CUBAL一级联赛,CUBAL一级联赛,23083,384.7,18,Spot-Up,41,1.3226,31,1,0,1,0,0,0,26,13,13,3,0.722222,0.037,0,0.963,0.0968,1,0.0323,32064,王小青,Wang Xiaoqing,5,,,1003320453,清华大学,PG,,,控球后卫,20005,CUBAL一级联赛,200267,2023-24,2023,4.4802,2.901,16.11,18.75,99.04,98.56,31.01,0,97.36,56.97,49.76,
CUBAL一级联赛,CUBAL一级联赛,23083,384.7,18,Off-Screen,3,0.5,6,0,0,0,0,0,0,6,1,5,0,0.25,0,0,1,0,0,0,32064,王小青,Wang Xiaoqing,5,,,1003320453,清华大学,PG,,,控球后卫,20005,CUBAL一级联赛,200267,2023-24,2023,0.8671,0.5615,,,,,,,,,,
CUBAL一级联赛,CUBAL一级联赛,23083,384.7,18,Hand-Off,5,0.8333,6,1,1,0,0,0,0,3,1,2,2,0.625,0.25,0,0.75,0.3333,0,0,32064,王小青,Wang Xiaoqing,5,,,1003320453,清华大学,PG,,,控球后卫,20005,CUBAL一级联赛,200267,2023-24,2023,0.8671,0.5615,,,,,,,,,,
CUBAL一级联赛,CUBAL一级联赛,23083,384.7,18,Cut,6,1.2,5,3,2,1,2,1,1,0,0,0,0,0.6,0.6,0.4,0,0,0,0,32064,王小青,Wang Xiaoqing,5,,,1003320453,清华大学,PG,,,控球后卫,20005,CUBAL一级联赛,200267,2023-24,2023,0.7226,0.4679,,,,,,,,,,
CUBAL一级联赛,CUBAL一级联赛,23083,384.7,18,P&R-Roll-Man,0,0,1,0,0,0,0,0,0,0,0,0,1,0,0,0,0,1,0,0,32064,王小青,Wang Xiaoqing,5,,,1003320453,清华大学,PG,,,控球后卫,20005,CUBAL一级联赛,200267,2023-24,2023,0.1445,0.0936,,,,,,,,,,
CUBAL一级联赛,CUBAL一级联赛,23083,384.7,18,Miscellaneous,4,0.3077,13,2,1,1,0,0,0,0,0,0,9,0.5,1,0,0,0.6923,2,0.1538,32064,王小青,Wang Xiaoqing,5,,,1003320453,清华大学,PG,,,控球后卫,20005,CUBAL一级联赛,200267,2023-24,2023,1.8788,1.2165,15.98,19.07,58.76,61.86,100,0,0,50.52,79.38,
CUBAL一级联赛,CUBAL一级联赛,2129,35.5,1,Transition,2,0.6667,3,2,1,1,0,0,0,1,0,1,0,0.333333,0.6667,0,0.3333,0,0,0,32064,王小青,Wang Xiaoqing,5,,,1003320453,清华大学,PG,,,控球后卫,20005,CUBAL一级联赛,200069,2022-23,2022,5.0959,3.0423,,,,,,,,,,
CUBAL一级联赛,CUBAL一级联赛,2129,35.5,1,P&R-Ball-Handler,6,1.5,4,2,2,0,2,1,1,0,0,0,0,0.75,0.5,0.5,0,0,0,0,32064,王小青,Wang Xiaoqing,5,,,1003320453,清华大学,PG,,,控球后卫,20005,CUBAL一级联赛,200069,2022-23,2022,6.7945,4.0563,,,,,,,,,,
CUBAL一级联赛,CUBAL一级联赛,2129,35.5,1,Spot-Up,3,0.6,5,0,0,0,1,0,1,4,1,3,0,0.3,0,0.2,0.8,0,0,0,32064,王小青,Wang Xiaoqing,5,,,1003320453,清华大学,PG,,,控球后卫,20005,CUBAL一级联赛,200069,2022-23,2022,8.4931,5.0704,,,,,,,,,,
CUBAL一级联赛,CUBAL一级联赛,2129,35.5,1,Off-Screen,3,3,1,0,0,0,0,0,0,1,1,0,0,1.5,0,0,1,0,0,0,32064,王小青,Wang Xiaoqing,5,,,1003320453,清华大学,PG,,,控球后卫,20005,CUBAL一级联赛,200069,2022-23,2022,1.6986,1.0141,,,,,,,,,,
CUBAL一级联赛,CUBAL一级联赛,2129,35.5,1,Miscellaneous,0,0,1,0,0,0,0,0,0,0,0,0,1,0,0,0,0,1,0,0,32064,王小青,Wang Xiaoqing,5,,,1003320453,清华大学,PG,,,控球后卫,20005,CUBAL一级联赛,200069,2022-23,2022,1.6986,1.0141,,,,,,,,,,
CUBAL一级联赛,CUBAL一级联赛,20257,337.6,17,Transition,29,1,29,6,5,1,5,3,2,13,3,10,2,0.520833,0.25,0.2083,0.5417,0.069,3,0.1034,92064,刘琦,Liu Qi,6,,,1003320453,清华大学,PF,,,大前锋,20005,CUBAL一级联赛,200406,2024-25,2024,4.4795,3.0924,20.97,22.35,68.43,53.92,8.53,58.29,91.47,86.41,64.98,
CUBAL一级联赛,CUBAL一级联赛,20257,337.6,17,Isolation,0,0,1,0,0,0,1,0,1,0,0,0,0,0,0,1,0,0,0,0,92064,刘琦,Liu Qi,6,,,1003320453,清华大学,PF,,,大前锋,20005,CUBAL一级联赛,200406,2024-25,2024,0.1545,0.1066,,,,,,,,,,
CUBAL一级联赛,CUBAL一级联赛,20257,337.6,17,Post-Up,0,0,1,1,0,1,0,0,0,0,0,0,0,0,1,0,0,0,0,0,92064,刘琦,Liu Qi,6,,,1003320453,清华大学,PF,,,大前锋,20005,CUBAL一级联赛,200406,2024-25,2024,0.1545,0.1066,,,,,,,,,,
CUBAL一级联赛,CUBAL一级联赛,20257,337.6,17,Spot-Up,12,0.2667,45,1,0,1,4,0,4,38,4,34,2,0.139535,0.0233,0.093,0.8837,0.0444,0,0,92064,刘琦,Liu Qi,6,,,1003320453,清华大学,PF,,,大前锋,20005,CUBAL一级联赛,200406,2024-25,2024,6.9509,4.7986,32.9,35.28,8.44,8.01,22.08,21.43,88.96,89.18,0,
CUBAL一级联赛,CUBAL一级联赛,20257,337.6,17,Off-Screen,12,2,6,0,0,0,0,0,0,6,4,2,0,1,0,0,1,0,0,0,92064,刘琦,Liu Qi,6,,,1003320453,清华大学,PF,,,大前锋,20005,CUBAL一级联赛,200406,2024-25,2024,0.9268,0.6398,,,,,,,,,,
CUBAL一级联赛,CUBAL一级联赛,20257,337.6,17,Hand-Off,3,3,1,0,0,0,0,0,0,1,1,0,0,1.5,0,0,1,0,0,0,92064,刘琦,Liu Qi,6,,,1003320453,清华大学,PF,,,大前锋,20005,CUBAL一级联赛,200406,2024-25,2024,0.1545,0.1066,,,,,,,,,,
CUBAL一级联赛,CUBAL一级联赛,20257,337.6,17,Cut,28,1.4,20,10,9,1,7,4,3,0,0,0,1,0.764706,0.5882,0.4118,0,0.05,2,0.1,92064,刘琦,Liu Qi,6,,,1003320453,清华大学,PF,,,大前锋,20005,CUBAL一级联赛,200406,2024-25,2024,3.0893,2.1327,10.04,11.72,97.07,97.49,64.44,35.56,0,78.66,68.62,
CUBAL一级联赛,CUBAL一级联赛,20257,337.6,17,P&R-Roll-Man,5,0.8333,6,1,1,0,2,1,1,1,0,1,1,0.5,0.25,0.5,0.25,0.1667,1,0.1667,92064,刘琦,Liu Qi,6,,,1003320453,清华大学,PF,,,大前锋,20005,CUBAL一级联赛,200406,2024-25,2024,0.9268,0.6398,,,,,,,,,,
CUBAL一级联赛,CUBAL一级联赛,20257,337.6,17,Put-Backs,15,0.8824,17,8,6,2,5,0,5,0,0,0,2,0.461538,0.6154,0.3846,0,0.1176,2,0.1176,92064,刘琦,Liu Qi,6,,,1003320453,清华大学,PF,,,大前锋,20005,CUBAL一级联赛,200406,2024-25,2024,2.6259,1.8128,22.96,27.41,34.81,38.52,17.04,86.67,0,17.78,48.89,
CUBAL一级联赛,CUBAL一级联赛,20257,337.6,17,Miscellaneous,6,0.5,12,0,0,0,2,1,1,2,0,2,6,0.25,0,0.5,0.5,0.5,2,0.1667,92064,刘琦,Liu Qi,6,,,1003320453,清华大学,PF,,,大前锋,20005,CUBAL一级联赛,200406,2024-25,2024,1.8536,1.2796,7.87,10.24,74.8,37.01,0,74.8,81.1,81.89,84.25,
CUBAL一级联赛,CUBAL一级联赛,14428,240.5,16,Transition,6,0.8571,7,2,2,0,2,0,2,0,0,0,2,0.5,0.5,0.5,0,0.2857,1,0.1429,92064,刘琦,Liu Qi,3,,,1003320453,清华大学,PF,,,大前锋,20005,CUBAL一级联赛,200267,2023-24,2023,1.5947,1.0478,,,,,,,,,,
CUBAL一级联赛,CUBAL一级联赛,14428,240.5,16,Post-Up,0,0,1,1,0,1,0,0,0,0,0,0,0,0,1,0,0,0,0,0,92064,刘琦,Liu Qi,3,,,1003320453,清华大学,PF,,,大前锋,20005,CUBAL一级联赛,200267,2023-24,2023,0.2278,0.1497,,,,,,,,,,
CUBAL一级联赛,CUBAL一级联赛,14428,240.5,16,Spot-Up,12,0.5,24,4,3,1,4,1,3,14,1,13,1,0.25,0.1818,0.1818,0.6364,0.0417,1,0.0417,92064,刘琦,Liu Qi,3,,,1003320453,清华大学,PF,,,大前锋,20005,CUBAL一级联赛,200267,2023-24,2023,5.4675,3.5925,22.6,27.4,34.13,26.2,81.01,31.01,51.92,85.58,56.01,
CUBAL一级联赛,CUBAL一级联赛,14428,240.5,16,Cut,24,1.3333,18,9,5,4,5,4,1,0,0,0,1,0.642857,0.6429,0.3571,0,0.0556,3,0.1667,92064,刘琦,Liu Qi,3,,,1003320453,清华大学,PF,,,大前锋,20005,CUBAL一级联赛,200267,2023-24,2023,4.1006,2.6944,36.36,44.95,95.45,88.89,76.26,23.23,0,75.76,83.84,
CUBAL一级联赛,CUBAL一级联赛,14428,240.5,16,P&R-Roll-Man,2,1,2,0,0,0,1,1,0,1,0,1,0,0.5,0,0.5,0.5,0,0,0,92064,刘琦,Liu Qi,3,,,1003320453,清华大学,PF,,,大前锋,20005,CUBAL一级联赛,200267,2023-24,2023,0.4556,0.2994,,,,,,,,,,
CUBAL一级联赛,CUBAL一级联赛,14428,240.5,16,Put-Backs,10,1.1111,9,6,4,2,1,1,0,0,0,0,2,0.714286,0.8571,0.1429,0,0.2222,0,0,92064,刘琦,Liu Qi,3,,,1003320453,清华大学,PF,,,大前锋,20005,CUBAL一级联赛,200267,2023-24,2023,2.0503,1.3472,,,,,,,,,,
CUBAL一级联赛,CUBAL一级联赛,14428,240.5,16,Miscellaneous,7,0.6364,11,1,1,0,1,1,0,3,1,2,6,0.7,0.2,0.2,0.6,0.5455,0,0,92064,刘琦,Liu Qi,3,,,1003320453,清华大学,PF,,,大前锋,20005,CUBAL一级联赛,200267,2023-24,2023,2.5059,1.6466,36.08,40.21,88.66,80.93,42.78,49.48,82.47,74.23,0,
CUBAL一级联赛,CUBAL一级联赛,13288,221.5,12,Transition,69,1.2545,55,29,23,6,5,3,2,3,1,2,9,0.743243,0.7838,0.1351,0.0811,0.1636,9,0.1636,32066,袁欣悦,Yuan Xinyue,7,,,1003320453,清华大学,SF,,,小前锋,20005,CUBAL一级联赛,200406,2024-25,2024,12.4602,8.9391,96.77,97.47,92.17,92.63,83.41,39.17,28.57,50.23,86.18,
CUBAL一级联赛,CUBAL一级联赛,13288,221.5,12,P&R-Ball-Handler,1,0.3333,3,1,0,1,0,0,0,0,0,0,1,0,1,0,0,0.3333,1,0.3333,32066,袁欣悦,Yuan Xinyue,7,,,1003320453,清华大学,SF,,,小前锋,20005,CUBAL一级联赛,200406,2024-25,2024,0.6796,0.4876,,,,,,,,,,
CUBAL一级联赛,CUBAL一级联赛,13288,221.5,12,Post-Up,6,1.5,4,3,2,1,0,0,0,0,0,0,0,0.666667,1,0,0,0,1,0.25,32066,袁欣悦,Yuan Xinyue,7,,,1003320453,清华大学,SF,,,小前锋,20005,CUBAL一级联赛,200406,2024-25,2024,0.9062,0.6501,,,,,,,,,,
CUBAL一级联赛,CUBAL一级联赛,13288,221.5,12,Spot-Up,14,0.5833,24,4,3,1,3,0,3,11,1,10,2,0.25,0.2222,0.1667,0.6111,0.0833,4,0.1667,32066,袁欣悦,Yuan Xinyue,7,,,1003320453,清华大学,SF,,,小前锋,20005,CUBAL一级联赛,200406,2024-25,2024,5.4372,3.9007,18.61,17.75,44.16,24.68,76.41,40.26,40.91,72.29,96.75,
CUBAL一级联赛,CUBAL一级联赛,13288,221.5,12,Off-Screen,14,2.3333,6,1,1,0,0,0,0,4,4,0,1,1.4,0.2,0,0.8,0.1667,0,0,32066,袁欣悦,Yuan Xinyue,7,,,1003320453,清华大学,SF,,,小前锋,20005,CUBAL一级联赛,200406,2024-25,2024,1.3593,0.9752,,,,,,,,,,
CUBAL一级联赛,CUBAL一级联赛,13288,221.5,12,Hand-Off,5,1.25,4,2,1,1,0,0,0,0,0,0,0,0.5,1,0,0,0,2,0.5,32066,袁欣悦,Yuan Xinyue,7,,,1003320453,清华大学,SF,,,小前锋,20005,CUBAL一级联赛,200406,2024-25,2024,0.9062,0.6501,,,,,,,,,,
CUBAL一级联赛,CUBAL一级联赛,13288,221.5,12,Cut,8,0.8,10,8,4,4,2,0,2,0,0,0,0,0.4,0.8,0.2,0,0,0,0,32066,袁欣悦,Yuan Xinyue,7,,,1003320453,清华大学,SF,,,小前锋,20005,CUBAL一级联赛,200406,2024-25,2024,2.2655,1.6253,5.02,4.6,49.79,40.17,90.38,10.46,0,100,0,
CUBAL一级联赛,CUBAL一级联赛,13288,221.5,12,Put-Backs,14,1.0769,13,8,5,3,3,1,2,0,0,0,1,0.545455,0.7273,0.2727,0,0.0769,1,0.0769,32066,袁欣悦,Yuan Xinyue,7,,,1003320453,清华大学,SF,,,小前锋,20005,CUBAL一级联赛,200406,2024-25,2024,2.9451,2.1129,41.48,39.26,52.59,52.59,42.96,62.22,0,44.44,24.44,
CUBAL一级联赛,CUBAL一级联赛,13288,221.5,12,Miscellaneous,5,0.5556,9,1,1,0,0,0,0,0,0,0,6,1,1,0,0,0.6667,2,0.2222,32066,袁欣悦,Yuan Xinyue,7,,,1003320453,清华大学,SF,,,小前锋,20005,CUBAL一级联赛,200406,2024-25,2024,2.0389,1.4628,,,,,,,,,,
CUBAL一级联赛,CUBAL一级联赛,17549,292.5,18,Transition,50,1.1628,43,26,19,7,5,1,4,3,1,2,4,0.632353,0.7647,0.1471,0.0882,0.093,5,0.1163,32066,袁欣悦,Yuan Xinyue,7,,,1003320453,清华大学,SF,,,小前锋,20005,CUBAL一级联赛,200267,2023-24,2023,8.1043,5.2923,76.47,82.89,86.63,80.48,89.04,26.2,29.41,79.41,73.26,
CUBAL一级联赛,CUBAL一级联赛,17549,292.5,18,P&R-Ball-Handler,5,0.5,10,3,1,2,3,0,3,0,0,0,2,0.166667,0.5,0.5,0,0.2,2,0.2,32066,袁欣悦,Yuan Xinyue,7,,,1003320453,清华大学,SF,,,小前锋,20005,CUBAL一级联赛,200267,2023-24,2023,1.8847,1.2308,8.63,9.35,39.57,17.99,93.53,68.35,0,50.36,95.68,
CUBAL一级联赛,CUBAL一级联赛,17549,292.5,18,Isolation,0,0,2,0,0,0,0,0,0,0,0,0,2,0,0,0,0,1,0,0,32066,袁欣悦,Yuan Xinyue,7,,,1003320453,清华大学,SF,,,小前锋,20005,CUBAL一级联赛,200267,2023-24,2023,0.3769,0.2462,,,,,,,,,,
CUBAL一级联赛,CUBAL一级联赛,17549,292.5,18,Post-Up,5,1,5,2,2,0,1,0,1,0,0,0,2,0.666667,0.6667,0.3333,0,0.4,0,0,32066,袁欣悦,Yuan Xinyue,7,,,1003320453,清华大学,SF,,,小前锋,20005,CUBAL一级联赛,200267,2023-24,2023,0.9424,0.6154,,,,,,,,,,
CUBAL一级联赛,CUBAL一级联赛,17549,292.5,18,Spot-Up,20,0.6897,29,5,3,2,1,0,1,18,4,14,3,0.375,0.2083,0.0417,0.75,0.1034,2,0.069,32066,袁欣悦,Yuan Xinyue,7,,,1003320453,清华大学,SF,,,小前锋,20005,CUBAL一级联赛,200267,2023-24,2023,5.4657,3.5692,22.12,27.16,60.82,59.13,86.06,5.29,71.63,51.92,75,
CUBAL一级联赛,CUBAL一级联赛,17549,292.5,18,Off-Screen,2,0.1818,11,2,1,1,2,0,2,4,0,4,3,0.125,0.25,0.25,0.5,0.2727,0,0,32066,袁欣悦,Yuan Xinyue,7,,,1003320453,清华大学,SF,,,小前锋,20005,CUBAL一级联赛,200267,2023-24,2023,2.0732,1.3538,31.25,33.33,2.08,4.17,91.67,66.67,10.42,8.33,0,
CUBAL一级联赛,CUBAL一级联赛,17549,292.5,18,Hand-Off,5,0.5,10,4,2,2,1,0,1,1,0,1,3,0.333333,0.6667,0.1667,0.1667,0.3,1,0.1,32066,袁欣悦,Yuan Xinyue,7,,,1003320453,清华大学,SF,,,小前锋,20005,CUBAL一级联赛,200267,2023-24,2023,1.8847,1.2308,25.64,28.21,28.21,41.03,100,15.38,10.26,12.82,61.54,
CUBAL一级联赛,CUBAL一级联赛,17549,292.5,18,Cut,13,1.3,10,4,3,1,1,1,0,0,0,0,1,0.8,0.8,0.2,0,0.1,4,0.4,32066,袁欣悦,Yuan Xinyue,7,,,1003320453,清华大学,SF,,,小前锋,20005,CUBAL一级联赛,200267,2023-24,2023,1.8847,1.2308,6.06,10.1,93.94,97.98,90.4,8.59,0,44.44,98.99,
CUBAL一级联赛,CUBAL一级联赛,17549,292.5,18,Put-Backs,5,0.625,8,4,2,2,1,0,1,0,0,0,1,0.4,0.8,0.2,0,0.125,2,0.25,32066,袁欣悦,Yuan Xinyue,7,,,1003320453,清华大学,SF,,,小前锋,20005,CUBAL一级联赛,200267,2023-24,2023,1.5078,0.9846,,,,,,,,,,
CUBAL一级联赛,CUBAL一级联赛,17549,292.5,18,Miscellaneous,0,0,16,1,0,1,1,0,1,0,0,0,12,0,0.5,0.5,0,0.75,2,0.125,32066,袁欣悦,Yuan Xinyue,7,,,1003320453,清华大学,SF,,,小前锋,20005,CUBAL一级联赛,200267,2023-24,2023,3.0156,1.9692,51.03,61.34,0,0,74.74,74.74,0,38.14,74.74,
CUBAL一级联赛,CUBAL一级联赛,1148,19.1,1,Transition,4,0.5714,7,3,2,1,2,0,2,1,0,1,0,0.333333,0.5,0.3333,0.1667,0,1,0.1429,32066,袁欣悦,Yuan Xinyue,7,,,1003320453,清华大学,PF,,,大前锋,20005,CUBAL一级联赛,200069,2022-23,2022,21.109,13.1937,,,,,,,,,,
CUBAL一级联赛,CUBAL一级联赛,1148,19.1,1,Spot-Up,0,0,1,0,0,0,1,0,1,0,0,0,0,0,0,1,0,0,0,0,32066,袁欣悦,Yuan Xinyue,7,,,1003320453,清华大学,PF,,,大前锋,20005,CUBAL一级联赛,200069,2022-23,2022,3.0156,1.8848,,,,,,,,,,
CUBAL一级联赛,CUBAL一级联赛,1148,19.1,1,Put-Backs,0,0,1,1,0,1,0,0,0,0,0,0,0,0,1,0,0,0,0,0,32066,袁欣悦,Yuan Xinyue,7,,,1003320453,清华大学,PF,,,大前锋,20005,CUBAL一级联赛,200069,2022-23,2022,3.0156,1.8848,,,,,,,,,,
CUBAL一级联赛,CUBAL一级联赛,1148,19.1,1,Miscellaneous,0,0,1,0,0,0,0,0,0,0,0,0,0,0,0,0,0,0,1,1,32066,袁欣悦,Yuan Xinyue,7,,,1003320453,清华大学,PF,,,大前锋,20005,CUBAL一级联赛,200069,2022-23,2022,3.0156,1.8848,,,,,,,,,,
undefined,undefined,,,,,,,,,,,,,,,,,,,,,,,,,,,,,,,,,,,,,,,,,,,,,,,,,,,,,梁悦洁
CUBAL一级联赛,CUBAL一级联赛,21196,353.3,17,Transition,39,0.8864,44,12,10,2,3,0,3,18,6,12,10,0.575758,0.3636,0.0909,0.5455,0.2273,1,0.0227,80514,王镘淋,Wang Manlin,9,,,1003320453,清华大学,PG,,,控球后卫,20005,CUBAL一级联赛,200406,2024-25,2024,6.5855,4.4834,54.15,59.22,52.3,64.98,16.82,26.04,91.71,29.49,25.81,
CUBAL一级联赛,CUBAL一级联赛,21196,353.3,17,P&R-Ball-Handler,10,0.5,20,5,1,4,4,1,3,7,1,6,2,0.21875,0.3125,0.25,0.4375,0.1,2,0.1,80514,王镘淋,Wang Manlin,9,,,1003320453,清华大学,PG,,,控球后卫,20005,CUBAL一级联赛,200406,2024-25,2024,2.9934,2.0379,16.57,17.75,44.38,27.22,55.03,36.69,60.95,84.02,74.56,
CUBAL一级联赛,CUBAL一级联赛,21196,353.3,17,Isolation,4,1,4,0,0,0,2,1,1,0,0,0,1,0.5,0,1,0,0.25,1,0.25,80514,王镘淋,Wang Manlin,9,,,1003320453,清华大学,PG,,,控球后卫,20005,CUBAL一级联赛,200406,2024-25,2024,0.5987,0.4076,,,,,,,,,,
CUBAL一级联赛,CUBAL一级联赛,21196,353.3,17,Spot-Up,50,0.7143,70,5,4,1,18,4,14,38,10,28,7,0.377049,0.082,0.2951,0.623,0.1,2,0.0286,80514,王镘淋,Wang Manlin,9,,,1003320453,清华大学,PG,,,控球后卫,20005,CUBAL一级联赛,200406,2024-25,2024,10.4769,7.1327,71,75.76,61.9,57.36,41.34,72.94,43.07,64.5,45.02,
CUBAL一级联赛,CUBAL一级联赛,21196,353.3,17,Off-Screen,10,0.8333,12,1,0,1,1,0,1,7,3,4,2,0.5,0.1111,0.1111,0.7778,0.1667,1,0.0833,80514,王镘淋,Wang Manlin,9,,,1003320453,清华大学,PG,,,控球后卫,20005,CUBAL一级联赛,200406,2024-25,2024,1.796,1.2228,11.76,13.24,60.29,73.53,54.41,29.41,70.59,13.24,82.35,
CUBAL一级联赛,CUBAL一级联赛,21196,353.3,17,Hand-Off,11,0.9167,12,1,1,0,2,1,1,4,2,2,4,0.714286,0.1429,0.2857,0.5714,0.3333,1,0.0833,80514,王镘淋,Wang Manlin,9,,,1003320453,清华大学,PG,,,控球后卫,20005,CUBAL一级联赛,200406,2024-25,2024,1.796,1.2228,15.79,18.42,81.58,92.11,36.84,57.89,68.42,10.53,60.53,
CUBAL一级联赛,CUBAL一级联赛,21196,353.3,17,Cut,7,0.7778,9,3,2,1,2,0,2,0,0,0,1,0.4,0.6,0.4,0,0.1111,3,0.3333,80514,王镘淋,Wang Manlin,9,,,1003320453,清华大学,PG,,,控球后卫,20005,CUBAL一级联赛,200406,2024-25,2024,1.347,0.9171,,,,,,,,,,
CUBAL一级联赛,CUBAL一级联赛,21196,353.3,17,Put-Backs,16,1.0667,15,11,8,3,1,0,1,1,0,1,1,0.615385,0.8462,0.0769,0.0769,0.0667,1,0.0667,80514,王镘淋,Wang Manlin,9,,,1003320453,清华大学,PG,,,控球后卫,20005,CUBAL一级联赛,200406,2024-25,2024,2.2451,1.5284,13.33,13.33,49.63,74.07,71.11,13.33,85.93,50.37,20.74,
CUBAL一级联赛,CUBAL一级联赛,21196,353.3,17,Miscellaneous,3,0.3333,9,0,0,0,0,0,0,2,1,1,7,0.75,0,0,1,0.7778,0,0,80514,王镘淋,Wang Manlin,9,,,1003320453,清华大学,PG,,,控球后卫,20005,CUBAL一级联赛,200406,2024-25,2024,1.347,0.9171,,,,,,,,,,
CUBAL一级联赛,CUBAL一级联赛,24301,405,18,Transition,29,0.9667,30,9,8,1,1,0,1,12,4,8,7,0.636364,0.4091,0.0455,0.5455,0.2333,1,0.0333,80514,王镘淋,Wang Manlin,9,,,1003320453,清华大学,PG,,,控球后卫,20005,CUBAL一级联赛,200267,2023-24,2023,4.1247,2.6667,24.6,30.48,64.97,81.02,33.96,6.68,90.37,32.89,28.88,
CUBAL一级联赛,CUBAL一级联赛,24301,405,18,P&R-Ball-Handler,24,0.7059,34,4,3,1,13,4,9,6,2,4,7,0.434783,0.1739,0.5652,0.2609,0.2059,4,0.1176,80514,王镘淋,Wang Manlin,9,,,1003320453,清华大学,PG,,,控球后卫,20005,CUBAL一级联赛,200267,2023-24,2023,4.6747,3.0222,47.48,56.12,75.54,77.7,42.45,76.26,34.53,47.48,71.22,
CUBAL一级联赛,CUBAL一级联赛,24301,405,18,Isolation,0,0,4,1,0,1,2,0,2,0,0,0,1,0,0.3333,0.6667,0,0.25,0,0,80514,王镘淋,Wang Manlin,9,,,1003320453,清华大学,PG,,,控球后卫,20005,CUBAL一级联赛,200267,2023-24,2023,0.55,0.3556,,,,,,,,,,
CUBAL一级联赛,CUBAL一级联赛,24301,405,18,Spot-Up,58,0.8169,71,1,1,0,11,1,10,49,18,31,8,0.47541,0.0164,0.1803,0.8033,0.1127,2,0.0282,80514,王镘淋,Wang Manlin,9,,,1003320453,清华大学,PG,,,控球后卫,20005,CUBAL一级联赛,200267,2023-24,2023,9.7618,6.3111,67.07,75.48,75.48,82.93,21.88,30.53,81.73,47.36,48.08,
CUBAL一级联赛,CUBAL一级联赛,24301,405,18,Off-Screen,13,1.4444,9,1,1,0,3,1,2,4,3,1,1,0.8125,0.125,0.375,0.5,0.1111,0,0,80514,王镘淋,Wang Manlin,9,,,1003320453,清华大学,PG,,,控球后卫,20005,CUBAL一级联赛,200267,2023-24,2023,1.2374,0.8,,,,,,,,,,
CUBAL一级联赛,CUBAL一级联赛,24301,405,18,Hand-Off,0,0,4,0,0,0,2,0,2,1,0,1,1,0,0,0.6667,0.3333,0.25,0,0,80514,王镘淋,Wang Manlin,9,,,1003320453,清华大学,PG,,,控球后卫,20005,CUBAL一级联赛,200267,2023-24,2023,0.55,0.3556,,,,,,,,,,
CUBAL一级联赛,CUBAL一级联赛,24301,405,18,Cut,6,0.6667,9,5,2,3,2,0,2,0,0,0,1,0.285714,0.7143,0.2857,0,0.1111,1,0.1111,80514,王镘淋,Wang Manlin,9,,,1003320453,清华大学,PG,,,控球后卫,20005,CUBAL一级联赛,200267,2023-24,2023,1.2374,0.8,,,,,,,,,,
CUBAL一级联赛,CUBAL一级联赛,24301,405,18,P&R-Roll-Man,0,0,1,0,0,0,0,0,0,1,0,1,0,0,0,0,1,0,0,0,80514,王镘淋,Wang Manlin,9,,,1003320453,清华大学,PG,,,控球后卫,20005,CUBAL一级联赛,200267,2023-24,2023,0.1375,0.0889,,,,,,,,,,
CUBAL一级联赛,CUBAL一级联赛,24301,405,18,Put-Backs,7,1.4,5,4,3,1,0,0,0,0,0,0,0,0.75,1,0,0,0,1,0.2,80514,王镘淋,Wang Manlin,9,,,1003320453,清华大学,PG,,,控球后卫,20005,CUBAL一级联赛,200267,2023-24,2023,0.6875,0.4444,,,,,,,,,,
CUBAL一级联赛,CUBAL一级联赛,24301,405,18,Miscellaneous,4,0.2857,14,2,2,0,0,0,0,2,0,2,10,0.5,0.5,0,0.5,0.7143,0,0,80514,王镘淋,Wang Manlin,9,,,1003320453,清华大学,PG,,,控球后卫,20005,CUBAL一级联赛,200267,2023-24,2023,1.9249,1.2444,16.49,20.62,55.67,61.86,74.74,0,74.74,45.88,0,
CUBAL一级联赛,CUBAL一级联赛,6877,114.6,10,Transition,10,1.4286,7,5,5,0,1,0,1,0,0,0,1,0.833333,0.8333,0.1667,0,0.1429,0,0,89060,魏亦冉,Wei Yiran,10,,,1003320453,清华大学,PF,,,大前锋,20005,CUBAL一级联赛,200406,2024-25,2024,3.2501,2.199,,,,,,,,,,
CUBAL一级联赛,CUBAL一级联赛,6877,114.6,10,P&R-Ball-Handler,0,0,1,0,0,0,0,0,0,0,0,0,1,0,0,0,0,1,0,0,89060,魏亦冉,Wei Yiran,10,,,1003320453,清华大学,PF,,,大前锋,20005,CUBAL一级联赛,200406,2024-25,2024,0.4643,0.3141,,,,,,,,,,
CUBAL一级联赛,CUBAL一级联赛,6877,114.6,10,Isolation,2,2,1,1,1,0,0,0,0,0,0,0,0,1,1,0,0,0,0,0,89060,魏亦冉,Wei Yiran,10,,,1003320453,清华大学,PF,,,大前锋,20005,CUBAL一级联赛,200406,2024-25,2024,0.4643,0.3141,,,,,,,,,,
CUBAL一级联赛,CUBAL一级联赛,6877,114.6,10,Spot-Up,2,0.4,5,2,1,1,1,0,1,1,0,1,1,0.25,0.5,0.25,0.25,0.2,0,0,89060,魏亦冉,Wei Yiran,10,,,1003320453,清华大学,PF,,,大前锋,20005,CUBAL一级联赛,200406,2024-25,2024,2.3215,1.5707,,,,,,,,,,
CUBAL一级联赛,CUBAL一级联赛,6877,114.6,10,Cut,11,1,11,4,2,2,5,2,3,0,0,0,0,0.444444,0.4444,0.5556,0,0,2,0.1818,89060,魏亦冉,Wei Yiran,10,,,1003320453,清华大学,PF,,,大前锋,20005,CUBAL一级联赛,200406,2024-25,2024,5.1073,3.4555,39.33,44.35,74.9,54.39,33.89,66.95,0,100,93.72,
CUBAL一级联赛,CUBAL一级联赛,6877,114.6,10,Put-Backs,2,2,1,1,1,0,0,0,0,0,0,0,0,1,1,0,0,0,0,0,89060,魏亦冉,Wei Yiran,10,,,1003320453,清华大学,PF,,,大前锋,20005,CUBAL一级联赛,200406,2024-25,2024,0.4643,0.3141,,,,,,,,,,
CUBAL一级联赛,CUBAL一级联赛,6877,114.6,10,Miscellaneous,0,0,3,0,0,0,0,0,0,0,0,0,3,0,0,0,0,1,0,0,89060,魏亦冉,Wei Yiran,10,,,1003320453,清华大学,PF,,,大前锋,20005,CUBAL一级联赛,200406,2024-25,2024,1.3929,0.9424,,,,,,,,,,
CUBAL一级联赛,CUBAL一级联赛,15874,264.6,11,Transition,25,0.8065,31,17,9,8,2,1,1,0,0,0,7,0.526316,0.8947,0.1053,0,0.2258,5,0.1613,32071,张涛,Zhang Tao,11,,,1003320453,清华大学,PF,,,大前锋,20005,CUBAL一级联赛,200406,2024-25,2024,6.1299,4.2177,47,50.23,42.17,55.3,94.24,30.41,0,29.72,85.94,
CUBAL一级联赛,CUBAL一级联赛,15874,264.6,11,P&R-Ball-Handler,0,0,1,0,0,0,0,0,0,0,0,0,1,0,0,0,0,1,0,0,32071,张涛,Zhang Tao,11,,,1003320453,清华大学,PF,,,大前锋,20005,CUBAL一级联赛,200406,2024-25,2024,0.1977,0.1361,,,,,,,,,,
CUBAL一级联赛,CUBAL一级联赛,15874,264.6,11,Isolation,6,1.2,5,2,2,0,3,1,2,0,0,0,0,0.6,0.4,0.6,0,0,0,0,32071,张涛,Zhang Tao,11,,,1003320453,清华大学,PF,,,大前锋,20005,CUBAL一级联赛,200406,2024-25,2024,0.9887,0.6803,,,,,,,,,,
CUBAL一级联赛,CUBAL一级联赛,15874,264.6,11,Post-Up,15,0.7895,19,14,7,7,2,0,2,0,0,0,2,0.4375,0.875,0.125,0,0.1053,1,0.0526,32071,张涛,Zhang Tao,11,,,1003320453,清华大学,PF,,,大前锋,20005,CUBAL一级联赛,200406,2024-25,2024,3.757,2.585,51.85,53.7,33.33,38.89,66.67,27.78,0,61.11,18.52,
CUBAL一级联赛,CUBAL一级联赛,15874,264.6,11,Spot-Up,18,1,18,3,1,2,6,2,4,2,2,0,4,0.545455,0.2727,0.5455,0.1818,0.2222,3,0.1667,32071,张涛,Zhang Tao,11,,,1003320453,清华大学,PF,,,大前锋,20005,CUBAL一级联赛,200406,2024-25,2024,3.5593,2.449,2.38,2.38,90.48,91.56,82.25,94.37,4.98,17.32,96.75,
CUBAL一级联赛,CUBAL一级联赛,15874,264.6,11,Off-Screen,3,0.75,4,1,1,0,0,0,0,1,0,1,1,0.5,0.5,0,0.5,0.25,1,0.25,32071,张涛,Zhang Tao,11,,,1003320453,清华大学,PF,,,大前锋,20005,CUBAL一级联赛,200406,2024-25,2024,0.791,0.5442,,,,,,,,,,
CUBAL一级联赛,CUBAL一级联赛,15874,264.6,11,Hand-Off,2,2,1,0,0,0,1,1,0,0,0,0,0,1,0,1,0,0,0,0,32071,张涛,Zhang Tao,11,,,1003320453,清华大学,PF,,,大前锋,20005,CUBAL一级联赛,200406,2024-25,2024,0.1977,0.1361,,,,,,,,,,
CUBAL一级联赛,CUBAL一级联赛,15874,264.6,11,Cut,29,1.0357,28,18,12,6,3,0,3,0,0,0,4,0.571429,0.8571,0.1429,0,0.1429,3,0.1071,32071,张涛,Zhang Tao,11,,,1003320453,清华大学,PF,,,大前锋,20005,CUBAL一级联赛,200406,2024-25,2024,5.5367,3.8095,46.44,50.63,76.57,79.5,93.72,5.86,0,30.13,73.22,
CUBAL一级联赛,CUBAL一级联赛,15874,264.6,11,P&R-Roll-Man,0,0,3,1,0,1,1,0,1,0,0,0,1,0,0.5,0.5,0,0.3333,0,0,32071,张涛,Zhang Tao,11,,,1003320453,清华大学,PF,,,大前锋,20005,CUBAL一级联赛,200406,2024-25,2024,0.5932,0.4082,,,,,,,,,,
CUBAL一级联赛,CUBAL一级联赛,15874,264.6,11,Put-Backs,30,1.25,24,14,7,7,4,3,1,0,0,0,0,0.555556,0.7778,0.2222,0,0,6,0.25,32071,张涛,Zhang Tao,11,,,1003320453,清华大学,PF,,,大前锋,20005,CUBAL一级联赛,200406,2024-25,2024,4.7457,3.2653,76.3,77.04,77.78,58.52,51.11,53.33,0,100,85.19,
CUBAL一级联赛,CUBAL一级联赛,15874,264.6,11,Miscellaneous,12,0.6316,19,5,3,2,4,1,3,1,0,1,6,0.4,0.5,0.4,0.1,0.3158,3,0.1579,32071,张涛,Zhang Tao,11,,,1003320453,清华大学,PF,,,大前锋,20005,CUBAL一级联赛,200406,2024-25,2024,3.757,2.585,74.8,79.53,88.19,49.61,74.8,62.2,46.46,96.06,81.1,
CUBAL一级联赛,CUBAL一级联赛,25014,416.9,17,Transition,11,0.9167,12,4,4,0,1,1,0,0,0,0,6,1,0.8,0.2,0,0.5,1,0.0833,32071,张涛,Zhang Tao,11,,,1003320453,清华大学,PF,,,大前锋,20005,CUBAL一级联赛,200267,2023-24,2023,1.5829,1.0362,0.53,0.53,58.29,100,92.78,40.11,0,1.6,59.09,
CUBAL一级联赛,CUBAL一级联赛,25014,416.9,17,Isolation,0,0,5,1,0,1,1,0,1,0,0,0,3,0,0.5,0.5,0,0.6,0,0,32071,张涛,Zhang Tao,11,,,1003320453,清华大学,PF,,,大前锋,20005,CUBAL一级联赛,200267,2023-24,2023,0.6596,0.4318,,,,,,,,,,
CUBAL一级联赛,CUBAL一级联赛,25014,416.9,17,Post-Up,29,0.7632,38,18,9,9,4,0,4,0,0,0,8,0.409091,0.8182,0.1818,0,0.2105,8,0.2105,32071,张涛,Zhang Tao,11,,,1003320453,清华大学,PF,,,大前锋,20005,CUBAL一级联赛,200267,2023-24,2023,5.0126,3.2814,68,72,42,42,80,16,0,40,86,
CUBAL一级联赛,CUBAL一级联赛,25014,416.9,17,Spot-Up,14,0.7,20,1,1,0,5,3,2,0,0,0,10,0.666667,0.1667,0.8333,0,0.5,4,0.2,32071,张涛,Zhang Tao,11,,,1003320453,清华大学,PF,,,大前锋,20005,CUBAL一级联赛,200267,2023-24,2023,2.6382,1.727,4.09,5.05,62.26,98.08,77.88,97.36,0,0,98.32,
CUBAL一级联赛,CUBAL一级联赛,25014,416.9,17,Hand-Off,4,2,2,2,2,0,0,0,0,0,0,0,0,1,1,0,0,0,0,0,32071,张涛,Zhang Tao,11,,,1003320453,清华大学,PF,,,大前锋,20005,CUBAL一级联赛,200267,2023-24,2023,0.2638,0.1727,,,,,,,,,,
CUBAL一级联赛,CUBAL一级联赛,25014,416.9,17,Cut,55,1.0784,51,29,18,11,12,5,7,0,0,0,5,0.560976,0.7073,0.2927,0,0.098,5,0.098,32071,张涛,Zhang Tao,11,,,1003320453,清华大学,PF,,,大前锋,20005,CUBAL一级联赛,200267,2023-24,2023,6.7275,4.4039,73.74,75.76,78.28,73.23,81.82,17.68,0,49.49,63.64,
CUBAL一级联赛,CUBAL一级联赛,25014,416.9,17,P&R-Roll-Man,7,1,7,3,2,1,2,1,1,0,0,0,1,0.6,0.6,0.4,0,0.1429,1,0.1429,32071,张涛,Zhang Tao,11,,,1003320453,清华大学,PF,,,大前锋,20005,CUBAL一级联赛,200267,2023-24,2023,0.9234,0.6045,,,,,,,,,,
CUBAL一级联赛,CUBAL一级联赛,25014,416.9,17,Put-Backs,28,0.875,32,16,8,8,6,1,5,0,0,0,4,0.409091,0.7273,0.2727,0,0.125,6,0.1875,32071,张涛,Zhang Tao,11,,,1003320453,清华大学,PF,,,大前锋,20005,CUBAL一级联赛,200267,2023-24,2023,4.2212,2.7633,64.95,71.13,29.9,25.77,50.52,50.52,0,20.62,74.23,
CUBAL一级联赛,CUBAL一级联赛,25014,416.9,17,Miscellaneous,26,0.7647,34,7,6,1,4,2,2,0,0,0,13,0.727273,0.6364,0.3636,0,0.3824,10,0.2941,32071,张涛,Zhang Tao,11,,,1003320453,清华大学,PF,,,大前锋,20005,CUBAL一级联赛,200267,2023-24,2023,4.485,2.936,81.96,86.6,94.33,82.99,82.47,65.46,0,94.85,94.33,
CUBAL一级联赛,CUBAL一级联赛,2051,34.2,1,Transition,2,1,2,1,1,0,0,0,0,0,0,0,1,1,1,0,0,0.5,0,0,32071,张涛,Zhang Tao,11,,,1003320453,清华大学,PF,,,大前锋,20005,CUBAL一级联赛,200069,2022-23,2022,3.287,2.1053,,,,,,,,,,
CUBAL一级联赛,CUBAL一级联赛,2051,34.2,1,Post-Up,2,1,2,0,0,0,2,1,1,0,0,0,0,0.5,0,1,0,0,0,0,32071,张涛,Zhang Tao,11,,,1003320453,清华大学,PF,,,大前锋,20005,CUBAL一级联赛,200069,2022-23,2022,3.287,2.1053,,,,,,,,,,
CUBAL一级联赛,CUBAL一级联赛,2051,34.2,1,Spot-Up,0,0,1,0,0,0,1,0,1,0,0,0,0,0,0,1,0,0,0,0,32071,张涛,Zhang Tao,11,,,1003320453,清华大学,PF,,,大前锋,20005,CUBAL一级联赛,200069,2022-23,2022,1.6435,1.0526,,,,,,,,,,
CUBAL一级联赛,CUBAL一级联赛,2051,34.2,1,Cut,4,0.4,10,3,1,2,5,1,4,0,0,0,2,0.25,0.375,0.625,0,0.2,0,0,32071,张涛,Zhang Tao,11,,,1003320453,清华大学,PF,,,大前锋,20005,CUBAL一级联赛,200069,2022-23,2022,16.4352,10.5263,100,100,16.67,0,0,100,0,33.33,0,
CUBAL一级联赛,CUBAL一级联赛,2051,34.2,1,P&R-Roll-Man,0,0,1,1,0,1,0,0,0,0,0,0,0,0,1,0,0,0,0,0,32071,张涛,Zhang Tao,11,,,1003320453,清华大学,PF,,,大前锋,20005,CUBAL一级联赛,200069,2022-23,2022,1.6435,1.0526,,,,,,,,,,
CUBAL一级联赛,CUBAL一级联赛,2051,34.2,1,Put-Backs,4,1,4,1,0,1,2,2,0,0,0,0,0,0.666667,0.3333,0.6667,0,0,1,0.25,32071,张涛,Zhang Tao,11,,,1003320453,清华大学,PF,,,大前锋,20005,CUBAL一级联赛,200069,2022-23,2022,6.5741,4.2105,,,,,,,,,,
CUBAL一级联赛,CUBAL一级联赛,5718,95.3,10,Transition,19,1.5833,12,1,1,0,1,0,1,9,5,4,0,0.772727,0.0909,0.0909,0.8182,0,1,0.0833,32074,王思文,Wang Siwen,13,,,1003320453,清华大学,SF,,,小前锋,20005,CUBAL一级联赛,200406,2024-25,2024,7.0326,4.5331,55.53,64.29,99.31,96.54,1.84,26.04,97.93,100,54.38,
CUBAL一级联赛,CUBAL一级联赛,5718,95.3,10,P&R-Ball-Handler,0,0,5,0,0,0,1,0,1,2,0,2,2,0,0,0.3333,0.6667,0.4,0,0,32074,王思文,Wang Siwen,13,,,1003320453,清华大学,SF,,,小前锋,20005,CUBAL一级联赛,200406,2024-25,2024,2.9303,1.8888,,,,,,,,,,
CUBAL一级联赛,CUBAL一级联赛,5718,95.3,10,Isolation,0,0,1,0,0,0,0,0,0,0,0,0,1,0,0,0,0,1,0,0,32074,王思文,Wang Siwen,13,,,1003320453,清华大学,SF,,,小前锋,20005,CUBAL一级联赛,200406,2024-25,2024,0.5861,0.3778,,,,,,,,,,
CUBAL一级联赛,CUBAL一级联赛,5718,95.3,10,Spot-Up,6,0.5,12,0,0,0,2,0,2,9,2,7,1,0.272727,0,0.1818,0.8182,0.0833,0,0,32074,王思文,Wang Siwen,13,,,1003320453,清华大学,SF,,,小前锋,20005,CUBAL一级联赛,200406,2024-25,2024,7.0326,4.5331,28.35,36.8,30.95,31.6,0,43.51,79.44,72.29,0,
CUBAL一级联赛,CUBAL一级联赛,5718,95.3,10,Off-Screen,8,0.8,10,0,0,0,3,1,2,6,2,4,1,0.444444,0,0.3333,0.6667,0.1,0,0,32074,王思文,Wang Siwen,13,,,1003320453,清华大学,SF,,,小前锋,20005,CUBAL一级联赛,200406,2024-25,2024,5.8605,3.7775,92.65,95.59,57.35,60.29,0,79.41,44.12,26.47,0,
CUBAL一级联赛,CUBAL一级联赛,5718,95.3,10,Hand-Off,2,1,2,0,0,0,1,1,0,0,0,0,1,1,0,1,0,0.5,0,0,32074,王思文,Wang Siwen,13,,,1003320453,清华大学,SF,,,小前锋,20005,CUBAL一级联赛,200406,2024-25,2024,1.1721,0.7555,,,,,,,,,,
CUBAL一级联赛,CUBAL一级联赛,5718,95.3,10,Cut,2,2,1,1,1,0,0,0,0,0,0,0,0,1,1,0,0,0,0,0,32074,王思文,Wang Siwen,13,,,1003320453,清华大学,SF,,,小前锋,20005,CUBAL一级联赛,200406,2024-25,2024,0.5861,0.3778,,,,,,,,,,
CUBAL一级联赛,CUBAL一级联赛,5718,95.3,10,Put-Backs,6,1.5,4,4,3,1,0,0,0,0,0,0,0,0.75,1,0,0,0,0,0,32074,王思文,Wang Siwen,13,,,1003320453,清华大学,SF,,,小前锋,20005,CUBAL一级联赛,200406,2024-25,2024,2.3442,1.511,,,,,,,,,,
CUBAL一级联赛,CUBAL一级联赛,5718,95.3,10,Miscellaneous,0,0,1,0,0,0,0,0,0,1,0,1,0,0,0,0,1,0,0,0,32074,王思文,Wang Siwen,13,,,1003320453,清华大学,SF,,,小前锋,20005,CUBAL一级联赛,200406,2024-25,2024,0.5861,0.3778,,,,,,,,,,
CUBAL一级联赛,CUBAL一级联赛,17298,288.3,15,Transition,36,1.3846,26,9,8,1,2,2,0,12,5,7,3,0.76087,0.3913,0.087,0.5217,0.1154,0,0,32074,王思文,Wang Siwen,13,,,1003320453,清华大学,SG,,,得分后卫,20005,CUBAL一级联赛,200267,2023-24,2023,4.9569,3.2466,37.43,44.92,96.79,94.12,30.21,10.7,88.77,70.86,0,
CUBAL一级联赛,CUBAL一级联赛,17298,288.3,15,P&R-Ball-Handler,0,0,4,1,0,1,2,0,2,0,0,0,0,0,0.3333,0.6667,0,0,1,0.25,32074,王思文,Wang Siwen,13,,,1003320453,清华大学,SG,,,得分后卫,20005,CUBAL一级联赛,200267,2023-24,2023,0.7626,0.4995,,,,,,,,,,
CUBAL一级联赛,CUBAL一级联赛,17298,288.3,15,Isolation,2,2,1,1,1,0,0,0,0,0,0,0,0,1,1,0,0,0,0,0,32074,王思文,Wang Siwen,13,,,1003320453,清华大学,SG,,,得分后卫,20005,CUBAL一级联赛,200267,2023-24,2023,0.1907,0.1249,,,,,,,,,,
CUBAL一级联赛,CUBAL一级联赛,17298,288.3,15,Spot-Up,16,0.5714,28,0,0,0,5,0,5,20,5,15,2,0.3,0,0.2,0.8,0.0714,1,0.0357,32074,王思文,Wang Siwen,13,,,1003320453,清华大学,SG,,,得分后卫,20005,CUBAL一级联赛,200267,2023-24,2023,5.3383,3.4964,21.39,25.24,42.55,40.38,0,35.58,81.01,70.67,51.2,
CUBAL一级联赛,CUBAL一级联赛,17298,288.3,15,Off-Screen,6,1.5,4,0,0,0,0,0,0,4,2,2,0,0.75,0,0,1,0,0,0,32074,王思文,Wang Siwen,13,,,1003320453,清华大学,SG,,,得分后卫,20005,CUBAL一级联赛,200267,2023-24,2023,0.7626,0.4995,,,,,,,,,,
CUBAL一级联赛,CUBAL一级联赛,17298,288.3,15,Hand-Off,11,1.1,10,3,3,0,0,0,0,5,1,4,1,0.5625,0.375,0,0.625,0.1,1,0.1,32074,王思文,Wang Siwen,13,,,1003320453,清华大学,SG,,,得分后卫,20005,CUBAL一级联赛,200267,2023-24,2023,1.9065,1.2487,30.77,30.77,87.18,87.18,87.18,0,66.67,51.28,61.54,
CUBAL一级联赛,CUBAL一级联赛,17298,288.3,15,Cut,12,0.8571,14,8,4,4,4,2,2,0,0,0,1,0.5,0.6667,0.3333,0,0.0714,1,0.0714,32074,王思文,Wang Siwen,13,,,1003320453,清华大学,SG,,,得分后卫,20005,CUBAL一级联赛,200267,2023-24,2023,2.6691,1.7482,19.7,21.21,47.47,55.56,79.29,20.71,0,66.67,45.96,
CUBAL一级联赛,CUBAL一级联赛,17298,288.3,15,Put-Backs,28,1.3333,21,13,8,5,2,1,1,2,1,1,1,0.617647,0.7647,0.1176,0.1176,0.0476,3,0.1429,32074,王思文,Wang Siwen,13,,,1003320453,清华大学,SG,,,得分后卫,20005,CUBAL一级联赛,200267,2023-24,2023,4.0037,2.6223,59.79,68.04,89.69,74.23,56.7,18.56,93.81,55.67,55.67,
CUBAL一级联赛,CUBAL一级联赛,17298,288.3,15,Miscellaneous,8,0.7273,11,4,3,1,1,1,0,0,0,0,6,0.8,0.8,0.2,0,0.5455,0,0,32074,王思文,Wang Siwen,13,,,1003320453,清华大学,SG,,,得分后卫,20005,CUBAL一级联赛,200267,2023-24,2023,2.0972,1.3736,22.16,28.35,93.3,86.6,87.11,49.48,0,74.23,0,
CUBAL一级联赛,CUBAL一级联赛,2004,33.4,1,Transition,0,0,3,2,0,2,0,0,0,1,0,1,0,0,0.6667,0,0.3333,0,0,0,32074,王思文,Wang Siwen,13,,,1003320453,清华大学,SG,,,得分后卫,20005,CUBAL一级联赛,200069,2022-23,2022,5.0122,3.2335,,,,,,,,,,
CUBAL一级联赛,CUBAL一级联赛,2004,33.4,1,P&R-Ball-Handler,0,0,1,1,0,1,0,0,0,0,0,0,0,0,1,0,0,0,0,0,32074,王思文,Wang Siwen,13,,,1003320453,清华大学,SG,,,得分后卫,20005,CUBAL一级联赛,200069,2022-23,2022,1.6707,1.0778,,,,,,,,,,
CUBAL一级联赛,CUBAL一级联赛,2004,33.4,1,Spot-Up,0,0,4,0,0,0,1,0,1,3,0,3,0,0,0,0.25,0.75,0,0,0,32074,王思文,Wang Siwen,13,,,1003320453,清华大学,SG,,,得分后卫,20005,CUBAL一级联赛,200069,2022-23,2022,6.6829,4.3114,,,,,,,,,,
CUBAL一级联赛,CUBAL一级联赛,2004,33.4,1,Off-Screen,0,0,1,0,0,0,0,0,0,1,0,1,0,0,0,0,1,0,0,0,32074,王思文,Wang Siwen,13,,,1003320453,清华大学,SG,,,得分后卫,20005,CUBAL一级联赛,200069,2022-23,2022,1.6707,1.0778,,,,,,,,,,
CUBAL一级联赛,CUBAL一级联赛,2004,33.4,1,Cut,0,0,1,0,0,0,0,0,0,0,0,0,0,0,0,0,0,0,1,1,32074,王思文,Wang Siwen,13,,,1003320453,清华大学,SG,,,得分后卫,20005,CUBAL一级联赛,200069,2022-23,2022,1.6707,1.0778,,,,,,,,,,
CUBAL一级联赛,CUBAL一级联赛,2004,33.4,1,Put-Backs,0,0,1,1,0,1,0,0,0,0,0,0,0,0,1,0,0,0,0,0,32074,王思文,Wang Siwen,13,,,1003320453,清华大学,SG,,,得分后卫,20005,CUBAL一级联赛,200069,2022-23,2022,1.6707,1.0778,,,,,,,,,,
CUBAL一级联赛,CUBAL一级联赛,2004,33.4,1,Miscellaneous,2,0.6667,3,1,1,0,0,0,0,0,0,0,2,1,1,0,0,0.6667,0,0,32074,王思文,Wang Siwen,13,,,1003320453,清华大学,SG,,,得分后卫,20005,CUBAL一级联赛,200069,2022-23,2022,5.0122,3.2335,,,,,,,,,,
CUBAL一级联赛,CUBAL一级联赛,15379,256.3,17,Transition,18,1.3846,13,8,6,2,0,0,0,0,0,0,0,0.75,1,0,0,0,5,0.3846,88706,孙楷文,Sun Kaiwen,15,,,1003320453,清华大学,C,,,中锋,20005,CUBAL一级联赛,200406,2024-25,2024,2.6733,1.826,2.76,3,97,93.55,100,0,0,100,99.54,
CUBAL一级联赛,CUBAL一级联赛,15379,256.3,17,Isolation,2,2,1,0,0,0,1,1,0,0,0,0,0,1,0,1,0,0,0,0,88706,孙楷文,Sun Kaiwen,15,,,1003320453,清华大学,C,,,中锋,20005,CUBAL一级联赛,200406,2024-25,2024,0.2056,0.1405,,,,,,,,,,
CUBAL一级联赛,CUBAL一级联赛,15379,256.3,17,Post-Up,28,1.2727,22,13,9,4,2,1,1,0,0,0,1,0.666667,0.8667,0.1333,0,0.0455,6,0.2727,88706,孙楷文,Sun Kaiwen,15,,,1003320453,清华大学,C,,,中锋,20005,CUBAL一级联赛,200406,2024-25,2024,4.524,3.0901,61.11,61.11,88.89,79.63,64.81,33.33,0,85.19,87.04,
CUBAL一级联赛,CUBAL一级联赛,15379,256.3,17,Spot-Up,8,1,8,0,0,0,3,1,2,5,2,3,0,0.5,0,0.375,0.625,0,0,0,88706,孙楷文,Sun Kaiwen,15,,,1003320453,清华大学,C,,,中锋,20005,CUBAL一级联赛,200406,2024-25,2024,1.6451,1.1237,,,,,,,,,,
CUBAL一级联赛,CUBAL一级联赛,15379,256.3,17,Off-Screen,11,1.1,10,2,2,0,6,2,4,0,0,0,0,0.5,0.25,0.75,0,0,2,0.2,88706,孙楷文,Sun Kaiwen,15,,,1003320453,清华大学,C,,,中锋,20005,CUBAL一级联赛,200406,2024-25,2024,2.0564,1.4046,19.12,25,79.41,73.53,86.76,100,0,100,95.59,
CUBAL一级联赛,CUBAL一级联赛,15379,256.3,17,Cut,59,1.0926,54,21,17,4,24,9,15,0,0,0,5,0.577778,0.4667,0.5333,0,0.0926,4,0.0741,88706,孙楷文,Sun Kaiwen,15,,,1003320453,清华大学,C,,,中锋,20005,CUBAL一级联赛,200406,2024-25,2024,11.1044,7.5849,92.05,93.31,82.01,80.33,38.08,61.51,0,48.54,52.72,
CUBAL一级联赛,CUBAL一级联赛,15379,256.3,17,P&R-Roll-Man,6,0.75,8,4,2,2,3,1,2,0,0,0,1,0.428571,0.5714,0.4286,0,0.125,0,0,88706,孙楷文,Sun Kaiwen,15,,,1003320453,清华大学,C,,,中锋,20005,CUBAL一级联赛,200406,2024-25,2024,1.6451,1.1237,,,,,,,,,,
CUBAL一级联赛,CUBAL一级联赛,15379,256.3,17,Put-Backs,14,1.0769,13,9,5,4,1,1,0,0,0,0,1,0.6,0.9,0.1,0,0.0769,2,0.1538,88706,孙楷文,Sun Kaiwen,15,,,1003320453,清华大学,C,,,中锋,20005,CUBAL一级联赛,200406,2024-25,2024,2.6733,1.826,24.44,30.37,52.59,71.11,80.74,20.74,0,44.44,62.22,
CUBAL一级联赛,CUBAL一级联赛,15379,256.3,17,Miscellaneous,5,0.625,8,2,2,0,0,0,0,0,0,0,5,1,1,0,0,0.625,1,0.125,88706,孙楷文,Sun Kaiwen,15,,,1003320453,清华大学,C,,,中锋,20005,CUBAL一级联赛,200406,2024-25,2024,1.6451,1.1237,,,,,,,,,,
CUBAL一级联赛,CUBAL一级联赛,21702,361.7,16,Transition,26,0.9286,28,11,8,3,6,4,2,5,0,5,3,0.545455,0.5,0.2727,0.2273,0.1071,3,0.1071,32067,高梓悦,Gao Ziyue,16,,,1003320453,清华大学,C,,,中锋,20005,CUBAL一级联赛,200406,2024-25,2024,3.9563,2.7868,16.13,16.82,60.6,58.99,37.1,71.66,56.68,72.81,66.82,
CUBAL一级联赛,CUBAL一级联赛,21702,361.7,16,P&R-Ball-Handler,2,2,1,0,0,0,1,1,0,0,0,0,0,1,0,1,0,0,0,0,32067,高梓悦,Gao Ziyue,16,,,1003320453,清华大学,C,,,中锋,20005,CUBAL一级联赛,200406,2024-25,2024,0.1413,0.0995,,,,,,,,,,
CUBAL一级联赛,CUBAL一级联赛,21702,361.7,16,Isolation,8,2,4,0,0,0,1,1,0,1,1,0,1,1.25,0,0.5,0.5,0.25,1,0.25,32067,高梓悦,Gao Ziyue,16,,,1003320453,清华大学,C,,,中锋,20005,CUBAL一级联赛,200406,2024-25,2024,0.5652,0.3981,,,,,,,,,,
CUBAL一级联赛,CUBAL一级联赛,21702,361.7,16,Post-Up,43,1.2286,35,19,14,5,10,6,4,0,0,0,5,0.689655,0.6552,0.3448,0,0.1429,1,0.0286,32067,高梓悦,Gao Ziyue,16,,,1003320453,清华大学,C,,,中锋,20005,CUBAL一级联赛,200406,2024-25,2024,4.9454,3.4835,66.67,66.67,83.33,87.04,40.74,57.41,0,46.3,12.96,
CUBAL一级联赛,CUBAL一级联赛,21702,361.7,16,Spot-Up,6,0.375,16,0,0,0,5,0,5,9,2,7,2,0.214286,0,0.3571,0.6429,0.125,0,0,32067,高梓悦,Gao Ziyue,16,,,1003320453,清华大学,C,,,中锋,20005,CUBAL一级联赛,200406,2024-25,2024,2.2608,1.5925,0.22,0.43,17.53,19.91,0,80.3,46.54,50.22,0,
CUBAL一级联赛,CUBAL一级联赛,21702,361.7,16,Off-Screen,9,1.125,8,1,1,0,6,2,4,1,1,0,0,0.5625,0.125,0.75,0.125,0,0,0,32067,高梓悦,Gao Ziyue,16,,,1003320453,清华大学,C,,,中锋,20005,CUBAL一级联赛,200406,2024-25,2024,1.1304,0.7962,,,,,,,,,,
CUBAL一级联赛,CUBAL一级联赛,21702,361.7,16,Cut,91,1.3188,69,32,27,5,33,15,18,0,0,0,1,0.646154,0.4923,0.5077,0,0.0145,3,0.0435,32067,高梓悦,Gao Ziyue,16,,,1003320453,清华大学,C,,,中锋,20005,CUBAL一级联赛,200406,2024-25,2024,9.7495,6.8676,88.7,87.87,92.89,88.7,41.42,58.16,0,87.87,37.24,
CUBAL一级联赛,CUBAL一级联赛,21702,361.7,16,P&R-Roll-Man,7,0.5833,12,4,3,1,1,0,1,5,0,5,1,0.3,0.4,0.1,0.5,0.0833,1,0.0833,32067,高梓悦,Gao Ziyue,16,,,1003320453,清华大学,C,,,中锋,20005,CUBAL一级联赛,200406,2024-25,2024,1.6956,1.1944,11.11,22.22,0,11.11,33.33,0,100,77.78,33.33,
CUBAL一级联赛,CUBAL一级联赛,21702,361.7,16,Put-Backs,39,1.56,25,16,14,2,4,2,2,0,0,0,1,0.8,0.8,0.2,0,0.04,4,0.16,32067,高梓悦,Gao Ziyue,16,,,1003320453,清华大学,C,,,中锋,20005,CUBAL一级联赛,200406,2024-25,2024,3.5324,2.4882,54.81,56.3,96.3,97.78,55.56,49.63,0,60.74,65.19,
CUBAL一级联赛,CUBAL一级联赛,21702,361.7,16,Miscellaneous,4,0.3636,11,0,0,0,1,1,0,0,0,0,8,1,0,1,0,0.7273,2,0.1818,32067,高梓悦,Gao Ziyue,16,,,1003320453,清华大学,C,,,中锋,20005,CUBAL一级联赛,200406,2024-25,2024,1.5543,1.0948,3.94,3.15,65.35,87.4,0,100,0,44.09,87.4,
CUBAL一级联赛,CUBAL一级联赛,19820,330.3,18,Transition,6,0.75,8,1,1,0,5,2,3,1,0,1,1,0.428571,0.1429,0.7143,0.1429,0.125,0,0,32067,高梓悦,Gao Ziyue,16,,,1003320453,清华大学,C,,,中锋,20005,CUBAL一级联赛,200267,2023-24,2023,1.319,0.8719,,,,,,,,,,
CUBAL一级联赛,CUBAL一级联赛,19820,330.3,18,Isolation,2,2,1,1,1,0,0,0,0,0,0,0,0,1,1,0,0,0,0,0,32067,高梓悦,Gao Ziyue,16,,,1003320453,清华大学,C,,,中锋,20005,CUBAL一级联赛,200267,2023-24,2023,0.1649,0.109,,,,,,,,,,
CUBAL一级联赛,CUBAL一级联赛,19820,330.3,18,Post-Up,21,0.5526,38,17,7,10,16,3,13,0,0,0,4,0.30303,0.5152,0.4848,0,0.1053,1,0.0263,32067,高梓悦,Gao Ziyue,16,,,1003320453,清华大学,C,,,中锋,20005,CUBAL一级联赛,200267,2023-24,2023,6.2654,4.1417,82,84,18,20,34,64,0,78,12,
CUBAL一级联赛,CUBAL一级联赛,19820,330.3,18,Spot-Up,2,0.1429,14,2,1,1,9,0,9,1,0,1,2,0.083333,0.1667,0.75,0.0833,0.1429,0,0,32067,高梓悦,Gao Ziyue,16,,,1003320453,清华大学,C,,,中锋,20005,CUBAL一级联赛,200267,2023-24,2023,2.3083,1.5259,3.13,3.85,2.88,2.88,77.88,94.23,5.05,34.62,0,
CUBAL一级联赛,CUBAL一级联赛,19820,330.3,18,Off-Screen,2,0.4,5,2,1,1,2,0,2,0,0,0,1,0.25,0.5,0.5,0,0.2,0,0,32067,高梓悦,Gao Ziyue,16,,,1003320453,清华大学,C,,,中锋,20005,CUBAL一级联赛,200267,2023-24,2023,0.8244,0.545,,,,,,,,,,
CUBAL一级联赛,CUBAL一级联赛,19820,330.3,18,Hand-Off,2,1,2,1,1,0,0,0,0,0,0,0,1,1,1,0,0,0.5,0,0,32067,高梓悦,Gao Ziyue,16,,,1003320453,清华大学,C,,,中锋,20005,CUBAL一级联赛,200267,2023-24,2023,0.3298,0.218,,,,,,,,,,
CUBAL一级联赛,CUBAL一级联赛,19820,330.3,18,Cut,55,0.9483,58,26,17,9,26,8,18,0,0,0,3,0.480769,0.5,0.5,0,0.0517,3,0.0517,32067,高梓悦,Gao Ziyue,16,,,1003320453,清华大学,C,,,中锋,20005,CUBAL一级联赛,200267,2023-24,2023,9.563,6.3215,90.4,92.93,60.1,51.01,55.56,42.93,0,77.78,35.86,
CUBAL一级联赛,CUBAL一级联赛,19820,330.3,18,P&R-Roll-Man,3,0.75,4,2,0,2,1,1,0,0,0,0,0,0.333333,0.6667,0.3333,0,0,1,0.25,32067,高梓悦,Gao Ziyue,16,,,1003320453,清华大学,C,,,中锋,20005,CUBAL一级联赛,200267,2023-24,2023,0.6595,0.436,,,,,,,,,,
CUBAL一级联赛,CUBAL一级联赛,19820,330.3,18,Put-Backs,53,1.1522,46,30,20,10,9,3,6,0,0,0,2,0.589744,0.7692,0.2308,0,0.0435,5,0.1087,32067,高梓悦,Gao Ziyue,16,,,1003320453,清华大学,C,,,中锋,20005,CUBAL一级联赛,200267,2023-24,2023,7.5845,5.0136,95.88,96.91,67.01,68.04,58.76,42.27,0,56.7,47.42,
CUBAL一级联赛,CUBAL一级联赛,19820,330.3,18,Miscellaneous,6,0.8571,7,2,1,1,2,1,1,0,0,0,2,0.5,0.5,0.5,0,0.2857,1,0.1429,32067,高梓悦,Gao Ziyue,16,,,1003320453,清华大学,C,,,中锋,20005,CUBAL一级联赛,200267,2023-24,2023,1.1542,0.7629,,,,,,,,,,
CUBAL一级联赛,CUBAL一级联赛,828,13.8,1,Transition,0,0,1,0,0,0,1,0,1,0,0,0,0,0,0,1,0,0,0,0,32067,高梓悦,Gao Ziyue,16,,,1003320453,清华大学,C,,,中锋,20005,CUBAL一级联赛,200069,2022-23,2022,3.9954,2.6087,,,,,,,,,,
CUBAL一级联赛,CUBAL一级联赛,828,13.8,1,Spot-Up,0,0,1,0,0,0,1,0,1,0,0,0,0,0,0,1,0,0,0,0,32067,高梓悦,Gao Ziyue,16,,,1003320453,清华大学,C,,,中锋,20005,CUBAL一级联赛,200069,2022-23,2022,3.9954,2.6087,,,,,,,,,,
CUBAL一级联赛,CUBAL一级联赛,828,13.8,1,Cut,2,0.5,4,2,1,1,2,0,2,0,0,0,0,0.25,0.5,0.5,0,0,0,0,32067,高梓悦,Gao Ziyue,16,,,1003320453,清华大学,C,,,中锋,20005,CUBAL一级联赛,200069,2022-23,2022,15.9817,10.4348,,,,,,,,,,
CUBAL一级联赛,CUBAL一级联赛,828,13.8,1,Put-Backs,0,0,1,0,0,0,0,0,0,0,0,0,0,0,0,0,0,0,1,1,32067,高梓悦,Gao Ziyue,16,,,1003320453,清华大学,C,,,中锋,20005,CUBAL一级联赛,200069,2022-23,2022,3.9954,2.6087,,,,,,,,,,
CUBAL一级联赛,CUBAL一级联赛,704,11.7,1,Transition,0,0,2,1,0,1,0,0,0,1,0,1,0,0,0.5,0,0.5,0,0,0,32073,金耘可,Jin Yunke,99,,,1003320453,清华大学,C,,,中锋,20005,CUBAL一级联赛,200267,2023-24,2023,10.0376,6.1538,,,,,,,,,,
CUBAL一级联赛,CUBAL一级联赛,704,11.7,1,Cut,2,0.6667,3,0,0,0,2,1,1,0,0,0,0,0.5,0,1,0,0,1,0.3333,32073,金耘可,Jin Yunke,99,,,1003320453,清华大学,C,,,中锋,20005,CUBAL一级联赛,200267,2023-24,2023,15.0565,9.2308,,,,,,,,,,
CUBAL一级联赛,CUBAL一级联赛,704,11.7,1,Miscellaneous,0,0,1,0,0,0,0,0,0,0,0,0,1,0,0,0,0,1,0,0,32073,金耘可,Jin Yunke,99,,,1003320453,清华大学,C,,,中锋,20005,CUBAL一级联赛,200267,2023-24,2023,5.0188,3.0769,,,,,,,,,,
CUBAL一级联赛,CUBAL一级联赛,16592,276.5,17,Transition,22,0.88,25,12,6,6,6,2,4,3,2,1,4,0.52381,0.5714,0.2857,0.1429,0.16,0,0,93035,李瑜婧,Li Yujing,21,,,1003320453,清华大学,SF,,,小前锋,20005,CUBAL一级联赛,200406,2024-25,2024,4.7062,3.255,24.88,27.19,51.15,55.07,49.77,73.27,41.71,51.15,0,
CUBAL一级联赛,CUBAL一级联赛,16592,276.5,17,P&R-Ball-Handler,0,0,1,0,0,0,1,0,1,0,0,0,0,0,0,1,0,0,0,0,93035,李瑜婧,Li Yujing,21,,,1003320453,清华大学,SF,,,小前锋,20005,CUBAL一级联赛,200406,2024-25,2024,0.1882,0.1302,,,,,,,,,,
CUBAL一级联赛,CUBAL一级联赛,16592,276.5,17,Isolation,2,2,1,0,0,0,1,1,0,0,0,0,0,1,0,1,0,0,0,0,93035,李瑜婧,Li Yujing,21,,,1003320453,清华大学,SF,,,小前锋,20005,CUBAL一级联赛,200406,2024-25,2024,0.1882,0.1302,,,,,,,,,,
CUBAL一级联赛,CUBAL一级联赛,16592,276.5,17,Spot-Up,11,0.3793,29,0,0,0,10,4,6,13,1,12,6,0.23913,0,0.4348,0.5652,0.2069,0,0,93035,李瑜婧,Li Yujing,21,,,1003320453,清华大学,SF,,,小前锋,20005,CUBAL一级联赛,200406,2024-25,2024,5.4592,3.7758,16.45,18.18,18.4,22.94,0,88.53,33.12,20.56,0,
CUBAL一级联赛,CUBAL一级联赛,16592,276.5,17,Off-Screen,5,1,5,0,0,0,1,1,0,3,1,2,1,0.625,0,0.25,0.75,0.2,0,0,93035,李瑜婧,Li Yujing,21,,,1003320453,清华大学,SF,,,小前锋,20005,CUBAL一级联赛,200406,2024-25,2024,0.9412,0.651,,,,,,,,,,
CUBAL一级联赛,CUBAL一级联赛,16592,276.5,17,Hand-Off,3,1.5,2,0,0,0,0,0,0,1,1,0,1,1.5,0,0,1,0.5,0,0,93035,李瑜婧,Li Yujing,21,,,1003320453,清华大学,SF,,,小前锋,20005,CUBAL一级联赛,200406,2024-25,2024,0.3765,0.2604,,,,,,,,,,
CUBAL一级联赛,CUBAL一级联赛,16592,276.5,17,Cut,17,1.1333,15,6,3,3,6,5,1,0,0,0,3,0.666667,0.5,0.5,0,0.2,0,0,93035,李瑜婧,Li Yujing,21,,,1003320453,清华大学,SF,,,小前锋,20005,CUBAL一级联赛,200406,2024-25,2024,2.8237,1.953,7.53,7.95,84.94,90.38,43.51,56.07,0,12.55,0,
CUBAL一级联赛,CUBAL一级联赛,16592,276.5,17,P&R-Roll-Man,2,1,2,2,1,1,0,0,0,0,0,0,0,0.5,1,0,0,0,0,0,93035,李瑜婧,Li Yujing,21,,,1003320453,清华大学,SF,,,小前锋,20005,CUBAL一级联赛,200406,2024-25,2024,0.3765,0.2604,,,,,,,,,,
CUBAL一级联赛,CUBAL一级联赛,16592,276.5,17,Put-Backs,11,1.1,10,5,4,1,2,0,2,0,0,0,0,0.571429,0.7143,0.2857,0,0,3,0.3,93035,李瑜婧,Li Yujing,21,,,1003320453,清华大学,SF,,,小前锋,20005,CUBAL一级联赛,200406,2024-25,2024,1.8825,1.302,4.44,8.15,55.56,62.22,37.04,65.19,0,100,93.33,
CUBAL一级联赛,CUBAL一级联赛,16592,276.5,17,Miscellaneous,0,0,5,0,0,0,0,0,0,0,0,0,5,0,0,0,0,1,0,0,93035,李瑜婧,Li Yujing,21,,,1003320453,清华大学,SF,,,小前锋,20005,CUBAL一级联赛,200406,2024-25,2024,0.9412,0.651,,,,,,,,,,
CUBAL一级联赛,CUBAL一级联赛,6421,107,12,Transition,8,1,8,6,3,3,1,1,0,0,0,0,1,0.571429,0.8571,0.1429,0,0.125,0,0,93035,李瑜婧,Li Yujing,21,,,1003320453,清华大学,SF,,,小前锋,20005,CUBAL一级联赛,200267,2023-24,2023,4.4822,2.6916,,,,,,,,,,
CUBAL一级联赛,CUBAL一级联赛,6421,107,12,Spot-Up,0,0,1,0,0,0,1,0,1,0,0,0,0,0,0,1,0,0,0,0,93035,李瑜婧,Li Yujing,21,,,1003320453,清华大学,SF,,,小前锋,20005,CUBAL一级联赛,200267,2023-24,2023,0.5603,0.3364,,,,,,,,,,
CUBAL一级联赛,CUBAL一级联赛,6421,107,12,Cut,13,1.0833,12,1,1,0,7,3,4,0,0,0,1,0.5,0.125,0.875,0,0.0833,3,0.25,93035,李瑜婧,Li Yujing,21,,,1003320453,清华大学,SF,,,小前锋,20005,CUBAL一级联赛,200267,2023-24,2023,6.7233,4.0374,66.16,75.25,79.29,55.56,4.04,95.45,0,60.1,95.96,
CUBAL一级联赛,CUBAL一级联赛,6421,107,12,Put-Backs,4,1.3333,3,3,2,1,0,0,0,0,0,0,0,0.666667,1,0,0,0,0,0,93035,李瑜婧,Li Yujing,21,,,1003320453,清华大学,SF,,,小前锋,20005,CUBAL一级联赛,200267,2023-24,2023,1.6808,1.0093,,,,,,,,,,
CUBAL一级联赛,CUBAL一级联赛,6421,107,12,Miscellaneous,0,0,1,0,0,0,1,0,1,0,0,0,0,0,0,1,0,0,0,0,93035,李瑜婧,Li Yujing,21,,,1003320453,清华大学,SF,,,小前锋,20005,CUBAL一级联赛,200267,2023-24,2023,0.5603,0.3364,,,,,,,,,,
undefined,undefined,,,,,,,,,,,,,,,,,,,,,,,,,,,,,,,,,,,,,,,,,,,,,,,,,,,,,郑梓怡