_group,_leagueName,上场时间(秒),上场时间(分钟),出场次数,打法类型,得分,每回合得分,打法类型回合数,篮下出手数,篮下命中数,篮下未命中数,中距离出手数,中距离命中数,中距离未命中数,三分出手数,三分命中数,三分未命中数,失误,有效投篮命中率,篮下比重,中距离比重,三分比重,失误占比,造罚球回合数,造罚球占比,playerId,playerName,playerEnName,number,age,sex,teamId,teamName,position,height,weight,positionCn,leagueEventId,leagueEvent,seasonId,season,year,每100回合打法使用次数,每36分钟打法使用次数,每36分钟打法使用次数百分位排名,每100回合打法使用次数百分位排名,球员每回合得分百分位排名,球员有效投篮命中率百分位排名,球员篮下出手占比百分位排名,球员中距离出手占比百分位排名,球员三分出手占比百分位排名,球员失误占比百分位排名,球员造罚球占比百分位排名
CBDL,CBDL,7822,130.4,6,Transition,7,1.4,5,2,2,0,0,0,0,1,0,1,1,0.666667,0.6667,0,0.3333,0.2,1,0.2,33546,姚盛彬,Yao Shengbin,4,,,1003321308,中国U17,PG,,,控球后卫,20039,CBDL,200809,2025-26,2025,2.0627,1.3804,,,,,,,,,
CBDL,CBDL,7822,130.4,6,P&R-Ball-Handler,15,0.75,20,1,0,1,5,1,4,4,2,2,7,0.4,0.1,0.5,0.4,0.35,3,0.15,33546,姚盛彬,Yao Shengbin,4,,,1003321308,中国U17,PG,,,控球后卫,20039,CBDL,200809,2025-26,2025,8.2506,5.5215,54.55,56.82,61.36,56.82,15.91,61.36,65.91,13.64,79.55
CBDL,CBDL,7822,130.4,6,Isolation,0,0,1,0,0,0,0,0,0,1,0,1,0,0,0,0,1,0,0,0,33546,姚盛彬,Yao Shengbin,4,,,1003321308,中国U17,PG,,,控球后卫,20039,CBDL,200809,2025-26,2025,0.4125,0.2761,,,,,,,,,
CBDL,CBDL,7822,130.4,6,Spot-Up,3,3,1,0,0,0,0,0,0,1,1,0,0,1.5,0,0,1,0,0,0,33546,姚盛彬,Yao Shengbin,4,,,1003321308,中国U17,PG,,,控球后卫,20039,CBDL,200809,2025-26,2025,0.4125,0.2761,,,,,,,,,
CBDL,CBDL,7822,130.4,6,Off-Screen,0,0,1,0,0,0,0,0,0,0,0,0,0,0,0,0,0,0,1,1,33546,姚盛彬,Yao Shengbin,4,,,1003321308,中国U17,PG,,,控球后卫,20039,CBDL,200809,2025-26,2025,0.4125,0.2761,,,,,,,,,
CBDL,CBDL,7822,130.4,6,Hand-Off,0,0,1,0,0,0,1,0,1,0,0,0,0,0,0,1,0,0,0,0,33546,姚盛彬,Yao Shengbin,4,,,1003321308,中国U17,PG,,,控球后卫,20039,CBDL,200809,2025-26,2025,0.4125,0.2761,,,,,,,,,
CBDL,CBDL,7822,130.4,6,Cut,0,0,2,2,0,2,0,0,0,0,0,0,0,0,1,0,0,0,0,0,33546,姚盛彬,Yao Shengbin,4,,,1003321308,中国U17,PG,,,控球后卫,20039,CBDL,200809,2025-26,2025,0.8251,0.5521,,,,,,,,,
CBDL,CBDL,7822,130.4,6,Put-Backs,0,0,2,1,0,1,1,0,1,0,0,0,0,0,0.5,0.5,0,0,0,0,33546,姚盛彬,Yao Shengbin,4,,,1003321308,中国U17,PG,,,控球后卫,20039,CBDL,200809,2025-26,2025,0.8251,0.5521,,,,,,,,,
CBDL,CBDL,7822,130.4,6,Miscellaneous,0,0,5,0,0,0,0,0,0,0,0,0,4,0,0,0,0,0.8,1,0.2,33546,姚盛彬,Yao Shengbin,4,,,1003321308,中国U17,PG,,,控球后卫,20039,CBDL,200809,2025-26,2025,2.0627,1.3804,,,,,,,,,
CBDL,CBDL,4048,67.5,4,Transition,4,1,4,1,1,0,1,0,1,1,0,1,0,0.333333,0.3333,0.3333,0.3333,0,1,0.25,34491,石洺豪,Shi Minghao,5,,,1003321308,中国U17,PG,,,控球后卫,20039,CBDL,200809,2025-26,2025,3.213,2.1333,,,,,,,,,
CBDL,CBDL,4048,67.5,4,P&R-Ball-Handler,4,0.6667,6,2,1,1,1,1,0,1,0,1,2,0.5,0.5,0.25,0.25,0.3333,0,0,34491,石洺豪,Shi Minghao,5,,,1003321308,中国U17,PG,,,控球后卫,20039,CBDL,200809,2025-26,2025,4.8194,3.2,,,,,,,,,
CBDL,CBDL,4048,67.5,4,Spot-Up,25,1.5625,16,0,0,0,4,2,2,12,7,5,0,0.78125,0,0.25,0.75,0,0,0,34491,石洺豪,Shi Minghao,5,,,1003321308,中国U17,PG,,,控球后卫,20039,CBDL,200809,2025-26,2025,12.8518,8.5333,90.32,90.32,95.7,95.7,0,74.19,54.84,100,0
CBDL,CBDL,4048,67.5,4,Off-Screen,5,1.25,4,0,0,0,2,1,1,1,1,0,1,0.833333,0,0.6667,0.3333,0.25,0,0,34491,石洺豪,Shi Minghao,5,,,1003321308,中国U17,PG,,,控球后卫,20039,CBDL,200809,2025-26,2025,3.213,2.1333,,,,,,,,,
CBDL,CBDL,4048,67.5,4,Put-Backs,0,0,1,0,0,0,1,0,1,0,0,0,0,0,0,1,0,0,0,0,34491,石洺豪,Shi Minghao,5,,,1003321308,中国U17,PG,,,控球后卫,20039,CBDL,200809,2025-26,2025,0.8032,0.5333,,,,,,,,,
CBDL,CBDL,4048,67.5,4,Miscellaneous,3,1.5,2,0,0,0,0,0,0,1,1,0,1,1.5,0,0,1,0.5,0,0,34491,石洺豪,Shi Minghao,5,,,1003321308,中国U17,PG,,,控球后卫,20039,CBDL,200809,2025-26,2025,1.6065,1.0667,,,,,,,,,
CBDL,CBDL,8041,134,6,Transition,17,1.2143,14,5,3,2,2,1,1,3,2,1,2,0.7,0.5,0.2,0.3,0.1429,2,0.1429,34577,陈昱休,Chen Yuxiu,6,,,1003321308,中国U17,SG,,,得分后卫,20039,CBDL,200809,2025-26,2025,5.2999,3.7612,33.9,33.9,61.02,61.02,13.56,79.66,74.58,32.2,57.63
CBDL,CBDL,8041,134,6,P&R-Ball-Handler,22,1,22,2,2,0,5,1,4,9,5,4,5,0.65625,0.125,0.3125,0.5625,0.2273,1,0.0455,34577,陈昱休,Chen Yuxiu,6,,,1003321308,中国U17,SG,,,得分后卫,20039,CBDL,200809,2025-26,2025,8.3284,5.9104,61.36,61.36,86.36,93.18,22.73,25,93.18,40.91,27.27
CBDL,CBDL,8041,134,6,Isolation,5,1,5,2,1,1,0,0,0,3,1,2,0,0.5,0.4,0,0.6,0,0,0,34577,陈昱休,Chen Yuxiu,6,,,1003321308,中国U17,SG,,,得分后卫,20039,CBDL,200809,2025-26,2025,1.8928,1.3433,,,,,,,,,
CBDL,CBDL,8041,134,6,Spot-Up,6,0.75,8,0,0,0,1,0,1,7,2,5,0,0.375,0,0.125,0.875,0,0,0,34577,陈昱休,Chen Yuxiu,6,,,1003321308,中国U17,SG,,,得分后卫,20039,CBDL,200809,2025-26,2025,3.0285,2.1493,,,,,,,,,
CBDL,CBDL,8041,134,6,Off-Screen,2,0.5,4,1,1,0,1,0,1,2,0,2,0,0.25,0.25,0.25,0.5,0,0,0,34577,陈昱休,Chen Yuxiu,6,,,1003321308,中国U17,SG,,,得分后卫,20039,CBDL,200809,2025-26,2025,1.5143,1.0746,,,,,,,,,
CBDL,CBDL,8041,134,6,Hand-Off,6,2,3,1,0,1,0,0,0,2,2,0,0,1,0.3333,0,0.6667,0,0,0,34577,陈昱休,Chen Yuxiu,6,,,1003321308,中国U17,SG,,,得分后卫,20039,CBDL,200809,2025-26,2025,1.1357,0.806,,,,,,,,,
CBDL,CBDL,8041,134,6,Cut,2,2,1,1,1,0,0,0,0,0,0,0,0,1,1,0,0,0,0,0,34577,陈昱休,Chen Yuxiu,6,,,1003321308,中国U17,SG,,,得分后卫,20039,CBDL,200809,2025-26,2025,0.3786,0.2687,,,,,,,,,
CBDL,CBDL,8041,134,6,Miscellaneous,0,0,2,0,0,0,0,0,0,0,0,0,2,0,0,0,0,1,0,0,34577,陈昱休,Chen Yuxiu,6,,,1003321308,中国U17,SG,,,得分后卫,20039,CBDL,200809,2025-26,2025,0.7571,0.5373,,,,,,,,,
CBDL,CBDL,3880,64.7,5,Transition,0,0,3,0,0,0,0,0,0,3,0,3,0,0,0,0,1,0,0,0,82404,杨子默,Yang Zimo,7,,,1003321308,中国U17,SG,,,得分后卫,20039,CBDL,200809,2025-26,2025,2.3613,1.6692,,,,,,,,,
CBDL,CBDL,3880,64.7,5,Spot-Up,19,1,19,0,0,0,3,2,1,15,5,10,1,0.527778,0,0.1667,0.8333,0.0526,0,0,82404,杨子默,Yang Zimo,7,,,1003321308,中国U17,SG,,,得分后卫,20039,CBDL,200809,2025-26,2025,14.9547,10.5719,94.62,94.62,74.19,76.34,0,49.46,80.65,63.44,0
CBDL,CBDL,3880,64.7,5,Off-Screen,0,0,2,1,0,1,0,0,0,1,0,1,0,0,0.5,0,0.5,0,0,0,82404,杨子默,Yang Zimo,7,,,1003321308,中国U17,SG,,,得分后卫,20039,CBDL,200809,2025-26,2025,1.5742,1.1128,,,,,,,,,
CBDL,CBDL,3880,64.7,5,Hand-Off,0,0,1,0,0,0,1,0,1,0,0,0,0,0,0,1,0,0,0,0,82404,杨子默,Yang Zimo,7,,,1003321308,中国U17,SG,,,得分后卫,20039,CBDL,200809,2025-26,2025,0.7871,0.5564,,,,,,,,,
CBDL,CBDL,3880,64.7,5,P&R-Roll-Man,3,3,1,0,0,0,0,0,0,1,1,0,0,1.5,0,0,1,0,0,0,82404,杨子默,Yang Zimo,7,,,1003321308,中国U17,SG,,,得分后卫,20039,CBDL,200809,2025-26,2025,0.7871,0.5564,,,,,,,,,
CBDL,CBDL,1998,33.3,2,Transition,4,1,4,3,2,1,0,0,0,0,0,0,1,0.666667,1,0,0,0.25,0,0,34506,齐鹏帆,Qi Pengfan,8,,,1003321308,中国U17,SG,,,得分后卫,20039,CBDL,200809,2025-26,2025,6.2173,4.3243,,,,,,,,,
CBDL,CBDL,1998,33.3,2,P&R-Ball-Handler,2,2,1,0,0,0,1,1,0,0,0,0,0,1,0,1,0,0,0,0,34506,齐鹏帆,Qi Pengfan,8,,,1003321308,中国U17,SG,,,得分后卫,20039,CBDL,200809,2025-26,2025,1.5543,1.0811,,,,,,,,,
CBDL,CBDL,1998,33.3,2,Spot-Up,6,0.6,10,0,0,0,3,0,3,7,2,5,0,0.3,0,0.3,0.7,0,0,0,34506,齐鹏帆,Qi Pengfan,8,,,1003321308,中国U17,SG,,,得分后卫,20039,CBDL,200809,2025-26,2025,15.5432,10.8108,96.77,96.77,16.13,17.2,0,81.72,46.24,100,0
CBDL,CBDL,1998,33.3,2,Miscellaneous,0,0,1,0,0,0,0,0,0,0,0,0,1,0,0,0,0,1,0,0,34506,齐鹏帆,Qi Pengfan,8,,,1003321308,中国U17,SG,,,得分后卫,20039,CBDL,200809,2025-26,2025,1.5543,1.0811,,,,,,,,,
CBDL,CBDL,549,9.2,1,Spot-Up,3,1.5,2,0,0,0,1,0,1,1,1,0,0,0.75,0,0.5,0.5,0,0,0,34297,李雨泽,Li Yuze,9,,,1003321308,中国U17,SG,,,得分后卫,20039,CBDL,200809,2025-26,2025,10.9981,7.8261,,,,,,,,,
CBDL,CBDL,549,9.2,1,Off-Screen,2,1,2,0,0,0,0,0,0,1,0,1,0,0,0,0,1,0,1,0.5,34297,李雨泽,Li Yuze,9,,,1003321308,中国U17,SG,,,得分后卫,20039,CBDL,200809,2025-26,2025,10.9981,7.8261,,,,,,,,,
CBDL,CBDL,549,9.2,1,Hand-Off,0,0,2,0,0,0,1,0,1,1,0,1,0,0,0,0.5,0.5,0,0,0,34297,李雨泽,Li Yuze,9,,,1003321308,中国U17,SG,,,得分后卫,20039,CBDL,200809,2025-26,2025,10.9981,7.8261,,,,,,,,,
CBDL,CBDL,5726,95.4,6,Transition,0,0,4,1,0,1,0,0,0,2,0,2,1,0,0.3333,0,0.6667,0.25,0,0,82168,涂瀚之,Tu Hanzhi,10,,,1003321308,中国U17,SF,,,小前锋,20039,CBDL,200809,2025-26,2025,2.1255,1.5094,,,,,,,,,
CBDL,CBDL,5726,95.4,6,P&R-Ball-Handler,0,0,1,0,0,0,1,0,1,0,0,0,0,0,0,1,0,0,0,0,82168,涂瀚之,Tu Hanzhi,10,,,1003321308,中国U17,SF,,,小前锋,20039,CBDL,200809,2025-26,2025,0.5314,0.3774,,,,,,,,,
CBDL,CBDL,5726,95.4,6,Isolation,0,0,1,0,0,0,0,0,0,0,0,0,1,0,0,0,0,1,0,0,82168,涂瀚之,Tu Hanzhi,10,,,1003321308,中国U17,SF,,,小前锋,20039,CBDL,200809,2025-26,2025,0.5314,0.3774,,,,,,,,,
CBDL,CBDL,5726,95.4,6,Spot-Up,12,1,12,0,0,0,1,1,0,7,2,5,2,0.5,0,0.125,0.875,0.1667,2,0.1667,82168,涂瀚之,Tu Hanzhi,10,,,1003321308,中国U17,SF,,,小前锋,20039,CBDL,200809,2025-26,2025,6.3764,4.5283,29.03,25.81,74.19,67.74,0,36.56,89.25,9.68,94.62
CBDL,CBDL,5726,95.4,6,Hand-Off,0,0,1,0,0,0,0,0,0,0,0,0,1,0,0,0,0,1,0,0,82168,涂瀚之,Tu Hanzhi,10,,,1003321308,中国U17,SF,,,小前锋,20039,CBDL,200809,2025-26,2025,0.5314,0.3774,,,,,,,,,
CBDL,CBDL,5726,95.4,6,Put-Backs,4,2,2,1,1,0,1,1,0,0,0,0,0,1,0.5,0.5,0,0,0,0,82168,涂瀚之,Tu Hanzhi,10,,,1003321308,中国U17,SF,,,小前锋,20039,CBDL,200809,2025-26,2025,1.0627,0.7547,,,,,,,,,
CBDL,CBDL,5726,95.4,6,Miscellaneous,4,1.3333,3,1,1,0,0,0,0,0,0,0,1,1,1,0,0,0.3333,1,0.3333,82168,涂瀚之,Tu Hanzhi,10,,,1003321308,中国U17,SF,,,小前锋,20039,CBDL,200809,2025-26,2025,1.5941,1.1321,,,,,,,,,
CBDL,CBDL,5488,91.5,4,Transition,11,1,11,6,4,2,0,0,0,3,1,2,2,0.611111,0.6667,0,0.3333,0.1818,0,0,82212,张淳智,Zhang Chunzhi,11,,,1003321308,中国U17,SF,,,小前锋,20039,CBDL,200809,2025-26,2025,6.3598,4.3279,62.71,64.41,35.59,45.76,45.76,0,79.66,25.42,0
CBDL,CBDL,5488,91.5,4,Isolation,0,0,1,1,0,1,0,0,0,0,0,0,0,0,1,0,0,0,0,0,82212,张淳智,Zhang Chunzhi,11,,,1003321308,中国U17,SF,,,小前锋,20039,CBDL,200809,2025-26,2025,0.5782,0.3934,,,,,,,,,
CBDL,CBDL,5488,91.5,4,Spot-Up,22,1.1579,19,1,1,0,2,1,1,14,5,9,1,0.558824,0.0588,0.1176,0.8235,0.0526,1,0.0526,82212,张淳智,Zhang Chunzhi,11,,,1003321308,中国U17,SF,,,小前锋,20039,CBDL,200809,2025-26,2025,10.9852,7.4754,87.1,87.1,84.95,77.42,34.41,30.11,78.49,63.44,61.29
CBDL,CBDL,5488,91.5,4,Off-Screen,0,0,1,0,0,0,1,0,1,0,0,0,0,0,0,1,0,0,0,0,82212,张淳智,Zhang Chunzhi,11,,,1003321308,中国U17,SF,,,小前锋,20039,CBDL,200809,2025-26,2025,0.5782,0.3934,,,,,,,,,
CBDL,CBDL,5488,91.5,4,Hand-Off,2,2,1,1,1,0,0,0,0,0,0,0,0,1,1,0,0,0,0,0,82212,张淳智,Zhang Chunzhi,11,,,1003321308,中国U17,SF,,,小前锋,20039,CBDL,200809,2025-26,2025,0.5782,0.3934,,,,,,,,,
CBDL,CBDL,5488,91.5,4,Put-Backs,6,2,3,2,2,0,0,0,0,0,0,0,0,1,1,0,0,0,1,0.3333,82212,张淳智,Zhang Chunzhi,11,,,1003321308,中国U17,SF,,,小前锋,20039,CBDL,200809,2025-26,2025,1.7345,1.1803,,,,,,,,,
CBDL,CBDL,5488,91.5,4,Miscellaneous,0,0,3,0,0,0,0,0,0,0,0,0,3,0,0,0,0,1,0,0,82212,张淳智,Zhang Chunzhi,11,,,1003321308,中国U17,SF,,,小前锋,20039,CBDL,200809,2025-26,2025,1.7345,1.1803,,,,,,,,,
CBDL,CBDL,2727,45.5,3,Transition,2,0.6667,3,2,1,1,0,0,0,1,0,1,0,0.333333,0.6667,0,0.3333,0,0,0,34995,吕飞燕,Lv Feiyan,12,,,1003321308,中国U17,SF,,,小前锋,20039,CBDL,200809,2025-26,2025,3.4129,2.3736,,,,,,,,,
CBDL,CBDL,2727,45.5,3,P&R-Ball-Handler,0,0,4,1,0,1,2,0,2,1,0,1,0,0,0.25,0.5,0.25,0,0,0,34995,吕飞燕,Lv Feiyan,12,,,1003321308,中国U17,SF,,,小前锋,20039,CBDL,200809,2025-26,2025,4.5505,3.1648,,,,,,,,,
CBDL,CBDL,2727,45.5,3,Spot-Up,5,0.8333,6,1,1,0,1,0,1,3,1,2,1,0.5,0.2,0.2,0.6,0.1667,0,0,34995,吕飞燕,Lv Feiyan,12,,,1003321308,中国U17,SF,,,小前锋,20039,CBDL,200809,2025-26,2025,6.8257,4.7473,,,,,,,,,
CBDL,CBDL,2727,45.5,3,Off-Screen,3,3,1,1,1,0,0,0,0,0,0,0,0,1,1,0,0,0,0,0,34995,吕飞燕,Lv Feiyan,12,,,1003321308,中国U17,SF,,,小前锋,20039,CBDL,200809,2025-26,2025,1.1376,0.7912,,,,,,,,,
CBDL,CBDL,2727,45.5,3,Hand-Off,0,0,1,0,0,0,0,0,0,0,0,0,0,0,0,0,0,0,1,1,34995,吕飞燕,Lv Feiyan,12,,,1003321308,中国U17,SF,,,小前锋,20039,CBDL,200809,2025-26,2025,1.1376,0.7912,,,,,,,,,
CBDL,CBDL,2727,45.5,3,Miscellaneous,0,0,2,0,0,0,0,0,0,0,0,0,1,0,0,0,0,0.5,1,0.5,34995,吕飞燕,Lv Feiyan,12,,,1003321308,中国U17,SF,,,小前锋,20039,CBDL,200809,2025-26,2025,2.2752,1.5824,,,,,,,,,
CBDL,CBDL,9658,161,6,Transition,30,1.25,24,14,12,2,3,1,2,2,1,1,4,0.763158,0.7368,0.1579,0.1053,0.1667,1,0.0417,36317,张懿赵杰,Zhang Yizhaojie,13,,,1003321308,中国U17,PF,,,大前锋,20039,CBDL,200809,2025-26,2025,7.8419,5.3665,86.44,86.44,67.8,77.97,57.63,69.49,32.2,28.81,18.64
CBDL,CBDL,9658,161,6,P&R-Ball-Handler,0,0,1,0,0,0,0,0,0,0,0,0,1,0,0,0,0,1,0,0,36317,张懿赵杰,Zhang Yizhaojie,13,,,1003321308,中国U17,PF,,,大前锋,20039,CBDL,200809,2025-26,2025,0.3267,0.2236,,,,,,,,,
CBDL,CBDL,9658,161,6,Isolation,2,0.6667,3,0,0,0,2,1,1,1,0,1,0,0.333333,0,0.6667,0.3333,0,0,0,36317,张懿赵杰,Zhang Yizhaojie,13,,,1003321308,中国U17,PF,,,大前锋,20039,CBDL,200809,2025-26,2025,0.9802,0.6708,,,,,,,,,
CBDL,CBDL,9658,161,6,Post-Up,2,0.2857,7,2,0,2,3,1,2,0,0,0,2,0.2,0.4,0.6,0,0.2857,0,0,36317,张懿赵杰,Zhang Yizhaojie,13,,,1003321308,中国U17,PF,,,大前锋,20039,CBDL,200809,2025-26,2025,2.2872,1.5652,,,,,,,,,
CBDL,CBDL,9658,161,6,Spot-Up,22,0.6875,32,3,1,2,3,1,2,22,6,16,4,0.392857,0.1071,0.1071,0.7857,0.125,0,0,36317,张懿赵杰,Zhang Yizhaojie,13,,,1003321308,中国U17,PF,,,大前锋,20039,CBDL,200809,2025-26,2025,10.4559,7.1553,82.8,81.72,23.66,38.71,51.61,26.88,67.74,22.58,0
CBDL,CBDL,9658,161,6,Off-Screen,0,0,2,1,0,1,1,0,1,0,0,0,0,0,0.5,0.5,0,0,0,0,36317,张懿赵杰,Zhang Yizhaojie,13,,,1003321308,中国U17,PF,,,大前锋,20039,CBDL,200809,2025-26,2025,0.6535,0.4472,,,,,,,,,
CBDL,CBDL,9658,161,6,Hand-Off,0,0,1,0,0,0,0,0,0,1,0,1,0,0,0,0,1,0,0,0,36317,张懿赵杰,Zhang Yizhaojie,13,,,1003321308,中国U17,PF,,,大前锋,20039,CBDL,200809,2025-26,2025,0.3267,0.2236,,,,,,,,,
CBDL,CBDL,9658,161,6,Cut,10,1.1111,9,4,3,1,1,1,0,0,0,0,3,0.8,0.8,0.2,0,0.3333,1,0.1111,36317,张懿赵杰,Zhang Yizhaojie,13,,,1003321308,中国U17,PF,,,大前锋,20039,CBDL,200809,2025-26,2025,2.9407,2.0124,,,,,,,,,
CBDL,CBDL,9658,161,6,P&R-Roll-Man,4,0.3636,11,3,1,2,0,0,0,6,0,6,1,0.111111,0.3333,0,0.6667,0.0909,1,0.0909,36317,张懿赵杰,Zhang Yizhaojie,13,,,1003321308,中国U17,PF,,,大前锋,20039,CBDL,200809,2025-26,2025,3.5942,2.4596,16.67,16.67,8.33,8.33,16.67,0,83.33,58.33,50
CBDL,CBDL,9658,161,6,Put-Backs,14,1.5556,9,7,6,1,1,1,0,0,0,0,1,0.875,0.875,0.125,0,0.1111,0,0,36317,张懿赵杰,Zhang Yizhaojie,13,,,1003321308,中国U17,PF,,,大前锋,20039,CBDL,200809,2025-26,2025,2.9407,2.0124,,,,,,,,,
CBDL,CBDL,9658,161,6,Miscellaneous,0,0,3,0,0,0,1,0,1,1,0,1,1,0,0,0.5,0.5,0.3333,0,0,36317,张懿赵杰,Zhang Yizhaojie,13,,,1003321308,中国U17,PF,,,大前锋,20039,CBDL,200809,2025-26,2025,0.9802,0.6708,,,,,,,,,
CBDL,CBDL,2440,40.7,3,Transition,0,0,4,1,0,1,0,0,0,1,0,1,2,0,0.5,0,0.5,0.5,0,0,34608,孙陈鹏,Sun Chenpeng,14,,,1003321308,中国U17,SF,,,小前锋,20039,CBDL,200809,2025-26,2025,5.6918,3.5381,,,,,,,,,
CBDL,CBDL,2440,40.7,3,Spot-Up,6,1,6,0,0,0,1,0,1,5,2,3,0,0.5,0,0.1667,0.8333,0,0,0,34608,孙陈鹏,Sun Chenpeng,14,,,1003321308,中国U17,SF,,,小前锋,20039,CBDL,200809,2025-26,2025,8.5377,5.3071,,,,,,,,,
CBDL,CBDL,2440,40.7,3,Off-Screen,0,0,1,0,0,0,0,0,0,0,0,0,1,0,0,0,0,1,0,0,34608,孙陈鹏,Sun Chenpeng,14,,,1003321308,中国U17,SF,,,小前锋,20039,CBDL,200809,2025-26,2025,1.423,0.8845,,,,,,,,,
CBDL,CBDL,2440,40.7,3,Miscellaneous,0,0,1,0,0,0,0,0,0,0,0,0,1,0,0,0,0,1,0,0,34608,孙陈鹏,Sun Chenpeng,14,,,1003321308,中国U17,SF,,,小前锋,20039,CBDL,200809,2025-26,2025,1.423,0.8845,,,,,,,,,
CBDL,CBDL,2229,37.2,5,Transition,3,1.5,2,1,1,0,0,0,0,1,0,1,0,0.5,0.5,0,0.5,0,0,0,34538,刘玄昱,Liu Xuanyu,15,,,1003321308,中国U17,PF,,,大前锋,20039,CBDL,200809,2025-26,2025,2.7409,1.9355,,,,,,,,,
CBDL,CBDL,2229,37.2,5,Isolation,0,0,1,1,0,1,0,0,0,0,0,0,0,0,1,0,0,0,0,0,34538,刘玄昱,Liu Xuanyu,15,,,1003321308,中国U17,PF,,,大前锋,20039,CBDL,200809,2025-26,2025,1.3704,0.9677,,,,,,,,,
CBDL,CBDL,2229,37.2,5,Spot-Up,11,0.8462,13,1,0,1,1,1,0,9,3,6,2,0.5,0.0909,0.0909,0.8182,0.1538,0,0,34538,刘玄昱,Liu Xuanyu,15,,,1003321308,中国U17,PF,,,大前锋,20039,CBDL,200809,2025-26,2025,17.8158,12.5806,97.85,97.85,51.61,67.74,46.24,23.66,77.42,15.05,0
CBDL,CBDL,2229,37.2,5,Off-Screen,2,2,1,0,0,0,1,1,0,0,0,0,0,1,0,1,0,0,0,0,34538,刘玄昱,Liu Xuanyu,15,,,1003321308,中国U17,PF,,,大前锋,20039,CBDL,200809,2025-26,2025,1.3704,0.9677,,,,,,,,,
CBDL,CBDL,2229,37.2,5,Cut,4,1.3333,3,0,0,0,3,2,1,0,0,0,0,0.666667,0,1,0,0,0,0,34538,刘玄昱,Liu Xuanyu,15,,,1003321308,中国U17,PF,,,大前锋,20039,CBDL,200809,2025-26,2025,4.1113,2.9032,,,,,,,,,
CBDL,CBDL,2229,37.2,5,P&R-Roll-Man,2,2,1,0,0,0,1,1,0,0,0,0,0,1,0,1,0,0,0,0,34538,刘玄昱,Liu Xuanyu,15,,,1003321308,中国U17,PF,,,大前锋,20039,CBDL,200809,2025-26,2025,1.3704,0.9677,,,,,,,,,
CBDL,CBDL,2229,37.2,5,Miscellaneous,0,0,3,0,0,0,0,0,0,0,0,0,1,0,0,0,0,0.3333,2,0.6667,34538,刘玄昱,Liu Xuanyu,15,,,1003321308,中国U17,PF,,,大前锋,20039,CBDL,200809,2025-26,2025,4.1113,2.9032,,,,,,,,,
CBDL,CBDL,3004,50.1,5,Transition,2,0.3333,6,1,1,0,0,0,0,2,0,2,3,0.333333,0.3333,0,0.6667,0.5,0,0,34644,谢方煜,Xie Fangyu,16,,,1003321308,中国U17,PF,,,大前锋,20039,CBDL,200809,2025-26,2025,6.4048,4.3114,,,,,,,,,
CBDL,CBDL,3004,50.1,5,Spot-Up,6,0.8571,7,0,0,0,1,0,1,6,2,4,0,0.428571,0,0.1429,0.8571,0,0,0,34644,谢方煜,Xie Fangyu,16,,,1003321308,中国U17,PF,,,大前锋,20039,CBDL,200809,2025-26,2025,7.4722,5.0299,,,,,,,,,
CBDL,CBDL,3004,50.1,5,Cut,2,2,1,1,1,0,0,0,0,0,0,0,0,1,1,0,0,0,0,0,34644,谢方煜,Xie Fangyu,16,,,1003321308,中国U17,PF,,,大前锋,20039,CBDL,200809,2025-26,2025,1.0675,0.7186,,,,,,,,,
CBDL,CBDL,3004,50.1,5,P&R-Roll-Man,2,1,2,1,0,1,0,0,0,0,0,0,0,0,1,0,0,0,1,0.5,34644,谢方煜,Xie Fangyu,16,,,1003321308,中国U17,PF,,,大前锋,20039,CBDL,200809,2025-26,2025,2.1349,1.4371,,,,,,,,,
CBDL,CBDL,3004,50.1,5,Put-Backs,0,0,1,0,0,0,1,0,1,0,0,0,0,0,0,1,0,0,0,0,34644,谢方煜,Xie Fangyu,16,,,1003321308,中国U17,PF,,,大前锋,20039,CBDL,200809,2025-26,2025,1.0675,0.7186,,,,,,,,,
CBDL,CBDL,3004,50.1,5,Miscellaneous,0,0,3,0,0,0,0,0,0,0,0,0,3,0,0,0,0,1,0,0,34644,谢方煜,Xie Fangyu,16,,,1003321308,中国U17,PF,,,大前锋,20039,CBDL,200809,2025-26,2025,3.2024,2.1557,,,,,,,,,
CBDL,CBDL,4841,80.7,6,Transition,8,1.3333,6,3,2,1,1,1,0,0,0,0,0,0.75,0.75,0.25,0,0,2,0.3333,34991,张子一,Zhang Ziyi,17,,,1003321308,中国U17,C,,,中锋,20039,CBDL,200809,2025-26,2025,3.8319,2.6766,,,,,,,,,
CBDL,CBDL,4841,80.7,6,Post-Up,6,0.6667,9,3,1,2,1,0,1,0,0,0,2,0.25,0.75,0.25,0,0.2222,3,0.3333,34991,张子一,Zhang Ziyi,17,,,1003321308,中国U17,C,,,中锋,20039,CBDL,200809,2025-26,2025,5.7479,4.0149,,,,,,,,,
CBDL,CBDL,4841,80.7,6,Spot-Up,2,2,1,0,0,0,1,1,0,0,0,0,0,1,0,1,0,0,0,0,34991,张子一,Zhang Ziyi,17,,,1003321308,中国U17,C,,,中锋,20039,CBDL,200809,2025-26,2025,0.6387,0.4461,,,,,,,,,
CBDL,CBDL,4841,80.7,6,Cut,16,1.3333,12,10,6,4,0,0,0,0,0,0,0,0.6,1,0,0,0,2,0.1667,34991,张子一,Zhang Ziyi,17,,,1003321308,中国U17,C,,,中锋,20039,CBDL,200809,2025-26,2025,7.6639,5.3532,78.26,73.91,60.87,47.83,100,0,0,100,60.87
CBDL,CBDL,4841,80.7,6,P&R-Roll-Man,10,1.1111,9,6,4,2,2,1,1,0,0,0,1,0.625,0.75,0.25,0,0.1111,0,0,34991,张子一,Zhang Ziyi,17,,,1003321308,中国U17,C,,,中锋,20039,CBDL,200809,2025-26,2025,5.7479,4.0149,,,,,,,,,
CBDL,CBDL,4841,80.7,6,Put-Backs,19,1.1875,16,13,7,6,0,0,0,0,0,0,1,0.538462,1,0,0,0.0625,2,0.125,34991,张子一,Zhang Ziyi,17,,,1003321308,中国U17,C,,,中锋,20039,CBDL,200809,2025-26,2025,10.2185,7.1375,100,100,43.75,31.25,100,0,0,37.5,56.25
CBDL,CBDL,4841,80.7,6,Miscellaneous,0,0,1,0,0,0,0,0,0,0,0,0,1,0,0,0,0,1,0,0,34991,张子一,Zhang Ziyi,17,,,1003321308,中国U17,C,,,中锋,20039,CBDL,200809,2025-26,2025,0.6387,0.4461,,,,,,,,,
CBDL,CBDL,1497,25,3,Cut,2,2,1,0,0,0,1,1,0,0,0,0,0,1,0,1,0,0,0,0,34691,姚嘉泽,Yao Jiayi,18,,,1003321308,中国U17,C,,,中锋,20039,CBDL,200809,2025-26,2025,2.2041,1.44,,,,,,,,,
CBDL,CBDL,1497,25,3,P&R-Roll-Man,0,0,1,0,0,0,0,0,0,0,0,0,1,0,0,0,0,1,0,0,34691,姚嘉泽,Yao Jiayi,18,,,1003321308,中国U17,C,,,中锋,20039,CBDL,200809,2025-26,2025,2.2041,1.44,,,,,,,,,
CBDL,CBDL,1497,25,3,Put-Backs,2,0.6667,3,1,1,0,1,0,1,0,0,0,1,0.5,0.5,0.5,0,0.3333,0,0,34691,姚嘉泽,Yao Jiayi,18,,,1003321308,中国U17,C,,,中锋,20039,CBDL,200809,2025-26,2025,6.6123,4.32,,,,,,,,,
CBDL,CBDL,1497,25,3,Miscellaneous,0,0,1,0,0,0,0,0,0,0,0,0,1,0,0,0,0,1,0,0,34691,姚嘉泽,Yao Jiayi,18,,,1003321308,中国U17,C,,,中锋,20039,CBDL,200809,2025-26,2025,2.2041,1.44,,,,,,,,,
CBDL,CBDL,8052,134.2,6,Transition,3,0.75,4,3,1,2,0,0,0,1,0,1,0,0.25,0.75,0,0.25,0,0,0,34962,赵博新,Zhao Boxin,19,,,1003321308,中国U17,C,,,中锋,20039,CBDL,200809,2025-26,2025,1.5597,1.073,,,,,,,,,
CBDL,CBDL,8052,134.2,6,Post-Up,16,1.4545,11,6,5,1,3,2,1,0,0,0,2,0.777778,0.6667,0.3333,0,0.1818,0,0,34962,赵博新,Zhao Boxin,19,,,1003321308,中国U17,C,,,中锋,20039,CBDL,200809,2025-26,2025,4.2891,2.9508,33.33,33.33,100,100,33.33,33.33,0,50,0
CBDL,CBDL,8052,134.2,6,Spot-Up,3,1,3,0,0,0,1,0,1,2,1,1,0,0.5,0,0.3333,0.6667,0,0,0,34962,赵博新,Zhao Boxin,19,,,1003321308,中国U17,C,,,中锋,20039,CBDL,200809,2025-26,2025,1.1698,0.8048,,,,,,,,,
CBDL,CBDL,8052,134.2,6,Cut,20,1.3333,15,8,6,2,3,1,2,0,0,0,1,0.636364,0.7273,0.2727,0,0.0667,3,0.2,34962,赵博新,Zhao Boxin,19,,,1003321308,中国U17,C,,,中锋,20039,CBDL,200809,2025-26,2025,5.8488,4.0238,56.52,56.52,60.87,60.87,30.43,65.22,0,56.52,73.91
CBDL,CBDL,8052,134.2,6,P&R-Roll-Man,15,0.8333,18,12,7,5,3,0,3,2,0,2,1,0.411765,0.7059,0.1765,0.1176,0.0556,0,0,34962,赵博新,Zhao Boxin,19,,,1003321308,中国U17,C,,,中锋,20039,CBDL,200809,2025-26,2025,7.0186,4.8286,75,75,41.67,58.33,75,33.33,25,66.67,0
CBDL,CBDL,8052,134.2,6,Put-Backs,21,1.5,14,13,10,3,0,0,0,0,0,0,0,0.769231,1,0,0,0,1,0.0714,34962,赵博新,Zhao Boxin,19,,,1003321308,中国U17,C,,,中锋,20039,CBDL,200809,2025-26,2025,5.4589,3.7556,68.75,68.75,81.25,87.5,100,0,0,100,18.75
CBDL,CBDL,8052,134.2,6,Miscellaneous,7,1,7,1,1,0,0,0,0,2,1,1,3,0.833333,0.3333,0,0.6667,0.4286,1,0.1429,34962,赵博新,Zhao Boxin,19,,,1003321308,中国U17,C,,,中锋,20039,CBDL,200809,2025-26,2025,2.7295,1.8778,,,,,,,,,